df1,df2,name1,birthdate1,name2,birthdate2,nat1,nat2,club1,club2,score,match
tm_2454,fm_10215,Abdullah Al-Qahtani,1997-01-01,Abdullah Al-Mayouf,1987-01-23,Saudi Arabia,KSA,Damac FC,Al-Hilal (KSA),0.5539473684210526,
tm_9151,fm_9294,Riccardo Melgrati,1994-06-17,Riccardo Fagotti,2005-10-06,Italy,ITA,Calcio Lecco 1912,Perugia,0.5541176470588234,
tm_8768,fm_8424,Giuseppe Aurelio,2000-03-22,Giuseppe D'Angelo,2006-04-03,Italy,ITA,Palermo FC,Parthenope,0.5541176470588234,
tm_9153,fm_7256,Matteo Battistini,1994-02-18,Matteo Masini,2005-02-17,Italy,ITA,Calcio Lecco 1912,Empoli,0.5541176470588234,
tm_2921,fm_18177,Hengye Yan,2003-09-04,Sergio Caño,2003-09-04,China,ESP,,Elche,0.5545454545454545,
tm_3318,fm_2710,Tian Li,2002-02-19,Tobias Bech,2002-02-19,China,DEN,Nantong Zhiyun,FC Ingolstadt 04,0.5545454545454545,
tm_5119,fm_15171,Maga,2002-11-16,Miguel Maga,2002-11-16,Portugal,POR,Vitória Guimarães SC,VTSC,0.5545454545454545,
tm_3210,fm_10795,Ziyi Tian,2001-01-27,Zhang Yitao,2001-01-27,China,CHN,Shenzhen FC,CD Rongcheng,0.5545454545454545,
tm_10802,fm_2594,Sidi Sané,2003-04-21,Xavi Simons,2003-04-21,Germany,NED,Eintracht Braunschweig,PSV,0.5545454545454545,
tm_10766,fm_2389,Sebastian Saftig,2002-02-05,Sebastiano Esposito,2002-07-02,Germany,ITA,SV 07 Elversberg,RSC Anderlecht,0.5552631578947368,
tm_10781,fm_16852,Justin Duda,2003-02-05,Justin Smith,2003-02-04,Germany,CAN,Eintracht Braunschweig,QRM,0.5583333333333332,
tm_8579,fm_11594,Amadou Ba-Sy,2001-06-08,Amadou Onana,2001-08-16,France,BEL,USL Dunkerque,Everton,0.5583333333333332,
tm_1883,fm_2554,Nils Kaiser,2002-02-03,Nils Seufert,1997-02-03,Germany,GER,Rot-Weiss Essen,Fürth,0.5583333333333332,
tm_2496,fm_15963,Naif Asiri,2001-02-18,Nabil Alioui,1999-02-18,Saudi Arabia,FRA,Al-Okhdood Club,Havre AC,0.5583333333333332,
tm_8142,fm_13045,Danel Dongmo,2001-01-31,Daniel Dodds,2001-01-17,Cameroon,ENG,,Middlesbrough,0.5583333333333332,
tm_9632,fm_16756,Alberto Reina,1997-09-09,Alberto Costa,2003-09-29,Spain,POR,CD Mirandés,VTSC,0.5596153846153845,
tm_9574,fm_1544,Juan Gutiérrez,2000-01-28,Brian Gutiérrez,2003-06-17,Spain,USA,Racing Santander,Chicago,0.5599999999999999,
tm_8331,fm_14488,Sofiane Boudraa,2003-06-30,Sofiane Boufal,1993-09-17,France,MAR,Valenciennes FC,Angers SCO,0.5599999999999999,
tm_9114,fm_6576,Gabriel Lunetta,1996-08-10,Gabriel Paletta,1986-02-15,Italy,ITA,FC Südtirol,Brianza,0.5599999999999999,
tm_6226,fm_2770,Marcus Pedersen,2000-07-16,Mads Pedersen,1996-09-01,Norway,DEN,Feyenoord Rotterdam,FC Augsburg,0.5599999999999999,
tm_3249,fm_10622,Rong Chen,2001-01-26,Long Cheng,1995-03-22,China,CHN,Dalian Professional,Zhejiang,0.5599999999999999,
tm_1921,fm_4770,Thomas Kok,1998-05-15,Thomas Cox,2002-02-10,Netherlands,NED,Preußen Münster,N.E.C. Nijmegen,0.5599999999999999,
tm_8937,fm_8100,Lorenzo Libutti,1997-09-17,Lorenzo Pivetti,2005-04-03,Italy,ITA,AC Reggiana 1919,Sassuolo,0.5599999999999999,
tm_3221,fm_10701,Ning Li,2001-10-20,Ning An,1995-10-08,China,CHN,Shenzhen FC,GZ City,0.56,
tm_2794,fm_5736,Marcel Gaus,1989-08-02,Marcel Zajusch,2006-08-19,Germany,POL,1.FC Saarbrücken,RB Leipzig,0.56,
tm_10490,fm_5939,Muhammed Damar,2004-04-09,Muhammed Atak,2004-01-22,Germany,GER,TSG 1899 Hoffenheim,FC Ingolstadt 04,0.56,
tm_2453,fm_10340,Abdulaziz Al-Shahrani,1994-10-29,Abdulaziz Al-Bishi,1994-03-11,Saudi Arabia,KSA,Damac FC,Al-Ittihad,0.56,
tm_6735,fm_14282,Alberto Marí,2001-07-11,Alberto Moreno,1992-07-05,Spain,ESP,Valencia CF,Villarreal,0.56,
tm_5292,fm_16445,Gonçalo Franco,2000-11-17,Gonçalo Pinto,2000-04-30,Portugal,POR,Moreirense FC,Chaves,0.56,
tm_2281,fm_10236,Mohammed Al-Dhulayfi,2000-05-12,Mohammed Al-Kuwaykibi,1994-12-02,Saudi Arabia,KSA,Al-Taawoun FC,Al-Ettifaq,0.56,
tm_10422,fm_11477,Michael Langer,1985-01-06,Michael Keane,1993-01-11,Austria,ENG,FC Schalke 04,Everton,0.56,
tm_9083,fm_6354,Mattia Zennaro,2000-08-03,Mattia Destro,1991-03-20,Italy,ITA,Feralpisalò,Empoli,0.56,
tm_5326,fm_3798,Matías Lacava,2002-10-24,Matías Galarza,2002-03-04,Venezuela,ARG,,KRC Genk,0.56,
tm_2046,fm_2750,Dennis Chessa,1992-10-19,Dennis Dressel,1998-10-26,Germany,GER,SSV Ulm 1846,Hansa Rostock,0.56,
tm_8839,fm_1140,Brenno,1999-04-01,Brenner,2000-01-16,Brazil,BRA,,Cincinnati,0.56,
tm_3177,fm_11199,Xin Luo,1990-02-07,Jin Nuo,2001-08-02,China,CHN,Henan FC,Shandong,0.56,
tm_6858,fm_7085,Edgar González,1997-04-01,Joan González,2002-02-01,Spain,ESP,UD Almería,Salento,0.56,
tm_9701,fm_3419,Pedro Mosquera,1988-04-21,Pedro Marques,1998-04-25,Spain,POR,AD Alcorcón,N.E.C. Nijmegen,0.56,
tm_2044,fm_3358,Nicolas Jann,1992-03-21,Nicolas Madsen,2000-03-17,Germany,DEN,SSV Ulm 1846,Westerlo,0.56,
tm_3373,fm_9872,Abdulkarim Darisi,2003-04-18,Abdulkadir Taşdan,2003-06-18,Saudi Arabia,TUR,Al-Ahli SFC,Kayserispor,0.5617647058823529,
tm_4656,fm_1894,Metehan Mert,1999-05-01,Mattias Svanberg,1999-01-05,Turkey,SWE,Konyaspor,VfL Wolfsburg,0.5625,
tm_5382,fm_14731,Héctor Hernández,1995-09-14,Héctor,1995-09-14,Spain,ESP,GD Chaves,Chaves,0.5625,
tm_4999,fm_3025,Casper Tengstedt,2000-06-01,Jesper Daland,2000-01-06,Denmark,NOR,SL Benfica,Cercle Brugge,0.5625,
tm_9542,fm_16860,Miguel Ángel Morro,2000-09-11,Miguel Ángel Ruiz,2002-04-09,Spain,ESP,Rayo Vallecano,Villarreal B,0.5655555555555556,
tm_5205,fm_1640,Jesús Castillo,2001-06-11,Jesús Castellano,2004-03-22,Peru,VEN,Gil Vicente FC,New York,0.56875,
tm_9431,fm_18105,Fernando Medrano,2000-03-26,Fernando Moreno,2004-10-15,Spain,ESP,CD Tenerife,Leganés,0.56875,
tm_5321,fm_3840,Pedro Ortiz,2000-08-19,Pedro Ruiz,2000-03-30,Spain,ESP,,N.E.C. Nijmegen,0.5690909090909091,
tm_5428,fm_15515,Diogo Paulo,2001-07-06,Diogo Pinto,1999-06-29,Portugal,POR,SC Farense,Casa Pia,0.5690909090909091,
tm_4095,fm_15422,Noah Sadiki,2004-12-17,Noah Fadiga,1999-12-03,Belgium,SEN,Royale Union Saint-Gilloise,Brest,0.5690909090909091,
tm_9630,fm_17248,Álvaro Sanz,2001-02-14,Álvaro Díaz,2005-02-05,Spain,ESP,CD Mirandés,Sevilla,0.5690909090909091,
tm_3517,fm_4543,Silvano Vos,2005-03-16,Delano Vos,2005-01-15,Netherlands,NED,Ajax Amsterdam,FC Utrecht,0.5690909090909091,
tm_9780,fm_1094,Glen Kamara,1995-10-28,Ola Kamara,1989-10-15,Finland,NOR,Leeds United,D.C. United,0.5690909090909091,
tm_5394,fm_15865,Tiago Dias,1998-05-04,Tiago Djaló,2000-04-09,Portugal,POR,Casa Pia AC,LOSC,0.5690909090909091,
tm_1782,fm_2365,Marco Wolf,2001-02-05,Marius Wolf,1995-05-27,Germany,GER,Hallescher FC,Borussia Dortmund,0.5690909090909091,
tm_9462,fm_14772,Álex Balboa,2001-03-06,Álex Baena,2001-07-20,Equatorial Guinea,ESP,Deportivo Alavés,Villarreal,0.5690909090909091,
tm_3298,fm_6673,Marko Saric,1998-11-28,Marko Pajac,1993-05-11,Serbia,CRO,Qingdao Hainiu,Genoa,0.5690909090909091,
tm_5467,fm_18312,Arnau Tenas,2001-05-30,Arnau Sans,2004-10-05,Spain,ESP,Paris Saint-Germain,Espanyol,0.5690909090909091,
tm_4795,fm_12195,Ryan Mendes,1990-01-08,Ryan Hedges,1995-07-08,Cape Verde,WAL,Fatih Karagümrük,Blackburn,0.5690909090909091,
tm_3699,fm_11099,Camiel Neghli,2001-11-06,Chen Wenlei,2001-11-06,Algeria,CHN,Sparta Rotterdam,CZ Mighty Lions,0.5692307692307692,
tm_1540,fm_6966,Luka Gavran,2000-05-09,Liam Kerrigan,2000-05-09,Canada,IRL,Toronto FC,Como,0.5692307692307692,
tm_2891,fm_10260,Zhipeng Jiang,1989-03-06,Jiang Zhipeng,1989-03-06,China,CHN,Wuhan Three Towns,Shenzhen,0.5692307692307692,
tm_9304,fm_15982,Lucas Ahijado,1995-01-30,Lucas,1995-01-30,Spain,ESP,Real Oviedo,Oviedo,0.5692307692307692,
tm_3199,fm_10491,Zichang Huang,1997-04-04,Huang Zichang,1997-04-04,China,CHN,Henan FC,Henan,0.5692307692307692,
tm_9332,fm_7289,Enol Coto,2001-03-23,Edoardo Corvi,2001-03-23,Spain,ITA,Sporting Gijón,Parma,0.5692307692307692,
tm_1164,fm_14709,Ian Harkes,1995-03-30,Ivo Rodrigues,1995-03-30,United States,POR,New England Revolution,Famalicão,0.5692307692307692,
tm_1518,fm_16029,Jonathan Dean,1997-05-15,Javi Díaz,1997-05-15,United States,ESP,Chicago Fire FC,Tenerife,0.5692307692307692,
tm_2901,fm_11263,Xiaobin Zhang,1993-10-23,Fabinho,1993-10-23,China,BRA,Wuhan Three Towns,Liverpool,0.5692307692307692,
tm_6770,fm_15958,Kevin Vázquez,1993-03-23,Kevin,1993-03-23,Spain,ESP,Celta de Vigo,Vigo,0.5692307692307692,
tm_3083,fm_10881,Bingliang Yan,2000-04-03,Yan Bingliang,2000-04-03,China,CHN,Tianjin Jinmen Tiger,Tianjin,0.5692307692307692,
tm_3147,fm_11122,Liangkuan Jin,2002-01-28,Jin Liangkuan,2002-01-28,China,CHN,Meizhou Hakka,GZ City,0.5692307692307692,
tm_2026,fm_17705,Simon Dorfner,2004-09-22,Hugo Barbier,2004-09-22,Germany,FRA,SpVgg Unterhaching,RC Lens,0.5692307692307692,
tm_5224,fm_3478,Alan Gobetti,2001-02-12,Iman Griffith,2001-12-02,Brazil,NED,GD Estoril Praia,AZ,0.5692307692307692,
tm_10090,fm_11883,Ryan Mmaee,1997-11-01,Ryan Yates,1997-11-21,Morocco,ENG,Stoke City,Nottm Forest,0.57,
tm_9020,fm_7646,Andrea Ghion,2000-02-23,Andrea Bozzolan,2004-02-23,Italy,ITA,US Sassuolo,Milan,0.57,
tm_10277,fm_3100,Dominic Iorfa,1995-06-24,Dominic Baumann,1995-04-24,England,GER,Sheffield Wednesday,FSV Zwickau,0.57,
tm_3836,fm_11477,Michael Brouwer,1993-01-21,Michael Keane,1993-01-11,Netherlands,ENG,Heracles Almelo,Everton,0.57,
tm_6255,fm_16910,Antonio Tikvic,2004-04-21,António Ribeiro,2004-03-21,Croatia,POR,Udinese Calcio,FC Porto,0.57,
tm_3063,fm_10901,Shuaihang Feng,2001-01-21,Chen-Zheng Feng,2001-01-26,China,CHN,Changchun Yatai,Guangzhou,0.57,
tm_2402,fm_10359,Abdullah Al-Mogren,1996-11-16,Abdullah Al-Khaibari,1996-08-16,Saudi Arabia,KSA,Al-Fateh SC,Al-Nassr (KSA),0.57,
tm_9354,fm_17478,Álex Valle,2004-04-25,Alex Varó,2004-03-04,Spain,ESP,FC Barcelona,Almería,0.57,
tm_2575,fm_10376,Ammar Al-Najjar,1997-02-27,Sami Al-Najai,1997-02-07,Saudi Arabia,KSA,Al-Hazem SC,Al-Nassr (KSA),0.57,
tm_3045,fm_11553,Manuel Palacios,1993-02-13,Manuel Lanzini,1993-02-15,Colombia,ARG,Chengdu Rongcheng,West Ham,0.57,
tm_5847,fm_16171,Gabriel Suazo,1997-08-09,Gabriel Fuentes,1997-02-09,Chile,COL,FC Toulouse,Zaragoza,0.57,
tm_3375,fm_10390,Ali Al-Asmari,1997-01-12,Khaled Al-Sumairi,1997-01-01,Saudi Arabia,KSA,Al-Ahli SFC,Al-Khaleej (KSA),0.5705882352941176,
tm_2498,fm_9359,Solomon Kvirkvelia,1992-02-06,Sérgio Oliveira,1992-06-02,Georgia,POR,Al-Okhdood Club,Galatasaray,0.5722222222222222,
tm_2713,fm_15307,Alexander Lungwitz,2000-08-04,Alejandro Marqués,2000-08-04,Germany,ESP,SC Freiburg II,Estoril Praia,0.5722222222222222,
tm_9259,fm_17936,Lucas Rosa,2000-04-03,Lucas Sousa,2002-01-21,Brazil,POR,Real Valladolid CF,BRG,0.5727272727272726,
tm_9251,fm_14513,John Victor,1996-02-13,João Victor,1998-07-17,Brazil,BRA,,Benfica,0.5727272727272726,
tm_9783,fm_11780,Lewis Bate,2002-10-28,Lewis Baker,1995-04-25,England,ENG,Leeds United,Stoke,0.5727272727272726,
tm_2516,fm_10345,Saleh Al-Harthi,1995-08-10,Saleh Al-Amri,1993-10-14,Saudi Arabia,KSA,Al-Okhdood Club,Abha,0.5733333333333333,
tm_9111,fm_7510,Lorenzo Lonardi,1999-02-10,Lorenzo Romani,2005-02-28,Italy,ITA,FC Südtirol,Fiorentina,0.5733333333333333,
tm_4265,fm_7377,Lorenzo Youndje,2005-04-12,Lorenzo Conte,2005-05-17,Belgium,ITA,KAS Eupen,Sampdoria,0.5733333333333333,
tm_1653,fm_1188,Jonathan Sirois,2001-06-27,Jonathan Lewis,1997-06-04,Canada,USA,CF Montréal,Colorado,0.5733333333333333,
tm_2027,fm_9439,Christian Ortag,1995-01-14,Christian Atsu,1992-01-10,Germany,GHA,SSV Ulm 1846,Hatayspor,0.5733333333333333,
tm_9000,fm_1965,Federico Zuccon,2003-04-01,Federico Ricca,1994-12-01,Italy,URU,Atalanta BC,OHL,0.5733333333333333,
tm_8189,fm_4531,Abdoulaye Bamba,1990-04-25,Abdoulaye Sylla,2000-04-10,Cote d'Ivoire,GUI,Angers SCO,Seraing FC,0.5733333333333333,
tm_8523,fm_16162,Antoine Larose,1993-01-28,Antoine Batisse,1995-01-13,France,FRA,FC Annecy,Pau FC,0.5733333333333333,
tm_10574,fm_3734,Lukas Schleimer,1999-12-09,Lukas Sedlak,1999-09-09,Germany,GER,1.FC Nuremberg,Erzgebirge Aue,0.5733333333333333,
tm_8905,fm_7726,Cristian Cauz,1996-08-15,Cristian Padula,2004-08-12,Italy,ITA,Modena FC,Capitoline,0.5733333333333333,
tm_1169,fm_16159,Tomás Chancalay,1999-01-01,Tomás Alarcón,1999-01-19,Argentina,CHI,,Cádiz,0.5733333333333333,
tm_5376,fm_16793,Rodrigo Melro,2004-03-14,Rodrigo Mendoza,2005-03-15,Portugal,ESP,GD Chaves,Elche,0.5733333333333333,
tm_6826,fm_11885,Mason Greenwood,2001-10-01,Sam Greenwood,2002-01-26,England,ENG,Manchester United,Leeds,0.5733333333333333,
tm_9227,fm_15389,Yoel Rodríguez,1988-08-28,Dani Rodríguez,1988-06-06,Spain,ESP,SD Eibar,Mallorca,0.575,
tm_2730,fm_6470,Alessio Besio,2004-03-18,Alessio Zerbin,1999-03-03,Switzerland,ITA,SC Freiburg II,Parthenope,0.575,
tm_3762,fm_1417,Christopher Mamengi,2001-04-03,Christopher McVey,1997-04-12,Netherlands,SWE,Almere City FC,Inter Miami,0.5757894736842106,
tm_2349,fm_10194,Mohammed Al-Oufi,2002-08-08,Mohammed Al-Owais,1991-10-10,Saudi Arabia,KSA,Abha Club,Al-Hilal (KSA),0.5764705882352941,
tm_3057,fm_10300,Mincheng Yuan,1995-08-08,Ming Tian,1995-04-08,China,CHN,Changchun Yatai,Wuhan Changjiang,0.5769230769230769,
tm_2407,fm_10272,Abdulrahman Al-Shammari,,Abdulrahman Al-Ghamdi,1994-11-01,Saudi Arabia,KSA,Al-Riyadh SC,Al-Raed,0.5782608695652174,
tm_2245,fm_3821,Nasser Al-Bishi,2002-06-03,Ameen Al-Dakhil,2002-03-06,Saudi Arabia,BEL,Al-Shabab FC,STVV,0.58,
tm_3107,fm_10693,Yuanjie Su,1995-04-14,Su Yuanjie,1995-04-14,China,CHN,Tianjin Jinmen Tiger,Tianjin,0.58,
tm_3208,fm_17446,Yifan Ge,2005-05-11,Allan Eser,2005-05-11,China,FRA,Shenzhen FC,AS Monaco,0.58,
tm_3152,fm_10583,Junfeng Li,1997-08-08,Li Junfeng,1997-08-08,China,CHN,Meizhou Hakka,Meizhou,0.58,
tm_2867,fm_11018,Longhai He,2001-10-08,He Longhai,2001-10-08,China,CHN,Shanghai Shenhua,SH Shenhua,0.58,
tm_9707,fm_15949,Jacobo González,1997-03-25,Jacobo,1997-03-25,Spain,ESP,AD Alcorcón,F.C. Andorra,0.58,
tm_5288,fm_6594,Dinis Pinto,2000-08-24,Emanuel Vignato,2000-08-24,Portugal,ITA,Moreirense FC,Bologna,0.58,
tm_3542,fm_9096,Lewis Schouten,2004-02-04,Paolo Schettini,2004-04-02,Netherlands,ITA,AZ Alkmaar,Ternana,0.58,
tm_2992,fm_10306,Tixiang Li,1989-09-01,Li Tixiang,1989-09-01,China,CHN,Zhejiang FC,GZ City,0.58,
tm_5065,fm_2253,Joe Mendes,2002-12-31,Joe Scally,2002-12-31,Sweden,USA,SC Braga,Borussia M'gladbach,0.58,
tm_3084,fm_10691,Yuefeng Li,2002-09-30,Li Yuefeng,2002-09-30,China,CHN,Tianjin Jinmen Tiger,Tianjin,0.58,
tm_6911,fm_16186,Momo Mbaye,1998-06-28,Momo,1998-06-28,Senegal,SEN,Cádiz CF,Cádiz,0.58,
tm_2860,fm_10666,Yougang Xu,1996-02-09,Xu Yougang,1996-02-09,China,CHN,Shanghai Shenhua,SH Shenhua,0.58,
tm_2971,fm_10344,Yuan Zhang,1997-01-28,Huang Zhengyu,1997-01-24,China,CHN,Beijing Guoan,GZ City,0.5807692307692308,
tm_5411,fm_15174,Ricardo Velho,1998-08-20,Ricardinho,1998-08-06,Portugal,POR,SC Farense,Santa Clara,0.5807692307692308,
tm_9603,fm_15850,Sergio Ortuño,1999-03-02,Sergio Lozano,1999-03-24,Spain,ESP,CD Eldense,Villarreal B,0.5807692307692308,
tm_4739,fm_6359,Tarik Cetin,1997-01-08,Mert Çetin,1997-01-01,Turkey,TUR,Caykur Rizespor,Salento,0.5818181818181818,
tm_5957,fm_1550,Natan,2001-02-06,Nathan,1995-05-13,Brazil,BRA,SSC Napoli,San Jose,0.5833333333333334,
tm_10581,fm_1780,Timon Weiner,1999-01-18,Timo Werner,1996-03-06,Germany,GER,Holstein Kiel,RB Leipzig,0.5833333333333334,
tm_8903,fm_9012,Alessandro Pio Riccio,2002-02-06,Alessandro Gobbo,2004-02-06,Italy,ITA,,SPAL,0.5833333333333334,
tm_3358,fm_10384,Mohammed Al-Rubaie,1997-08-14,Mohammed Al-Fuhaid,1990-01-09,Saudi Arabia,KSA,Al-Hilal SFC,Al-Fateh,0.5833333333333334,
tm_9676,fm_6546,Luca Ferrone,1993-06-07,Luca Marrone,1990-03-28,Italy,ITA,Racing Ferrol,Brianza,0.5833333333333334,
tm_2941,fm_9360,Fernandinho,1993-03-16,Fernando,1992-03-03,Brazil,BRA,Shandong Taishan,Antalyaspor,0.584090909090909,
tm_5302,fm_15159,André Luis,1994-03-09,André Bukia,1995-03-03,Brazil,COD,Moreirense FC,Arouca,0.584090909090909,
tm_2056,fm_17204,Tomás Avilés,2004-02-03,Tomás Inglés,2004-04-07,Argentina,ESP,Inter Miami CF,Málaga,0.585,
tm_2576,fm_10375,Mohamed Al-Thani,1997-02-10,Mohammed Al-Khabrani,1993-10-14,Saudi Arabia,KSA,Al-Hazem SC,Al-Khaleej (KSA),0.585,
tm_2618,fm_10420,Rayan Al-Dossary,2004-07-01,Rayan Al-Mousa,1994-07-24,Saudi Arabia,KSA,Al-Khaleej FC,Damac,0.585,
tm_9011,fm_8133,Andrea Fulignati,1994-10-31,Andrea Pulina,2004-10-11,Italy,ITA,US Catanzaro,Cagliari,0.585,
tm_10099,fm_11911,Bobby Thomas,2001-01-30,Sorba Thomas,1999-01-25,England,WAL,Coventry City,Huddersfield,0.585,
tm_2954,fm_10310,Yang Bai,1998-03-06,Yang Fan,1996-03-28,China,CHN,Beijing Guoan,Tianjin,0.585,
tm_5929,fm_1764,Sadibou Sané,2004-06-10,Sadio Mané,1992-04-10,Senegal,SEN,FC Metz,FC Bayern,0.585,
tm_8317,fm_2381,Taylor Moore,1997-05-12,Taylor Booth,2001-05-31,England,USA,Valenciennes FC,FC Utrecht,0.585,
tm_4126,fm_4996,Thomas Lutte,2004-07-09,Thomas Puype,2004-01-18,Belgium,BEL,RSC Charleroi,Oostende,0.585,
tm_8329,fm_17855,David Kruse,2002-05-15,David Brosed,2005-11-05,Denmark,ESP,Valenciennes FC,Huesca,0.585,
tm_3094,fm_6372,Petar Vitanov,1995-03-10,Petar Stojanović,1995-10-07,Bulgaria,SVN,Tianjin Jinmen Tiger,Empoli,0.5875,
tm_8320,fm_4983,Lucas Woudenberg,1994-04-25,Luca Foubert,2004-04-25,Netherlands,BEL,Valenciennes FC,KV Kortrijk,0.5875,
tm_3236,fm_10530,Yan Wu,1989-01-07,Yang Yun,1989-07-18,China,CHN,Dalian Professional,DL Pro,0.5875,
tm_8845,fm_6626,Emmanuele Matino,1998-10-07,Emanuele Valeri,1998-12-07,Italy,ITA,SSC Bari,Cremonese,0.5875,
tm_5046,fm_14387,Trincão,1999-12-29,Francisco Trincão,1999-12-29,Portugal,POR,Sporting CP,Sporting CP,0.588235294117647,
tm_2470,fm_3965,Abdulkarim Sultan,2000-06-24,Abdelkahar Kadri,2000-06-24,Saudi Arabia,ALG,Al-Tai FC,KV Kortrijk,0.588235294117647,
tm_9448,fm_7085,Ethyan González,2002-06-06,Joan González,2002-02-01,Spain,ESP,CD Tenerife,Salento,0.5883333333333333,
tm_2530,fm_10452,Mohammed Al-Dawsari,1999-07-08,Mohammed Al-Saiari,1993-05-02,Saudi Arabia,KSA,Al-Raed SFC,Al-Ittihad,0.5894736842105263,
tm_2055,fm_10902,Cole Jensen,2001-01-22,Zhou Wenfeng,2001-01-22,United States,CHN,Inter Miami CF,Beijing,0.5916666666666666,
tm_9309,fm_16149,Jimmy Suárez,1996-12-31,Jimmy,1996-12-31,Spain,ESP,Real Oviedo,Oviedo,0.5916666666666666,
tm_1503,fm_1481,Elias Manoel,2001-11-30,Elias,2001-11-30,Brazil,BRA,New York Red Bulls,New York,0.5916666666666666,
tm_5007,fm_14537,Zaidu,1997-06-13,Zaidu Sanusi,1997-06-13,Nigeria,NGA,FC Porto,FC Porto,0.5916666666666666,
tm_8594,fm_16939,Gabriel Barès,2000-08-29,Gabriel Brás,2004-03-25,Switzerland,POR,Montpellier HSC,FC Porto,0.5923076923076923,
tm_4032,fm_14224,Luis Vázquez,2001-04-24,Lucas Vázquez,1991-07-01,Argentina,ESP,RSC Anderlecht,R. Madrid,0.5923076923076923,
tm_9068,fm_8783,Luca Ferretti,2003-12-23,Luca Negretti,2004-02-01,Italy,ITA,Feralpisalò,Brescia,0.5923076923076923,
tm_1252,fm_6273,Mohamed Farsi,1999-12-16,Mohamed Fares,1996-02-15,Canada,ALG,Columbus Crew,Lazio,0.5923076923076923,
tm_7535,fm_2770,Mads Andersen,1997-12-27,Mads Pedersen,1996-09-01,Denmark,DEN,Luton Town,FC Augsburg,0.5923076923076923,
tm_5140,fm_11947,Chidozie Awaziem,1997-01-01,Chiedozie Ogbene,1997-05-01,Nigeria,IRL,Boavista FC,Rotherham,0.59375,
tm_2339,fm_10359,Abdullah Al-Shammari,1991-11-24,Abdullah Al-Khaibari,1996-08-16,Saudi Arabia,KSA,Abha Club,Al-Nassr (KSA),0.595,
tm_2340,fm_10374,Abdulrahman Al-Bouq,1999-09-09,Abdulrahman Al-Aboud,1995-06-01,Saudi Arabia,KSA,Abha Club,Al-Ittihad,0.595,
tm_2623,fm_10375,Mohammed Al-Khaibari,2002-04-18,Mohammed Al-Khabrani,1993-10-14,Saudi Arabia,KSA,Al-Khaleej FC,Al-Khaleej (KSA),0.595,
tm_1251,fm_12470,Will Sands,2000-07-06,Will Dennis,2000-07-10,United States,ENG,Columbus Crew,Bournemouth,0.5954545454545455,
tm_1799,fm_1826,Konrad Faber,1997-11-04,Konrad Laimer,1997-05-27,Germany,AUT,SSV Jahn Regensburg,RB Leipzig,0.5984615384615384,
tm_9416,fm_15871,Álvaro Martín,2001-01-15,Álvaro Ratón,1993-01-29,Spain,ESP,FC Andorra,Zaragoza,0.5984615384615384,
tm_9367,fm_15129,Andrés García,2003-02-07,Andrés Martín,1999-07-11,Spain,ESP,Levante UD,Vallecano,0.5984615384615384,
tm_5253,fm_15444,Gabriel Souza,2004-08-03,Gabriel Silva,2002-03-22,Brazil,BRA,,Santa Clara,0.5984615384615384,
tm_9538,fm_15129,Ander Martín,2000-11-16,Andrés Martín,1999-07-11,Spain,ESP,Burgos CF,Vallecano,0.5984615384615384,
tm_2512,fm_15583,Mohamed Nayef,1998-11-29,Mohamed Bayo,1998-06-04,Saudi Arabia,GUI,Al-Okhdood Club,LOSC,0.5984615384615384,
tm_2052,fm_3883,Tobias Rühle,1991-02-07,Tobias Müller,1994-07-08,Germany,GER,SSV Ulm 1846,Paderborn,0.5984615384615384,
tm_9206,fm_13288,John Donald,2000-09-25,Josh Donaldson,2005-09-25,Spain,ENG,Elche CF,Newcastle,0.5999999999999999,
tm_9692,fm_12762,Chema Rodríguez,1992-03-03,Jeremi Rodríguez,2003-09-03,Spain,ESP,SD Eibar,Southampton,0.5999999999999999,
tm_10779,fm_6905,Tino Casali,1995-11-14,Tiago Casasola,1995-08-11,Austria,ARG,Eintracht Braunschweig,Perugia,0.5999999999999999,
tm_1144,fm_15226,Ramiro Enrique,2001-05-04,Ramón Enríquez,2001-04-19,Argentina,ESP,Orlando City SC,Málaga,0.5999999999999999,
tm_2302,fm_10050,Mateus,1994-09-11,Matheus,1983-01-15,Brazil,BRA,Al-Taawoun FC,Zhejiang,0.6,
tm_9376,fm_15111,Josema,1996-06-06,Josema Sánchez,1996-06-06,Spain,ESP,CD Leganés,Leganés,0.6,
tm_9573,fm_15107,Germán Sánchez,1986-12-12,Germán,1986-12-12,Spain,ESP,Racing Santander,R. Santander,0.6,
tm_3252,fm_10229,Yu Wang,2002-04-28,Yu Yang,1988-08-06,China,CHN,Dalian Professional,Beijing,0.6,
tm_9482,fm_16936,Carlos Sánchez,2001-04-19,Marcos Sánchez,2003-10-26,Spain,ESP,,Villarreal,0.6,
tm_5661,fm_15319,Henrique Silva,1994-04-25,Brice Samba,1994-04-25,Brazil,FRA,Olympique Lyon,RC Lens,0.6,
tm_2254,fm_10455,Abdullah Matuq,2003-04-02,Abdullah Madu,1993-07-15,Saudi Arabia,KSA,Al-Shabab FC,Al-Nassr (KSA),0.6,
tm_9075,fm_8361,Mattia Tonetto,2001-03-26,Mattia Bonetti,2005-09-09,Italy,ITA,Feralpisalò,Bologna,0.6,
tm_1743,fm_7205,Kilian Ludewig,2000-03-05,Kalifa Kujabi,2000-03-05,Germany,GAM,,Frosinone,0.6,
tm_2995,fm_10600,Dongsheng Wang,1997-05-12,Wang Dongsheng,1997-05-12,China,CHN,Zhejiang FC,Zhejiang,0.6,
tm_4314,fm_1188,Jonathan Heris,1990-09-03,Jonathan Lewis,1997-06-04,Belgium,USA,RWD Molenbeek,Colorado,0.6,
tm_2432,fm_10272,Abdulrahman Al-Yami,1997-06-19,Abdulrahman Al-Ghamdi,1994-11-01,Saudi Arabia,KSA,Al-Riyadh SC,Al-Raed,0.6,
tm_2005,fm_7421,Nils Ortel,2004-05-20,Mattia Ortelli,2004-05-20,Germany,ITA,,Cremonese,0.6,
tm_2952,fm_10229,Yu Yan,2002-11-03,Yu Yang,1988-08-06,China,CHN,Beijing Guoan,Beijing,0.6,
tm_8094,fm_4838,Marvin De Lima,2004-04-19,Martin Riemer,2004-04-19,France,GER,,Darmstadt,0.6,
tm_8620,fm_8337,Christian Cugnata,2005-01-13,Christian Ronchi,2005-01-06,Italy,ITA,Spezia Calcio,Perugia,0.6029411764705881,
tm_2888,fm_10291,Yang Li,1997-07-22,Yang Liyu,1997-02-13,China,CHN,Wuhan Three Towns,Guangzhou,0.6044444444444443,
tm_5301,fm_17873,Matar Manga,2004-05-10,Mohamed Bangoura,2004-10-05,The Gambia,GUI,Moreirense FC,Troyes,0.60625,
tm_3508,fm_9734,Ahmetcan Kaplan,2003-01-16,Kazımcan Karataş,2003-01-16,Turkey,TUR,Ajax Amsterdam,Galatasaray,0.60625,
tm_7773,fm_4364,Marcel Wenig,2004-05-04,Jonathan Wensing,2004-04-05,Germany,GER,Eintracht Frankfurt,SC Freiburg,0.60625,
tm_9499,fm_15484,Bernabé Barragán,1993-02-18,Bernabé,1993-02-18,Spain,ESP,Albacete Balompié,Albacete,0.60625,
tm_6990,fm_7226,Máximo Perrone,2003-01-07,Mario Perrone,2003-02-06,Argentina,ITA,Manchester City,Salernitana,0.6099999999999999,
tm_5918,fm_17295,Emmanuel Sabbi,1997-12-24,Emmanuel Bably,2005-12-18,United States,FRA,Le Havre AC,Havre AC,0.6099999999999999,
tm_9090,fm_8132,Mattia Felici,2001-04-17,Mattia Felleca,2004-09-04,Italy,ITA,,Cagliari,0.6099999999999999,
tm_4078,fm_17485,Rayan Berberi,2004-03-18,Rayan Berbachi,2004-11-22,Luxembourg,FRA,Standard Liège,OM,0.6099999999999999,
tm_4206,fm_7093,Christiaan Ravych,2002-07-30,Christian Acella,2002-07-07,Belgium,ITA,Cercle Brugge,Cremonese,0.6117647058823529,
tm_8169,fm_16318,Ousoumane Camara,1998-12-19,Ousmane Camara,2003-03-06,France,FRA,AJ Auxerre,Angers SCO,0.6124999999999999,
tm_3018,fm_11025,Tao Jian,2001-06-22,Gao Jian,2002-01-29,China,CHN,Chengdu Rongcheng,Beijing,0.6124999999999999,
tm_2443,fm_10270,Abdullah Al-Hawsawi,1996-02-01,Abdullah Al-Jawaey,1996-03-09,Saudi Arabia,KSA,Damac FC,Al-Tai,0.6126315789473684,
tm_9141,fm_2537,Francesco Amatucci,2001-06-15,Francesco Antonucci,1999-06-20,Italy,BEL,AS Cittadella,FC Volendam,0.6126315789473684,
tm_2420,fm_10281,Abdullah Al-Dossary,1998-08-14,Abdullah Al-Zoari,1987-08-13,Saudi Arabia,KSA,Al-Riyadh SC,Abha,0.6126315789473684,
tm_9052,fm_4552,Kees de Boer,2000-05-13,Jan de Boer,2000-05-20,Netherlands,NED,Ternana Calcio,FC Groningen,0.6166666666666667,
tm_3533,fm_4861,Wouter Goes,2004-06-10,Wouter Prins,2004-02-06,Netherlands,NED,AZ Alkmaar,FC Groningen,0.6166666666666667,
tm_8524,fm_14477,Jonathan Kodjia,1989-10-22,Jonathan Viera,1989-10-21,Cote d'Ivoire,ESP,FC Annecy,Las Palmas,0.6166666666666667,
tm_4202,fm_4036,Maxime Delanghe,2001-05-23,Maxim Deman,2001-10-23,Belgium,BEL,Cercle Brugge,KV Kortrijk,0.6166666666666667,
tm_7624,fm_5006,Noah Mbamba,2005-01-05,Noah Makanza,2005-01-14,Belgium,BEL,Bayer 04 Leverkusen,KV Mechelen,0.6166666666666667,
tm_1003,fm_5859,Paul Walters,2004-04-11,Paul Siegers,2004-09-04,United States,GER,FC Cincinnati,Hoffenheim,0.6166666666666667,
tm_4325,fm_15223,Florent Sanchez,2003-04-02,Florent Hanin,1990-02-04,France,FRA,Olympique Lyon,Paris FC,0.6166666666666667,
tm_2945,fm_10464,Jinghang Hu,1997-03-23,Hu Jinghang,1997-03-23,China,CHN,Shandong Taishan,Wuhan Changjiang,0.6181818181818182,
tm_3124,fm_10479,Shihao Piao,1991-07-09,Piao Shihao,1991-07-09,China,CHN,Cangzhou Mighty Lions,CZ Mighty Lions,0.6181818181818182,
tm_9441,fm_15402,Waldo Rubio,1995-08-17,Waldo,1995-08-17,Spain,ESP,CD Tenerife,Tenerife,0.6181818181818182,
tm_3276,fm_10709,Yuncheng Fu,1998-12-22,Fu Yuncheng,1998-12-22,China,CHN,Qingdao Hainiu,GZ City,0.6181818181818182,
tm_2535,fm_10194,Mohammed Al-Subaie,1995-10-20,Mohammed Al-Owais,1991-10-10,Saudi Arabia,KSA,Al-Raed SFC,Al-Hilal (KSA),0.6194444444444444,
tm_5047,fm_17964,Afonso Moreira,2005-03-19,Afonso Ferreira,2005-04-13,Portugal,POR,Sporting CP,VIZ,0.6199999999999999,
tm_8530,fm_16691,Mamadou Samassa,1990-02-16,Mamadou Camara,2001-02-07,Mali,FRA,Stade Lavallois,QRM,0.6199999999999999,
tm_2962,fm_10725,Yanpu Chen,2001-03-12,Yang Chen,2000-03-23,China,CHN,Beijing Guoan,Guangzhou,0.6199999999999999,
tm_2557,fm_10430,Abdullah Al-Shammari,1993-09-17,Abdullah Al-Shamekh,1993-05-28,Saudi Arabia,KSA,Al-Hazem SC,Al-Fayha,0.6199999999999999,
tm_2320,fm_10374,Abdulrahman Al-Anazi,1998-06-14,Abdulrahman Al-Aboud,1995-06-01,Saudi Arabia,KSA,Al-Fayha FC,Al-Ittihad,0.6199999999999999,
tm_10221,fm_5948,Nick Hayes,1999-04-10,Nico Hayer,2005-04-02,England,GER,Ipswich Town,Heidenheim,0.6199999999999999,
tm_8716,fm_6556,Stefano Girelli,2001-01-09,Stefano Sabelli,1993-01-13,Italy,ITA,UC Sampdoria,Genoa,0.6199999999999999,
tm_1748,fm_11890,Tim Kloss,2004-06-05,Timm Klose,1988-05-09,Germany,SUI,TSV 1860 Munich,Bristol City,0.6199999999999999,
tm_10841,fm_12909,Noah Brdar,2005-08-11,Noah Hay,2005-11-11,Germany,ENG,SV Wehen Wiesbaden,Chelsea,0.62,
tm_2501,fm_10348,Abdulrahman Al-Rio,1994-05-15,Abdulmajeed Al-Sulaiheem,1994-05-15,Saudi Arabia,KSA,Al-Okhdood Club,Al-Nassr (KSA),0.6208333333333333,
tm_2922,fm_10291,Yang Liu,1995-06-17,Yang Liyu,1997-02-13,China,CHN,Shandong Taishan,Guangzhou,0.6222222222222221,
tm_6327,fm_14519,Jovane,1998-06-14,Jovane Cabral,1998-06-14,Cape Verde,CPV,Sporting CP,Sporting CP,0.6230769230769231,
tm_3178,fm_12488,Minjie Yang,2003-04-16,Michael Craig,2003-04-16,China,SCO,,Reading,0.6230769230769231,
tm_9100,fm_6718,Giuseppe Cuomo,1998-02-02,Giuseppe Caso,1998-12-09,Italy,ITA,FC Südtirol,Frosinone,0.6249999999999999,
tm_8226,fm_16253,Maxime Do Couto,1996-12-13,Maxime Teixeira,1996-12-13,France,FRA,Amiens SC,FCSM,0.6266666666666667,
tm_7726,fm_2793,Maximilian Wöber,1998-02-04,Maximilian Bauer,2000-02-09,Austria,GER,Leeds United,FC Augsburg,0.6287499999999999,
tm_9446,fm_16094,Ángel Rodríguez,1987-04-26,Miguel Rodríguez,2003-04-29,Spain,ESP,CD Tenerife,Vigo,0.6287499999999999,
tm_1425,fm_6303,Nemanja Radoja,1993-02-06,Nemanja Radonjić,1996-02-15,Serbia,SRB,Sporting Kansas City,Torino,0.6287499999999999,
tm_6856,fm_15615,Fernando Martínez,1990-06-10,Fernando,1990-06-10,Spain,ESP,UD Almería,Almería,0.6294117647058823,
tm_5890,fm_15365,Shamar Nicholson,1997-03-16,Rasmus Nicolaisen,1997-03-16,Jamaica,DEN,,Toulouse FC,0.6294117647058823,
tm_10368,fm_16629,Nicolas Oliveira,2004-02-06,Vicente Oliveira,2004-06-20,Germany,POR,Hamburger SV,Vigo,0.63125,
tm_6496,fm_7806,Matjaz Kamensek-Pahic,2004-07-04,Matjasz Pahič,2004-07-04,Slovenia,SVN,Frosinone Calcio,Frosinone,0.6333333333333333,
tm_3867,fm_4656,Kayne van Oevelen,2003-08-07,Corné van Houwelingen,2003-08-07,Netherlands,NED,FC Volendam,sc Heerenveen,0.6333333333333333,
tm_10417,fm_9279,Ibrahim Maza,2005-11-24,Ibrahim Balde,2005-04-11,Germany,ITA,,Südtirol,0.6346153846153846,
tm_4857,fm_4604,Ibrahim Demir,2005-07-01,Ibrahim Jeng,2005-05-01,Turkey,GER,Hatayspor,Düsseldorf,0.6346153846153846,
tm_7296,fm_1003,Carlos Baleba,2004-01-03,Carlos Vela,1989-03-01,Cameroon,MEX,Brighton & Hove Albion,LAFC,0.6346153846153846,
tm_4455,fm_6018,Emirhan Delibas,2003-01-01,Emirhan Delifer,2005-01-11,Turkey,GER,Besiktas JK,Paderborn,0.6349999999999999,
tm_2744,fm_4388,David Udogu,2003-01-30,David Odogu,2006-06-03,Germany,GER,FC Ingolstadt 04,VfL Wolfsburg,0.6363636363636364,
tm_8590,fm_9390,Romain Sans,1999-03-19,Romain Saïss,1990-03-26,France,MAR,US Concarneau,Beşiktaş,0.6433333333333333,
tm_4150,fm_7287,Jordan Bos,2002-10-29,Jordan Boli,2002-06-06,Australia,FRA,KVC Westerlo,Empoli,0.6477272727272726,
tm_5245,fm_16895,Rodrigo Gomes,2003-07-07,Rodrigo Macedo,2003-07-09,Portugal,POR,SC Braga,BRG,0.6499999999999999,
tm_3087,fm_10310,Fan Yang,1996-03-28,Yang Fan,1996-03-28,China,CHN,Beijing Guoan,Tianjin,0.6499999999999999,
tm_8410,fm_16442,Abiezer Jeno,2000-06-22,Jekob Jeno,2000-06-22,Neukaledonien,NCL,Grenoble Foot 38,Grenoble,0.6499999999999999,
tm_5071,fm_14633,Castro,1988-04-02,André Castro,1988-04-02,Portugal,POR,SC Braga,BRG,0.6499999999999999,
tm_1805,fm_12460,Kelvin Onuigwe,2003-12-09,Kelvin Abrefa,2003-12-09,Germany,ENG,SSV Jahn Regensburg,Reading,0.6499999999999999,
tm_4768,fm_15887,Óscar Pinchi,1996-01-17,Pinchi,1996-01-17,Spain,ESP,Caykur Rizespor,Mirandés,0.6499999999999999,
tm_5238,fm_16650,Koba Koindredi,2001-10-27,Koba Lein,2001-10-27,Neukaledonien,FRA,Valencia CF,Oviedo,0.6499999999999999,
tm_3227,fm_10523,Yue Xu,1999-11-10,Yue Xin,1995-11-10,China,CHN,Shenzhen FC,Zhejiang,0.65,
tm_1740,fm_13414,Daniel Winkler,2003-01-09,Daniel Pike,2002-01-09,Germany,ENG,TSV 1860 Munich,Blackburn,0.65,
tm_10247,fm_12962,Kayden Jackson,1994-02-22,Ben Jackson,2001-02-22,England,ENG,Ipswich Town,Huddersfield,0.65,
tm_2429,fm_10369,Mohammed Saleh,2000-02-07,Mohammed Salem,1985-08-06,Saudi Arabia,KSA,Al-Riyadh SC,Al-Raed,0.65,
tm_9964,fm_4936,Rav van den Berg,2004-07-07,Ivan van den Berg,2004-01-12,Netherlands,NED,Middlesbrough FC,Go Ahead Eagles,0.651470588235294,
tm_9906,fm_12725,Caleb Taylor,2003-01-14,Dale Taylor,2003-12-12,England,NIR,West Bromwich Albion,Nottm Forest,0.6583333333333333,
tm_6994,fm_2447,Fabio González,1997-02-12,Mario González,1996-02-25,Spain,ESP,UD Las Palmas,OHL,0.6599999999999999,
tm_1601,fm_10109,Micael,2000-08-12,Michael,1996-03-12,Brazil,BRA,Houston Dynamo FC,Al-Hilal (KSA),0.6599999999999999,
tm_5965,fm_6100,Frank Anguissa,1995-11-16,André-Franck Zambo Anguissa,1995-11-16,Cameroon,CMR,SSC Napoli,Parthenope,0.662962962962963,
tm_2427,fm_10359,Abdulelah Al-Khaibari,1997-05-22,Abdullah Al-Khaibari,1996-08-16,Saudi Arabia,KSA,Al-Riyadh SC,Al-Nassr (KSA),0.6666666666666666,
tm_3577,fm_3641,Ole Romeny,2000-06-20,Ole ter Haar Romeny,2000-06-20,Netherlands,NED,FC Utrecht,FC Emmen,0.668421052631579,
tm_9608,fm_2714,Christian Montes,1997-08-10,Christian Conteh,1999-08-27,Spain,GER,CD Eldense,Dynamo Dresden,0.6724999999999999,
tm_5192,fm_11455,Ricardo Ferreira,2005-12-10,Ricardo Pereira,1993-10-06,Portugal,POR,,Leicester,0.6724999999999999,
tm_3089,fm_10530,Yang Yu,1989-08-06,Yang Yun,1989-07-18,China,CHN,Tianjin Jinmen Tiger,DL Pro,0.6724999999999999,
tm_10592,fm_2553,Philipp Sander,1998-02-21,Philippe Sandler,1997-02-10,Germany,NED,Holstein Kiel,N.E.C. Nijmegen,0.6724999999999999,
tm_5149,fm_15421,Ibrahima,1999-01-25,Ibrahima Camará,1999-01-25,Guinea,GUI,Boavista FC,BVT,0.6733333333333333,
tm_8375,fm_16150,Dumè Guidi,1996-02-06,Dominique Guidi,1996-02-06,France,FRA,SC Bastia,SC Bastia,0.6733333333333333,
tm_2491,fm_10274,Hazaa Al-Hazaa,1991-08-08,Hazza Al-Hazza,1991-12-15,Saudi Arabia,KSA,Al-Tai FC,Al-Tai,0.6749999999999999,
tm_7492,fm_2579,Benson Manuel,1997-03-28,Braydon Manu,1997-03-28,Belgium,GHA,Burnley FC,Darmstadt,0.6769230769230768,
tm_4244,fm_6370,Martin Regali,1993-10-12,Mattia Bani,1993-12-10,Slovakia,ITA,KV Kortrijk,Genoa,0.6769230769230768,
tm_1487,fm_1661,Juan Mina,2004-07-27,Juan Castilla,2004-07-27,Colombia,COL,New York Red Bulls,Houston,0.6769230769230768,
tm_9558,fm_15427,Carlo García,2001-02-12,Carlo Adriano,2001-02-12,Spain,ESP,Villarreal CF B,Villarreal B,0.6769230769230768,
tm_2918,fm_10692,Zhengyu Huang,1997-01-24,Zheng Yiming,1997-01-24,China,CHN,Shandong Taishan,Beijing,0.6769230769230768,
tm_6153,fm_11277,Arthur Melo,1996-08-12,Arthur,1996-08-12,Brazil,BRA,Juventus FC,Liverpool,0.6818181818181818,
tm_3478,fm_1336,Boy Waterman,1984-01-24,Joel Waterman,1996-01-24,Netherlands,CAN,PSV Eindhoven,CF Montréal,0.6884615384615383,
tm_2926,fm_10244,Tong Wang,1993-02-12,Wang Tong,1993-02-12,China,CHN,Shandong Taishan,Shandong,0.6888888888888889,
tm_8481,fm_16430,Serge-Philippe Raux Yao,1999-05-30,Serge Raux-Yao,1999-05-30,France,FRA,Rodez AF,Rodez AF,0.6956521739130435,
tm_9575,fm_14218,Saúl García,1994-11-09,Raúl García,1986-07-11,Spain,ESP,Racing Santander,A. Bilbao,0.6963636363636363,
tm_9670,fm_16603,Jon García,1991-06-04,Joan García,2001-05-04,Spain,ESP,Racing Ferrol,Espanyol,0.6963636363636363,
tm_7990,fm_14371,Bernardo,1995-05-14,Bernardo,1989-07-11,Brazil,COL,VfL Bochum,Girona,0.7,
tm_4707,fm_15362,Anderson Silva,1997-11-21,Anderson,1997-11-21,Brazil,BRA,Alanyaspor,VTSC,0.7,
tm_9536,fm_15932,Javi López,2001-05-05,Javi López,2002-03-25,Spain,ESP,Burgos CF,Alavés,0.7,
tm_10282,fm_11285,Reece James,1993-11-07,Reece James,1999-12-08,England,ENG,Sheffield Wednesday,Chelsea,0.7,
tm_9921,fm_11930,Jed Wallace,1994-03-26,Jed Wallace,1993-12-15,England,ENG,West Bromwich Albion,West Brom,0.7,
tm_8566,fm_6692,Demba Thiam,1989-12-02,Demba Thiam,1998-03-09,France,SEN,USL Dunkerque,SPAL,0.7,
tm_5401,fm_11302,Neto,1991-09-02,Neto,1989-07-19,Brazil,BRA,Casa Pia AC,Bournemouth,0.7,
tm_7270,fm_6061,Danilo,2001-04-29,Danilo,1991-07-15,Brazil,BRA,Nottingham Forest,Juventus,0.7,
tm_1585,fm_11280,Luis Díaz,1998-12-06,Luis Díaz,1997-01-13,Costa Rica,COL,Colorado Rapids,Liverpool,0.7,
tm_5417,fm_18083,Gonçalo Silva,1991-06-04,Gonçalo Silva,2006-05-25,Portugal,POR,SC Farense,FC Porto,0.7,
tm_9426,fm_15407,José Amo,1998-04-09,José María Amo,1998-04-09,Spain,ESP,CD Tenerife,Ponferrada,0.7,
tm_10233,fm_13825,Jack Taylor,1998-06-23,Jack Taylor,2005-09-08,Ireland,ENG,Ipswich Town,Watford,0.7,
tm_3441,fm_16892,Jota,1999-03-30,Jota,2002-07-22,Portugal,POR,Al-Ittihad Club,VTSC,0.7,
tm_9329,fm_16559,Pablo García,2000-06-05,Pablo García,2006-08-15,Spain,ESP,Sporting Gijón,Real Hispalis,0.7,
tm_10236,fm_12398,Cameron Humphreys,2003-10-30,Cameron Humphreys,1998-08-22,England,ENG,Ipswich Town,Rotherham,0.7,
tm_7496,fm_5040,Enock Agyei,2005-01-13,Ebenezer Agyei,2005-01-13,Belgium,BEL,Burnley FC,RSC Anderlecht,0.7,
tm_5123,fm_18233,Manu,2001-06-12,Manu,2004-01-05,Portugal,ESP,Vitória Guimarães SC,Málaga,0.7,
tm_9404,fm_14864,Diego González,1999-05-07,Diego González,1995-01-28,Spain,ESP,FC Andorra,Elche,0.7,
tm_8585,fm_14430,Mamadou Sylla,1995-06-28,Mamadou Sylla,1994-03-20,France,ESP,US Concarneau,Alavés,0.7,
tm_8333,fm_11580,Ibrahima Diallo,2003-06-04,Ibrahima Diallo,1999-03-08,Senegal,FRA,,Southampton,0.7,
tm_6640,fm_14296,Mariano Díaz,1993-08-01,Mariano,1993-08-01,Dominican Republic,DOM,Sevilla FC,R. Madrid,0.7083333333333333,
tm_4443,fm_15947,Jean Onana,2000-01-08,Junior Onana,2000-01-08,Cameroon,CMR,Besiktas JK,RC Lens,0.7083333333333333,
tm_2915,fm_11152,Mustapa Tash,2003-03-01,Mustapa,2003-03-01,China,CHN,Shandong Taishan,Shandong,0.7083333333333333,
tm_5812,fm_3352,Oumar Diakité,2003-12-20,Oumar Diakhité,1993-12-09,Cote d'Ivoire,SEN,Stade Reims,Sandhausen,0.71,
tm_4312,fm_18050,Moussa Sissako,2000-11-10,Moussa Sissoko,2006-02-11,Mali,FRA,,ASSE,0.71,
tm_6927,fm_9366,Maxi Gómez,1996-08-14,Maximiliano Gómez,1996-08-14,Uruguay,URU,Trabzonspor,Trabzonspor,0.7117647058823529,
tm_4349,fm_5188,Eric Junior Bocat,1999-07-16,Eric Bocat,1999-07-16,France,FRA,Sint-Truidense VV,STVV,0.7117647058823529,
tm_8857,fm_8855,Filippo Faggi,2003-02-05,Filippo Meneghini,2003-05-02,Italy,ITA,SSC Bari,SPAL,0.7117647058823529,
tm_9345,fm_14372,Uros Djurdjevic,1994-03-02,Uroš Đurđević,1994-03-02,Montenegro,MNE,Sporting Gijón,S. Gijón,0.72,
tm_4448,fm_4483,Ege Tiknaz,2004-08-17,Efe Tirpan,2004-08-17,Turkey,GER,Besiktas JK,Arminia Bielefeld,0.72,
tm_6457,fm_7572,Rares Burnete,2004-01-31,Catalin Burnete,2004-01-31,Romania,ROU,US Lecce,Salento,0.72,
tm_4837,fm_9747,Burak Yilmaz,1995-11-27,Recep Burak Yılmaz,1995-11-27,Turkey,TUR,Hatayspor,Hatayspor,0.7277777777777779,
tm_6838,fm_15868,José Copete,1999-10-10,José Manuel Copete,1999-10-10,Spain,ESP,RCD Mallorca,Mallorca,0.7277777777777779,
tm_5705,fm_15682,Abdoul Kader Bamba,1994-04-25,Kader Bamba,1994-04-25,France,FRA,FC Nantes,FC Nantes,0.7277777777777779,
tm_8054,fm_3186,Omar Haktab Traoré,1998-02-04,Omar Traoré,1998-02-04,Germany,GER,1.FC Heidenheim 1846,VfL Osnabrück,0.7277777777777779,
tm_7618,fm_14310,Alejandro Grimaldo,1995-09-20,Álex Grimaldo,1995-09-20,Spain,ESP,Bayer 04 Leverkusen,Benfica,0.7277777777777779,
tm_9843,fm_11753,Vakoun Bayo,1997-01-10,Vakoun Issouf Bayo,1997-01-10,Cote d'Ivoire,CIV,Watford FC,Watford,0.7277777777777779,
tm_1026,fm_1676,Arquímides Ordóñez,2003-08-05,Arquimides Ordonez,2003-08-03,Guatemala,USA,FC Cincinnati,Cincinnati,0.7333333333333334,
tm_6404,fm_7027,Juan Cabal,2001-01-08,Juan David Cabal,2001-01-08,Colombia,COL,Hellas Verona,Verona,0.7375,
tm_1228,fm_1518,Tah Anunga,1996-08-10,Tah Brian Anunga,1996-08-10,Cameroon,CMR,Nashville SC,Nashville,0.7375,
tm_9470,fm_16025,Abou Kanté,1994-08-11,Aboubakary Kanté,1994-08-11,The Gambia,GAM,SD Huesca,Huesca,0.7375,
tm_9409,fm_15247,Álex Petxa,1997-02-06,Álex Petxarromán,1997-02-06,Spain,ESP,FC Andorra,F.C. Andorra,0.7375,
tm_1752,fm_3628,Milos Cocic,2003-06-05,Miloš Ćoćić,2003-06-05,Germany,SRB,TSV 1860 Munich,1860 München,0.7454545454545454,
tm_4110,fm_2711,Dennis Eckert Ayensa,1997-01-09,Dennis Eckert,1997-01-09,Germany,GER,Royale Union Saint-Gilloise,Union SG,0.7549999999999999,
tm_6723,fm_14395,Thierry Correia,1999-03-09,Thierry Rendall Correia,1999-03-09,Portugal,POR,Valencia CF,Valencia,0.7565217391304347,
tm_6848,fm_15454,Antonio Sánchez,1997-04-22,Antonio Sánchez,1997-11-30,Spain,ESP,RCD Mallorca,Mallorca,0.76,
tm_6419,fm_3875,Jackson Tchatchoua,2001-09-14,Jackson Tchatchoua,2001-06-23,Belgium,BEL,RSC Charleroi,Charleroi,0.76,
tm_9413,fm_16332,Iván Gil,2000-01-18,Iván Gil,2000-11-30,Spain,ESP,FC Andorra,F.C. Andorra,0.76,
tm_5215,fm_6343,Marlon,1997-09-15,Marlon,1995-09-07,Brazil,BRA,Gil Vicente FC,Brianza,0.76,
tm_5374,fm_9346,João Pedro,1993-04-03,João Pedro,1992-03-09,Portugal,ITA,GD Chaves,Fenerbahçe,0.76,
tm_6938,fm_15937,Raúl Torrente,2001-09-11,Raúl Torrente,2001-03-01,Spain,ESP,Granada CF,Granada,0.76,
tm_3858,fm_4190,Lasse Wehmeyer,2002-09-18,Lasse Wehmeyer,2002-01-02,Germany,GER,Heracles Almelo,FC Twente,0.76,
tm_5277,fm_14495,Paulinho,1999-09-21,Paulinho,1992-11-09,Portugal,POR,,Sporting CP,0.76,
tm_8178,fm_16318,Ousmane Camara,2001-11-03,Ousmane Camara,2003-03-06,Guinea,FRA,AJ Auxerre,Angers SCO,0.76,
tm_9099,fm_9041,Stefan Alex Dregan,2005-04-10,Stefan Alex Dregan,2005-05-27,Italy,ITA,FC Südtirol,Südtirol,0.76,
tm_8894,fm_7606,Patrick Nuamah,2005-12-31,Patrick Amoako Nuamah,2005-12-31,Italy,ITA,Brescia Calcio,Brescia,0.7666666666666666,
tm_6829,fm_16373,Juanmi Latasa,2001-03-23,Juan Miguel Latasa,2001-03-23,Spain,ESP,Real Madrid,Getafe,0.7666666666666666,
tm_6092,fm_7054,Michel Adopo,2000-07-19,Michel Ndary Adopo,2000-07-19,France,FRA,Atalanta BC,Torino,0.7666666666666666,
tm_4487,fm_1034,Taxiarchis Fountas,1995-09-04,Taxi Fountas,1995-09-04,Greece,GRE,Trabzonspor,D.C. United,0.7666666666666666,
tm_5148,fm_14656,Seba Pérez,1993-03-29,Sebastián Pérez,1993-03-29,Colombia,COL,Boavista FC,BVT,0.7666666666666666,
tm_4721,fm_9944,Ahmet Kagan Malatyali,2003-07-10,Ahmet Malatyalı,2003-07-10,Turkey,TUR,Kayserispor,Kayserispor,0.7666666666666666,
tm_4233,fm_3831,Nayel Mehssatou,2002-04-11,Nayel Mehssatou,2002-08-08,Chile,CHI,KV Kortrijk,KV Kortrijk,0.7749999999999999,
tm_8197,fm_16178,Farid El Melali,1997-07-13,Farid El Melali,1997-06-06,Algeria,ALG,Angers SCO,Angers SCO,0.7749999999999999,
tm_8998,fm_6407,Idriz Voca,1997-05-15,Idriz Voca,1997-01-01,Kosovo,KOS,Cosenza Calcio,Cosenza,0.7749999999999999,
tm_6950,fm_16479,Bryan Zaragoza,2001-09-09,Bryan Zaragoza,2001-04-25,Spain,ESP,Granada CF,Granada,0.7749999999999999,
tm_4704,fm_16899,Carlos Eduardo,1996-10-10,Carlos Eduardo,2002-08-10,Brazil,BRA,Alanyaspor,MRT,0.7749999999999999,
tm_4399,fm_9583,Irfan Can Egribayat,1998-06-30,İrfan Eğribayat,1998-06-30,Turkey,TUR,Fenerbahce,Fenerbahçe,0.7789473684210526,
tm_8877,fm_6273,Mohamed Salim Fares,1996-02-15,Mohamed Fares,1996-02-15,Algeria,ALG,SS Lazio,Lazio,0.7789473684210526,
tm_10287,fm_15586,Momo Diaby,1996-09-03,Mohamed Diaby,1996-09-03,France,FRA,Portimonense SC,PTM,0.7846153846153845,
tm_9203,fm_14685,Édgar Badía,1992-02-12,Edgar Badía,1992-02-11,Spain,ESP,Elche CF,Elche,0.7863636363636364,
tm_4165,fm_12366,Adedire Mebude,2004-05-28,Dire Mebude,2004-05-28,Scotland,SCO,KVC Westerlo,Man City,0.8,
tm_5832,fm_16312,Billal Brahimi,2000-03-14,Bilal Brahimi,2000-03-28,Algeria,FRA,OGC Nice,SM Caen,0.8,
tm_4045,fm_2847,Julien De Sart,1994-12-23,Julien de Sart,1993-12-23,Belgium,BEL,KAA Gent,AA Gent,0.8,
tm_2479,fm_10269,Jamal Bajandooh,1992-08-12,Jamal Bajandouh,1992-08-22,Saudi Arabia,KSA,Al-Tai FC,Al-Tai,0.8033333333333333,
tm_4971,fm_9742,Emir Kaan Gültekin,2000-10-02,Emir Gültekin,2000-10-02,Turkey,TUR,Istanbulspor,İstanbulspor,0.8055555555555556,
tm_4842,fm_9898,Engin Can Aksoy,2003-11-14,Engin Aksoy,2003-11-14,Turkey,TUR,Hatayspor,Hatayspor,0.8133333333333332,
tm_10514,fm_3624,Jomaine Consbruch,2002-01-26,Jomaine Ellay Consbruch,2002-01-26,Germany,GER,SpVgg Greuther Fürth,Arminia Bielefeld,0.817391304347826,
tm_1267,fm_1331,Aljaz Ivacic,1993-12-29,Aljaž Ivačič,1993-12-29,Slovenia,SVN,Portland Timbers,Portland,0.825,
tm_6899,fm_14867,Bebé,1990-07-12,Bébé,1990-07-12,Cape Verde,CPV,Rayo Vallecano,Vallecano,0.825,
tm_4392,fm_9615,Baris Yilmaz,2000-05-23,Barış Yılmaz,2000-05-23,Turkey,TUR,Galatasaray,Galatasaray,0.825,
tm_8076,fm_16002,Stian Gregersen,1995-05-17,Stian Rode Gregersen,1995-05-17,Norway,NOR,FC Girondins Bordeaux,Bordeaux,0.825,
tm_10054,fm_12196,Andy Moran,2003-10-15,Andrew Moran,2003-10-15,Ireland,IRL,Brighton & Hove Albion,Brighton,0.825,
tm_6425,fm_6904,Milan Djuric,1990-05-22,Milan Đurić,1990-05-22,Bosnia-Herzegovina,BIH,Hellas Verona,Verona,0.825,
tm_2329,fm_10042,Anthony Nwakaeme,1989-03-21,Tony Nwakaeme,1989-03-21,Nigeria,NGA,Al-Fayha FC,Al-Fayha,0.825,
tm_1642,fm_1695,Theodore Ku-DiPietro,2002-01-28,Ted Ku-DiPietro,2002-01-28,United States,USA,D.C. United,D.C. United,0.825,
tm_10382,fm_2851,Ransford Königsdörffer,2001-09-13,Ransford-Yeboah Königsdörffer,2001-09-13,Ghana,GER,Hamburger SV,HSV,0.8310344827586207,
tm_5759,fm_17090,Eli Junior Kroupi,2006-06-23,Junior Kroupi,2006-06-23,France,FRA,FC Lorient,FC Lorient,0.8352941176470587,
tm_10067,fm_13274,Blondy Nna Noukeu,2001-09-17,Blondy Noukeu,2001-09-17,Cameroon,CMR,Stoke City,Stoke,0.8352941176470587,
tm_3522,fm_12365,Carlos Forbs,2004-03-19,Carlos Borges,2004-03-19,Portugal,POR,Ajax Amsterdam,Man City,0.8384615384615384,
tm_1439,fm_1068,Willy Agada,1999-09-17,William Agada,1999-09-17,Nigeria,NGA,Sporting Kansas City,Sporting KC,0.8384615384615384,
tm_4459,fm_9356,Ugurcan Cakir,1996-04-05,Uğurcan Çakır,1996-04-05,Turkey,TUR,Trabzonspor,Trabzonspor,0.8384615384615384,
tm_8223,fm_16688,Owen Gene,2003-03-19,Owen Géné,2003-03-19,France,FRA,Amiens SC,Amiens SC,0.8444444444444443,
tm_3335,fm_10314,Ali Al-Boleahi,1989-11-21,Ali Al-Bulayhi,1989-11-21,Saudi Arabia,KSA,Al-Hilal SFC,Al-Hilal (KSA),0.8499999999999999,
tm_9671,fm_16170,Moi Delgado,1994-04-18,Moisés Delgado,1994-04-18,Spain,ESP,Racing Ferrol,Ponferrada,0.8499999999999999,
tm_4458,fm_9811,Semih Kilicsoy,2005-08-15,Semih Kılıçsoy,2005-08-15,Turkey,TUR,Besiktas JK,Beşiktaş,0.8499999999999999,
tm_7465,fm_11474,Sasa Kalajdzic,1997-07-07,Saša Kalajdžić,1997-07-07,Austria,AUT,Wolverhampton Wanderers,Wolves,0.8499999999999999,
tm_7942,fm_3824,Rasmus Carstensen,2000-11-10,Rasmus Carstensen,2000-11-18,Denmark,DEN,KRC Genk,KRC Genk,0.85,
tm_6834,fm_14843,Iván Cuéllar,1984-05-27,Iván Cuéllar,1984-05-25,Spain,ESP,RCD Mallorca,S. Gijón,0.85,
tm_1107,fm_1564,Sofiane Djeffal,1999-04-09,Sofiane Djeffal,1999-04-19,France,FRA,Austin FC,D.C. United,0.85,
tm_1625,fm_1289,Alex Bono,1994-04-25,Alex Bono,1994-04-01,United States,USA,D.C. United,Toronto FC,0.85,
tm_2053,fm_1449,Drake Callender,1997-10-07,Drake Callender,1997-10-27,United States,USA,Inter Miami CF,Inter Miami,0.85,
tm_7366,fm_11693,Lloyd Kelly,1998-10-06,Lloyd Kelly,1998-10-01,England,ENG,AFC Bournemouth,Bournemouth,0.85,
tm_4344,fm_4542,Wolke Janssens,1995-01-11,Wolke Janssens,1995-08-01,Belgium,BEL,Sint-Truidense VV,STVV,0.85,
tm_9265,fm_15405,Anuar,1995-01-15,Anuar,1995-01-10,Morocco,ESP,Real Valladolid CF,Valladolid,0.85,
tm_9420,fm_3787,Julen Lobete,2000-09-18,Julen Lobete,1999-09-18,Spain,ESP,Celta de Vigo,RKC Waalwijk,0.85,
tm_1394,fm_1347,Jake Nerwinski,1994-10-17,Jake Nerwinski,1994-10-16,United States,USA,St. Louis CITY SC,Vancouver,0.85,
tm_2345,fm_10205,Saad Natiq,1990-03-19,Saad Natiq,1994-03-19,Iraq,IRQ,Abha Club,Abha,0.85,
tm_2373,fm_10324,Mustafa Malayekah,1986-05-20,Mustafa Malayekah,1986-05-21,Saudi Arabia,KSA,Al-Fateh SC,Al-Fateh,0.85,
tm_4909,fm_16322,Iron Gomis,1999-11-09,Iron Gomis,1999-11-08,France,FRA,Kasimpasa,Amiens SC,0.85,
tm_5003,fm_14498,David Carmo,1999-07-19,David Carmo,1999-07-17,Portugal,POR,FC Porto,FC Porto,0.85,
tm_8649,fm_6976,Woyo Coulibaly,1999-05-26,Woyo Coulibaly,1999-05-20,France,FRA,Parma Calcio 1913,Parma,0.85,
tm_1379,fm_1147,Ismael Tajouri-Shradi,1994-03-28,Ismael Tajouri-Shradi,1994-03-22,Libya,LBY,Minnesota United FC,New England,0.85,
tm_4464,fm_9570,Stefano Denswil,1993-05-07,Stefano Denswil,1994-05-07,Suriname,NED,Trabzonspor,Trabzonspor,0.85,
tm_10705,fm_4250,Belal Halbouni,1999-12-29,Belal Halbouni,1999-12-30,Syria,SYR,1.FC Magdeburg,Magdeburg,0.85,
tm_9900,fm_11769,Allahyar Sayyadmanesh,2001-06-29,Allahyar Sayyadmanesh,2001-06-27,Iran,IRN,Hull City,Hull,0.85,
tm_1030,fm_1734,Antonio Carrera,2004-03-15,Antonio Carrera,2004-03-14,United States,USA,FC Dallas,FC Dallas,0.85,
tm_5745,fm_15985,Darlin Yongwa,2000-09-22,Darlin Yongwa,2000-09-21,Cameroon,CMR,FC Lorient,FC Lorient,0.85,
tm_6729,fm_2603,Selim Amallah,1996-11-15,Selim Amallah,1996-11-16,Morocco,MAR,Real Valladolid CF,Standard,0.85,
tm_8507,fm_16502,Kévin Mouanga,2000-07-24,Kévin Mouanga,2000-07-27,France,FRA,FC Annecy,FC Annecy,0.85,
tm_1852,fm_3178,Fridolin Wagner,1997-09-23,Fridolin Wagner,1997-09-25,Germany,GER,SV Waldhof Mannheim,SV Waldhof Mannheim,0.85,
tm_10089,fm_14437,Wesley Moraes,1996-11-24,Wesley Moraes,1996-11-26,Brazil,BRA,Stoke City,Levante,0.85,
tm_9860,fm_13165,Azeem Abdulai,2002-12-09,Azeem Abdulai,2002-12-01,Scotland,SCO,Swansea City,Swansea,0.85,
tm_1654,fm_1436,James Pantemis,1997-02-21,James Pantemis,1997-02-07,Canada,CAN,CF Montréal,CF Montréal,0.85,
tm_9897,fm_12831,Vaughn Covil,2003-07-26,Vaughn Covil,2003-07-27,United States,USA,Hull City,Hull,0.85,
tm_1211,fm_12111,Matthew Hoppe,2001-03-13,Matthew Hoppe,2001-01-13,United States,USA,Middlesbrough FC,Middlesbrough,0.85,
tm_1218,fm_1616,Nick DePuy,1994-11-14,Nick DePuy,1994-11-13,United States,USA,Nashville SC,LA Galaxy,0.85,
tm_4053,fm_4536,Malick Fofana,2005-03-31,Malick Fofana,2005-03-30,Belgium,BEL,KAA Gent,AA Gent,0.85,
tm_7453,fm_11430,Matt Doherty,1992-01-16,Matt Doherty,1992-01-17,Ireland,IRL,Wolverhampton Wanderers,Tottenham,0.85,
tm_2688,fm_3563,Luca Herrmann,1999-02-20,Luca Herrmann,1999-02-22,Germany,GER,SG Dynamo Dresden,Dynamo Dresden,0.85,
tm_2965,fm_10166,Nico Yennaris,1993-05-24,Nico Yennaris,1993-05-23,China,CHN,Beijing Guoan,Beijing,0.85,
tm_1209,fm_1404,Jeremy Ebobisse,1997-02-14,Jeremy Ebobisse,1997-02-13,United States,USA,San Jose Earthquakes,San Jose,0.85,
tm_9437,fm_15341,Aitor Sanz,1984-09-13,Aitor Sanz,1984-09-18,Spain,ESP,CD Tenerife,Tenerife,0.85,
tm_3697,fm_3348,Koki Saito,2001-08-10,Kôki Saitô,2001-08-10,Japan,JPN,,Sparta Rotterdam,0.8599999999999999,
tm_1091,fm_1648,Damian Las,2002-04-11,Damian Łaś,2002-04-11,United States,USA,Austin FC,Austin FC,0.8599999999999999,
tm_5216,fm_14695,Murilo de Souza,1994-10-31,Murilo Souza,1994-10-31,Brazil,BRA,Gil Vicente FC,Gil Vicente,0.8599999999999999,
tm_2359,fm_10047,Uros Matic,1990-05-23,Uroš Matić,1990-05-23,Serbia,SRB,Abha Club,Abha,0.8599999999999999,
tm_9972,fm_12309,Dan Barlaser,1997-01-18,Daniel Barlaser,1997-01-18,England,ENG,Middlesbrough FC,Rotherham,0.8599999999999999,
tm_4918,fm_9580,Muammer Yildirim,1990-09-14,Muammer Yıldırım,1990-09-14,Turkey,TUR,Sivasspor,Sivasspor,0.8687499999999999,
tm_4844,fm_9738,Kerim Alici,1997-06-24,Kerim Alıcı,1997-06-24,Turkey,TUR,Hatayspor,Hatayspor,0.8727272727272726,
tm_4605,fm_6714,Dario Saric,1997-05-30,Dario Šarić,1997-05-30,Bosnia-Herzegovina,BIH,Palermo FC,Palermo,0.8727272727272726,
tm_10022,fm_2565,Ivan Sunjic,1996-10-09,Ivan Šunjić,1996-10-09,Croatia,CRO,Birmingham City,Hertha Berlin,0.8727272727272726,
tm_9594,fm_2427,Dario Dumic,1992-01-30,Dario Đumić,1992-01-30,Bosnia-Herzegovina,BIH,CD Eldense,Sandhausen,0.8727272727272726,
tm_4680,fm_9648,Ertugrul Taskiran,1989-11-05,Ertuğrul Taşkıran,1989-11-05,Turkey,TUR,Alanyaspor,Kasımpaşa,0.8764705882352941,
tm_4887,fm_2648,Denis Dragus,1999-07-06,Denis Drăguş,1999-07-06,Romania,ROU,Standard Liège,Standard,0.8833333333333333,
tm_3036,fm_10178,Rômulo,1995-10-27,Romulo,1995-10-27,Brazil,BRA,Chengdu Rongcheng,CD Rongcheng,0.8833333333333333,
tm_7160,fm_11287,Ivan Perisic,1989-02-02,Ivan Perišić,1989-02-02,Croatia,CRO,Tottenham Hotspur,Tottenham,0.8833333333333333,
tm_4819,fm_9493,Endri Cekici,1996-11-23,Endri Çekiçi,1996-11-23,Albania,ALB,Pendikspor,Konyaspor,0.8833333333333333,
tm_5076,fm_14880,Álvaro Djaló,1999-08-16,Álvaro Djálo,1999-08-16,Spain,ESP,SC Braga,BRG,0.8833333333333333,
tm_4502,fm_9907,Eren Karaagac,2004-05-24,Eren Karaağaç,2004-05-24,Turkey,TUR,Basaksehir FK,Başakşehir FK,0.8923076923076922,
tm_6100,fm_6155,Mario Pasalic,1995-02-09,Mario Pašalić,1995-02-09,Croatia,CRO,Atalanta BC,Atalanta,0.8923076923076922,
tm_10144,fm_12160,Matija Sarkic,1997-07-23,Matija Šarkić,1997-07-23,Montenegro,MNE,Millwall FC,Wolves,0.8923076923076922,
tm_7021,fm_11274,Mateo Kovacic,1994-05-06,Mateo Kovačić,1994-05-06,Croatia,CRO,Manchester City,Chelsea,0.8923076923076922,
tm_1477,fm_1724,AJ Marcucci,1999-07-31,A.J. Marcucci,1999-07-31,United States,USA,New York Red Bulls,New York,0.8923076923076922,
tm_10372,fm_16302,Lukasz Poreba,2000-03-13,Łukasz Poręba,2000-03-13,Poland,POL,RC Lens,RC Lens,0.8923076923076922,
tm_1673,fm_1499,Ariel Lassiter,1994-09-27,Ari Lassiter,1994-09-27,Costa Rica,CRC,CF Montréal,Inter Miami,0.8999999999999999,
tm_4079,fm_11671,Moussa Djenepo,1998-06-15,Moussa Djénépo,1998-06-15,Mali,MLI,Standard Liège,Southampton,0.8999999999999999,
tm_3751,fm_4018,Milan Robberechts,2004-03-04,Milan Robberechts,2004-04-04,Belgium,BEL,Fortuna Sittard,KV Mechelen,0.8999999999999999,
tm_7759,fm_2216,Hrvoje Smolcic,2000-08-17,Hrvoje Smolčić,2000-08-17,Croatia,CRO,Eintracht Frankfurt,Eintracht Frankfurt,0.8999999999999999,
tm_2166,fm_1681,Chris Donovan,2000-08-08,Chris Donovan,2000-08-01,United States,USA,Philadelphia Union,Philadelphia,0.8999999999999999,
tm_6300,fm_6608,Filip Jagiello,1997-08-08,Filip Jagiełło,1997-08-08,Poland,POL,Genoa CFC,Genoa,0.8999999999999999,
tm_2222,fm_1440,Léo Chú,2000-04-06,Léo Chu,2000-04-06,Brazil,BRA,Seattle Sounders FC,Seattle,0.8999999999999999,
tm_2379,fm_10311,Ammar Al-Dohaim,1993-08-31,Amar Al-Dohim,1993-08-31,Saudi Arabia,KSA,Al-Fateh SC,Al-Fateh,0.9066666666666667,
tm_7824,fm_1797,Pavel Kaderabek,1992-04-25,Pavel Kadeřábek,1992-04-25,Czech Republic,CZE,TSG 1899 Hoffenheim,Hoffenheim,0.9066666666666667,
tm_6263,fm_6479,Lazar Samardzic,2002-02-24,Lazar Samardžić,2002-02-24,Serbia,SRB,Udinese Calcio,Udinese,0.9066666666666667,
tm_4118,fm_2384,Stefan Knezevic,1996-10-30,Stefan Knežević,1996-10-30,Switzerland,SUI,RSC Charleroi,Charleroi,0.9066666666666667,
tm_4916,fm_9688,Ali Sasal Vural,1990-07-10,Ali Şaşal Vural,1990-07-10,Turkey,TUR,Sivasspor,Sivasspor,0.9066666666666667,
tm_7127,fm_12280,Stefan Bajcetic,2004-10-22,Stefan Bajčetić,2004-10-22,Spain,ESP,Liverpool FC,Liverpool,0.9066666666666667,
tm_2483,fm_10283,Hassan Al-Omari,1994-04-21,Hassan Al-Amri,1994-04-21,Saudi Arabia,KSA,Al-Tai FC,Al-Taawoun,0.9066666666666667,
tm_4777,fm_9494,Ibrahim Dresevic,1997-01-24,Ibrahim Drešević,1997-01-24,Kosovo,KOS,Fatih Karagümrük,Fatih Karagümrük,0.9124999999999999,
tm_4827,fm_9782,Erencan Yardimci,2002-02-04,Erencan Yardımcı,2002-02-04,Turkey,TUR,,Alanyaspor,0.9124999999999999,
tm_4378,fm_9734,Kazimcan Karatas,2003-01-16,Kazımcan Karataş,2003-01-16,Turkey,TUR,Galatasaray,Galatasaray,0.9124999999999999,
tm_3254,fm_10392,Nemanja Bosancic,1995-03-01,Nemanja Bosančić,1995-03-01,Serbia,SRB,Dalian Professional,DL Pro,0.9124999999999999,
tm_4396,fm_11422,Halil Dervisoglu,1999-12-08,Halil Dervişoğlu,1999-12-08,Turkey,TUR,Galatasaray,Burnley,0.9124999999999999,
tm_3582,fm_2409,Przemyslaw Tyton,1987-01-04,Przemysław Tytoń,1987-01-04,Poland,POL,Twente Enschede FC,FC Twente,0.9124999999999999,
tm_7504,fm_11825,Anel Ahmedhodzic,1999-03-26,Anel Ahmedhodžić,1999-03-26,Bosnia-Herzegovina,BIH,Sheffield United,Sheff Utd,0.9124999999999999,
tm_7226,fm_11349,Lukasz Fabianski,1985-04-18,Łukasz Fabiański,1985-04-18,Poland,POL,West Ham United,West Ham,0.9124999999999999,
tm_2103,fm_9453,Saba Lobjanidze,1994-12-18,Saba Lobzhanidze,1994-12-18,Georgia,GEO,Atlanta United FC,Hatayspor,0.9124999999999999,
tm_8838,fm_6248,Christian Gytkjaer,1990-05-06,Christian Gytkjær,1990-05-06,Denmark,DEN,Venezia FC,Brianza,0.922222222222222,
tm_4934,fm_14869,Samu Saiz,1991-01-22,Samu Sáiz,1991-01-22,Spain,ESP,Sivasspor,Girona,0.922222222222222,
tm_7707,fm_1958,Alex Kral,1998-05-19,Alex Král,1998-05-19,Czech Republic,CZE,,Schalke 04,0.922222222222222,
tm_9061,fm_7303,Filippo Distefano,2003-08-28,Filippo Di Stefano,2003-08-28,Italy,ITA,ACF Fiorentina,Fiorentina,0.922222222222222,
tm_3006,fm_10105,Franko Andrijasevic,1991-06-22,Franko Andrijašević,1991-06-22,Croatia,CRO,Zhejiang FC,Zhejiang,0.9263157894736842,
tm_4550,fm_9632,Yusuf Sari,1998-11-20,Yusuf Sarı,1998-11-20,Turkey,TUR,Adana Demirspor,Adana D.S.,0.9299999999999999,
tm_4660,fm_9668,Ahmet Oguz,1993-01-16,Ahmet Oğuz,1993-01-16,Turkey,TUR,Konyaspor,Konyaspor,0.9299999999999999,
tm_7361,fm_6381,Ionut Radu,1997-05-28,Ionuţ Radu,1997-05-28,Romania,ROU,Inter Milan,Cremonese,0.9299999999999999,
tm_4905,fm_9600,Aytac Kara,1993-03-23,Aytaç Kara,1993-03-23,Turkey,TUR,Kasimpasa,Kasımpaşa,0.9299999999999999,
tm_4438,fm_9655,Umut Meras,1995-12-20,Umut Meraş,1995-12-20,Turkey,TUR,Besiktas JK,Beşiktaş,0.9299999999999999,
tm_7878,fm_2179,Hiroki Ito,1999-05-12,Hiroki Itô,1999-05-12,Japan,JPN,VfB Stuttgart,VfB Stuttgart,0.9299999999999999,
tm_9566,fm_16107,Alex Forés,2001-04-12,Álex Forés,2001-04-12,Spain,ESP,Villarreal CF B,Villarreal B,0.9299999999999999,
tm_1637,fm_1178,Andy Nájar,1993-03-16,Andy Najar,1993-03-16,Honduras,HON,D.C. United,D.C. United,0.9299999999999999,
tm_1564,fm_3308,Marko Ilic,1998-02-03,Marko Ilić,1998-02-03,Serbia,SRB,Colorado Rapids,KV Kortrijk,0.9299999999999999,
tm_7727,fm_1903,Ko Itakura,1997-01-27,Kô Itakura,1997-01-27,Japan,JPN,Borussia Mönchengladbach,Borussia M'gladbach,0.9299999999999999,
tm_2655,fm_3593,Lion Semic,2003-09-13,Lion Semić,2003-09-13,Germany,GER,Borussia Dortmund II,Borussia Dortmund II,0.9299999999999999,
tm_8612,fm_7058,Przemyslaw Wisniewski,1998-07-27,Przemysław Wiśniewski,1998-07-27,Poland,POL,Spezia Calcio,Venezia,0.9333333333333333,
tm_5992,fm_6330,Rade Krunic,1993-10-07,Rade Krunić,1993-10-07,Bosnia-Herzegovina,BIH,AC Milan,Milan,0.9363636363636363,
tm_3404,fm_14926,Seko Fofana,1995-05-07,Séko Fofana,1995-05-07,Cote d'Ivoire,CIV,Al-Nassr FC,RC Lens,0.9363636363636363,
tm_10767,fm_3441,Semih Sahin,1999-12-22,Semih Şahin,1999-12-22,Germany,GER,SV 07 Elversberg,SV Elversberg,0.9363636363636363,
tm_6731,fm_11516,Sergi Canós,1997-02-02,Sergi Canos,1997-02-02,Spain,ESP,Valencia CF,Brentford,0.9363636363636363,
tm_4350,fm_15426,Ryoya Ogawa,1996-11-24,Ryôya Ogawa,1996-11-24,Japan,JPN,,VTSC,0.9363636363636363,
tm_4593,fm_9634,Veysel Sari,1988-07-25,Veysel Sarı,1988-07-25,Turkey,TUR,Antalyaspor,Antalyaspor,0.9363636363636363,
tm_1426,fm_1161,Rémi Walter,1995-04-26,Remi Walter,1995-04-26,France,FRA,Sporting Kansas City,Sporting KC,0.9363636363636363,
tm_7417,fm_11712,Marek Rodak,1996-12-13,Marek Rodák,1996-12-13,Slovakia,SVK,Fulham FC,Fulham,0.9363636363636363,
tm_4782,fm_9953,Emir Tintis,2004-01-12,Emir Tintiş,2004-01-12,Turkey,TUR,Fatih Karagümrük,Fatih Karagümrük,0.9363636363636363,
tm_5883,fm_4233,Habib Keïta,2002-02-05,Habib Keita,2002-02-05,Mali,MLI,Clermont Foot 63,KV Kortrijk,0.9363636363636363,
tm_4526,fm_9595,Ertac Özbir,1989-10-25,Ertaç Özbir,1989-10-25,Turkey,TUR,Adana Demirspor,Adana D.S.,0.9363636363636363,
tm_4469,fm_9823,Arif Bosluk,2003-06-06,Arif Boşluk,2003-06-06,Turkey,TUR,Trabzonspor,Trabzonspor,0.9363636363636363,
tm_10003,fm_11983,Yakou Méïté,1996-02-11,Yakou Meïté,1996-02-11,Cote d'Ivoire,CIV,Cardiff City,Reading,0.9363636363636363,
tm_4077,fm_4044,Cihan Canak,2005-01-24,Cihan Çanak,2005-01-24,Turkey,BEL,Standard Liège,Standard,0.9363636363636363,
tm_4651,fm_9910,Deniz Ertas,2005-03-20,Deniz Ertaş,2005-03-20,Turkey,TUR,Konyaspor,Konyaspor,0.9363636363636363,
tm_7660,fm_14687,Loïs Openda,2000-02-16,Lois Openda,2000-02-16,Belgium,BEL,RB Leipzig,RC Lens,0.9363636363636363,
tm_6506,fm_6831,Karlo Lulic,1996-05-10,Karlo Lulić,1996-05-10,Croatia,CRO,Frosinone Calcio,Frosinone,0.9363636363636363,
tm_4433,fm_14247,Eric Bailly,1994-04-12,Éric Bailly,1994-04-12,Cote d'Ivoire,CIV,Besiktas JK,OM,0.9363636363636363,
tm_9779,fm_2496,Ilia Gruev,2000-05-06,Iliya Gruev,2000-05-06,Bulgaria,BUL,Leeds United,SV Werder,0.9363636363636363,
tm_9585,fm_14662,Lago Júnior,1990-12-31,Lago Junior,1990-12-31,Cote d'Ivoire,CIV,Racing Santander,Mallorca,0.9363636363636363,
tm_6697,fm_14511,Iñigo Lekue,1993-05-04,Íñigo Lekue,1993-05-04,Spain,ESP,Athletic Bilbao,A. Bilbao,0.9363636363636363,
tm_7128,fm_2075,Wataru Endo,1993-02-09,Wataru Endô,1993-02-09,Japan,JPN,Liverpool FC,VfB Stuttgart,0.9363636363636363,
