df1,df2,name1,birthdate1,name2,birthdate2,nat1,nat2,club1,club2,score,match
fm_17598,eafc_4042,Enzo Cantero,15.05.2005,Enzo Marteiro,29.02.1992,FRA,Brazil,Clermont,Flamengo,0.5,False
fm_13034,eafc_4019,Jack Thompson,05.05.2005,J. Thompson,03.01.1997,ENG,Northern Ireland,Nottm Forest,Stoke City,0.5,False
fm_10527,eafc_10886,Saqr Mamdouh,03.10.1998,M. Mamadou,04.10.1998,KSA,Senegal,Al-Batin,İstanbulspor,0.5,False
fm_10750,eafc_11329,Yang Jingfan,29.09.1999,Yang Mingyang,11.07.1995,CHN,Switzerland,Changchun,Nantong Zhiyun,0.5,False
fm_11141,eafc_11391,Han Xuan,13.01.1995,Gan Chao,13.02.1995,CHN,China PR,Wuhan Changjiang,Chengdu Rongcheng,0.5,False
fm_3622,eafc_7931,Yannic Voigt,27.10.2002,Gabri Veiga,27.05.2002,GER,Spain,FSV Zwickau,Al Ahli Jeddah,0.5,False
fm_16352,eafc_7083,Hianga'a Mbock,29.12.1999,H. Mbock,28.12.1999,FRA,France,SM Caen,Caen,0.5,True
fm_11154,eafc_11654,Kang Mingjie,27.02.1999,Yang Yilin,23.02.1999,CHN,China PR,HeB FC,Meizhou Hakka,0.5,False
fm_7153,eafc_10003,Larsson Coulibaly,01.01.2003,Adrián Corral,05.01.2003,CIV,Spain,Lazio,Racing Santander,0.500980392,False
fm_4429,eafc_10959,Enes Yılmaz,08.01.2005,A. Yılmaz,01.01.2004,GER,Turkey,Bayer 04,Trabzonspor,0.501136364,False
fm_1733,eafc_3525,Callum Montgomery,14.05.1997,Z. Vyner,14.05.1997,CAN,England,Minnesota,Bristol City,0.502941176,False
fm_9973,eafc_10813,Nazım Özcan,28.08.2002,Ricardo Fernandes,28.08.2002,TUR,São Tomé e Príncipe,Hatayspor,Estoril,0.502941176,False
fm_3519,eafc_7236,Vincent Gembalies,18.01.2000,A. Flips,18.01.2000,GER,France,MSV Duisburg,Anderlecht,0.502941176,False
fm_8301,eafc_7846,Matteo Montecolle,06.07.2005,M. Godts,07.06.2005,ITA,Belgium,Ternana,Ajax,0.502941176,False
fm_16117,eafc_6990,Gürkan Başkan,01.04.2002,I. Van der Brempt,01.04.2002,TUR,Belgium,Famalicão,Hamburger SV,0.502941176,False
fm_12840,eafc_8977,Vonnte Williams,02.07.2005,Loïc Williams,07.01.2002,ENG,Spain,Crystal Palace,Tenerife,0.503333333,False
fm_5548,eafc_5209,Mico Schmidt,16.02.2005,D. Schmidt,03.02.1992,GER,Japan,Hannover,Sint-Truiden,0.503333333,False
fm_16470,eafc_2120,Álvaro Ginés,15.03.2005,Álvaro Lemos,30.03.1993,ESP,Spain,R. Madrid,Las Palmas,0.503333333,False
fm_12630,eafc_8198,Kyron Gordon,24.05.2002,K. Gordon,05.10.2004,ENG,England,Sheff Utd,Liverpool,0.503333333,False
fm_4402,eafc_7343,Miguel Lemke,09.02.2004,Migue Leal,01.02.1997,GER,Spain,Hansa Rostock,FC Andorra,0.503333333,False
fm_16701,eafc_9247,César Fernández,28.09.2004,J. Fernández,30.01.2004,ESP,Argentina,Vigo,New York City,0.503333333,False
fm_7113,eafc_2302,Andrea Errico,01.01.1999,Andreas Pereira,01.01.1996,ITA,Brazil,Frosinone,Fulham,0.506666667,False
fm_12747,eafc_7675,Owen Hesketh,10.10.2002,P. Nebel,10.10.2002,WAL,Germany,Wolves,Karlsruher SC,0.5125,False
fm_12550,eafc_11044,Tomas Galvez,28.01.2005,Xavi Grande,28.01.2005,FIN,Spain,Man City,Levante,0.5125,False
fm_3973,eafc_6192,Jasper ter Heide,29.03.1999,S. Karweina,29.03.1999,NED,Germany,SC Cambuur,Austria Klagenfurt,0.5125,False
fm_8978,eafc_8958,Matteo Ferro,27.02.2004,L. Gechter,27.02.2004,ITA,Germany,Brescia,Hertha BSC,0.5125,False
fm_13302,eafc_8001,Michael Roxburgh,09.03.2003,Tiago Morais,03.09.2003,ENG,Portugal,Huddersfield,Boavista,0.5125,False
fm_7347,eafc_10993,Ognjen Bogunović,12.07.2004,D. Bolumbu,12.07.2004,SRB,France,Genoa,Caen,0.5125,False
fm_16518,eafc_9799,Mateusão,02.05.2002,M. Usor,05.02.2002,BRA,Nigeria,PTM,LASK Linz,0.5125,False
fm_1361,eafc_9483,Noble Okello,20.07.2000,Del Moral,20.07.2000,CAN,Spain,Toronto FC,Villarreal II,0.5125,False
fm_16669,eafc_3277,Xavi Pleguezuelo,14.01.2003,Pleguezuelo,26.01.1997,ESP,Spain,Real Hispalis,Plymouth Argyle,0.516875,False
fm_17959,eafc_1194,Naké Youssouf,04.03.2006,M. Youssouf,26.03.1988,FRA,Comoros,OGC Nice,Ajaccio,0.52,False
fm_11228,eafc_11367,Zhang Wenxuan,23.08.2004,Zhang Yuan,08.12.1989,CHN,China PR,Guangzhou,Shenzhen,0.52,False
fm_17602,eafc_2584,Álex Muñiz,15.11.2004,Alex Muñoz,30.07.1994,ESP,Spain,Oviedo,Levante,0.52,False
fm_18294,eafc_11128,Jorge Oreiro,19.05.2006,Jorge Benito,01.01.2006,ESP,Spain,R. Madrid,Getafe,0.520833333,False
fm_15772,eafc_3047,Jose Ángel Carrillo,07.01.1994,A. Ferrari,01.07.1994,ESP,Italy,Huesca,Sampdoria,0.521052632,False
fm_16564,eafc_10969,Rafael Luís,18.02.2005,Rafael Devisate,02.08.2005,POR,Brazil,Benfica,Austria Lustenau,0.521666667,False
fm_11484,eafc_6297,Carlos Vinícius,25.03.1995,Vinícius,22.03.1995,BRA,Brazil,Fulham,Fulham,0.521666667,True
fm_3267,eafc_7129,Patrick Möschl,06.03.1993,Patrick William,03.06.1997,AUT,Brazil,VfB Oldenburg,Rio Ave,0.521666667,False
fm_17174,eafc_9806,Dinis Rodrigues,12.01.2005,D. Seimen,01.12.2005,POR,Germany,FC Porto,VfB Stuttgart,0.523333333,False
fm_7601,eafc_6495,Jacopo Gianelli,04.03.2001,C. Mamengi,03.04.2001,ITA,Netherlands,Inter,Almere City,0.523333333,False
fm_4445,eafc_11057,Jorg Schreuders,09.09.2004,B. Stretton,09.09.2004,NED,England,FC Groningen,Coventry City,0.523333333,False
fm_10785,eafc_11486,Shen Xiangtao,27.02.1999,Wen Jiabao,02.01.1999,CHN,China PR,Henan,Shanghai Shenhua,0.525,False
fm_11224,eafc_11610,Sun Zixuan,22.04.2000,Sun Qinhan,21.03.2000,CHN,China PR,Tianjin,Cangzhou Mighty Lions,0.525,False
fm_11764,eafc_11342,Benik Afobe,12.02.1993,Wang Tong,12.02.1993,COD,China PR,Millwall,Shandong Taishan,0.527272727,False
fm_12289,eafc_10181,James Sweet,03.11.2003,J. Enem,11.03.2003,WAL,Netherlands,Arsenal,Venezia,0.527272727,False
fm_2710,eafc_8821,Tobias Bech,19.02.2002,Recasens,19.02.2002,DEN,Spain,FC Ingolstadt 04,Espanyol,0.527272727,False
fm_16639,eafc_8746,Txus Vizcay,05.08.2005,O. Vargas,05.08.2005,ESP,United States,A. Bilbao,Seattle Sounders,0.527272727,False
fm_13542,eafc_7927,Ryan Howley,23.11.2003,E. Brierley,23.11.2003,WAL,England,Coventry,Brentford,0.527272727,False
fm_13319,eafc_10071,Joe Westley,06.07.2005,Joel Roca,07.06.2005,ENG,Spain,Burnley,Girona,0.527272727,False
fm_4298,eafc_9204,Yannick Jerrentrup,16.04.2003,N. Cervantes,16.04.2003,GER,Algeria,Arminia Bielefeld,Troyes,0.530555556,False
fm_4646,eafc_9688,Trustin van 't Loo,25.05.2004,Yellu Santiago,25.05.2004,NED,Spain,sc Heerenveen,Valencia,0.530555556,False
fm_17995,eafc_7674,Tiago Gomes,29.07.2004,Tiago Tomás,16.06.2002,POR,Portugal,Gil Vicente,VfL Wolfsburg,0.531818182,False
fm_18117,eafc_6285,Hugo Hernández,21.05.2005,Javi Hernández,02.05.1998,ESP,Spain,Elche,Cádiz,0.534285714,False
fm_10843,eafc_9080,Yuwen Jiangong,04.01.2003,Lucas Laso,04.01.2003,CHN,Spain,Changchun,Real Oviedo,0.535714286,False
fm_5560,eafc_9843,Michel Schwarz,04.09.2004,M. Damar,09.04.2004,GER,Germany,KSC,Hannover 96,0.535714286,False
fm_5715,eafc_10703,Alexander Paul,16.02.2004,A. Gruaud,16.02.2004,GER,France,Heidenheim,Dunkerque,0.535714286,False
fm_16337,eafc_8760,André Mesquita,10.10.1997,Rodrigues,10.10.1997,POR,Brazil,Santa Clara,San Jose Earthquakes,0.535714286,False
fm_10468,eafc_5885,Abdullah Al-Hamdan,12.09.1999,A. Al Hamdan,13.09.1999,KSA,Saudi Arabia,Al-Hilal (KSA),Al Hilal,0.536111111,True
fm_10957,eafc_11349,Zou Yafei,03.02.2001,Wu Yake,03.02.1991,CHN,China PR,DL Pro,Changchun Yatai,0.536111111,False
fm_1099,eafc_7320,Leonardo Campana,24.07.2000,L. Campana,24.06.2000,ECU,Ecuador,Inter Miami,Inter Miami,0.540625,True
fm_6923,eafc_7264,Ben Lhassine Koné,14.03.2000,B. Kone,14.03.2000,CIV,Côte d'Ivoire,Frosinone,Como,0.541176471,True
fm_3830,eafc_10041,Daniel Pérez,17.01.2002,Dani Pérez,26.07.2005,VEN,Spain,Club Brugge,Real Betis,0.541666667,False
fm_10925,eafc_11713,Ma Junjie,10.12.2004,Yuan Junjie,03.10.2005,CHN,China PR,Changchun,Shenzhen,0.542727273,False
fm_10660,eafc_10557,Li Shuaihu,10.02.1999,L. Lonardi,10.02.1999,CHN,Italy,HeB FC,Südtirol,0.545,False
fm_4889,eafc_10412,Ben Käuper,01.04.2004,C. Baker,04.01.2004,GER,United States,SV Werder,Seattle Sounders,0.545,False
fm_15789,eafc_10914,Adrián Diéguez,04.02.1996,Adrián Liso,02.04.2005,ESP,Spain,Ponferrada,Real Zaragoza,0.546428571,False
fm_1290,eafc_6720,Hassani Dotson,16.08.1997,H. Dotson,06.08.1997,USA,United States,Minnesota,Minnesota United,0.546428571,True
fm_7323,eafc_8180,Mattia Ciucci,11.11.2002,M. Diambou,11.11.2002,ITA,Mali,Salento,Salzburg,0.55,False
fm_16671,eafc_10943,Diogo Prioste,26.03.2004,A. Marriott,26.03.2004,POR,England,Benfica,Watford,0.55,False
fm_10896,eafc_8971,Xie Jie,01.02.2001,Luiz Henrique,02.01.2001,CHN,Brazil,HeB FC,Real Betis,0.55,False
fm_14212,eafc_3410,Sergio Canales,16.02.1991,Sergi Canós,02.02.1997,ESP,Spain,Real Hispalis,Valencia,0.551785714,False
fm_15206,eafc_8641,Andrés Sarmiento,15.01.1998,T. Baribo,15.01.1998,COL,Israel,VIZ,Philadelphia Union,0.553125,False
fm_16455,eafc_11045,Cristian Canales,03.03.2004,Astralaga,03.03.2004,ESP,Spain,Real San Sebastián,FC Barcelona,0.553125,False
fm_12831,eafc_7203,Vaughn Covil,27.07.2003,V. Covil,26.07.2003,USA,United States,Hull,Hull City,0.554166667,True
fm_18233,eafc_5851,Manu,05.01.2004,Nanu,17.05.1994,ESP,Guinea Bissau,Málaga,Samsunspor,0.5575,False
fm_17326,eafc_6444,Miguel Soto,30.09.2004,Miguel Morro,11.09.2000,ESP,Spain,Getafe,Villarreal II,0.5575,False
fm_10393,eafc_11460,Liu Jing,17.01.1997,Lu Ning,26.01.1998,CHN,China PR,HeB FC,Changchun Yatai,0.5575,False
fm_7149,eafc_9789,Samuele Righetti,10.10.2001,Samuel Lobato,19.10.2001,ITA,Portugal,Perugia,Famalicão,0.558333333,False
fm_7306,eafc_9946,Alessandro Fontanarosa,07.02.2003,A. Fontanarosa,07.01.2003,ITA,Italy,Inter,Cosenza,0.559090909,True
fm_9570,eafc_2144,Stefano Denswil,07.05.1994,S. Denswil,07.05.1993,NED,Suriname,Trabzonspor,Trabzonspor,0.565,True
fm_11753,eafc_6611,Vakoun Issouf Bayo,10.01.1997,V. Bayo,10.01.1997,CIV,Côte d'Ivoire,Watford,Watford,0.566666667,True
fm_1450,eafc_9114,Max Alves,12.05.2001,Max,12.05.2001,BRA,Brazil,Colorado,Colorado Rapids,0.566666667,True
fm_10545,eafc_11374,Zhong Haoran,15.07.1994,Dong Yu,15.07.1994,CHN,China PR,Zhejiang,Zhejiang,0.566666667,False
fm_13899,eafc_6569,Lewis Salmon,02.11.2001,C. Kelman,02.11.2001,ENG,United States,Nottm Forest,Queens Park Rangers,0.566666667,False
fm_17875,eafc_11106,João Pacheco,20.01.2004,M. Puch,20.01.2004,POR,Algeria,VIZ,Ajaccio,0.566666667,False
fm_13776,eafc_10054,Rio Martucci,03.05.2005,V. Carboni,05.03.2005,ENG,Argentina,Luton,Monza,0.566666667,False
fm_2730,eafc_4806,Gaetan Coucke,03.11.1998,G. Coucke,03.12.1998,BEL,Belgium,KV Mechelen,Mechelen,0.575,True
fm_10604,eafc_11342,Yang Ting,04.06.1993,Wang Tong,12.02.1993,CHN,China PR,CD Rongcheng,Shandong Taishan,0.575555556,False
fm_13998,eafc_10828,Sam Bentley,24.03.2005,F. Conte,24.03.2005,ENG,Guinea,Luton,Bastia,0.586363636,False
fm_16755,eafc_10137,Nathan Zeze,18.06.2005,N. Zézé,18.06.2005,FRA,France,FC Nantes,Nantes,0.586363636,True
fm_5977,eafc_10925,Gabriel Demian,04.12.2004,Gabriel Pirani,12.04.2002,SVN,Brazil,Nürnberg,DC United,0.592857143,False
fm_7423,eafc_10051,Benjamin Tahirovic,03.03.2003,B. Tahirović,09.03.2003,SWE,Bosnia and Herzegovina,Capitoline,Ajax,0.594444444,True
fm_13493,eafc_7534,Pedro Amadou,28.10.2005,Pedro Amador,18.12.1998,FRA,Portugal,Norwich,Moreirense,0.595833333,False
fm_14905,eafc_3075,Joseba Zaldua,24.06.1992,Zaldúa,24.06.1992,ESP,Spain,Cádiz,Cádiz,0.6,True
fm_12295,eafc_6797,Luke Matheson,03.10.2002,I. Maatsen,10.03.2002,ENG,Netherlands,Wolves,Chelsea,0.6,False
fm_12242,eafc_6833,Karl Jakob Hein,13.04.2002,K. Hein,13.04.2002,EST,Estonia,Arsenal,Arsenal,0.61,True
fm_16510,eafc_9626,Diyaeddine Abzi,23.11.1998,D. Abzi,23.11.1998,CAN,Canada,Pau FC,Leganés,0.61,True
fm_14624,eafc_5593,Fernando Calero,14.09.1995,Calero,14.09.1995,ESP,Spain,Espanyol,Espanyol,0.61,True
fm_9607,eafc_6351,Francisco Montero,14.01.1999,Montero,14.01.1999,ESP,Spain,Beşiktaş,Arouca,0.617647059,True
fm_16458,eafc_9692,Abraham Del Moral,05.07.2001,Abraham,05.07.2001,ESP,Spain,Villarreal B,Villarreal II,0.617647059,True
fm_14061,eafc_11128,George Grant,01.01.2006,Jorge Benito,01.01.2006,ENG,Spain,Middlesbrough,Getafe,0.620833333,False
fm_3641,eafc_8018,Ole ter Haar Romeny,20.06.2000,O. Romeny,20.06.2000,NED,Netherlands,FC Emmen,FC Utrecht,0.623684211,True
fm_1937,eafc_4771,Konstantinos Laifis,19.05.1993,K. Laifis,19.05.1993,CYP,Cyprus,Standard,Standard Liège,0.623684211,True
fm_15338,eafc_1401,Alfredo Ortuño,21.01.1991,Ortuño,21.01.1991,ESP,Spain,Cartagena,FC Cartagena,0.628571429,True
fm_15835,eafc_3845,Kenji-Van Boto,07.03.1996,K. Boto,07.03.1996,FRA,Madagascar,AJ Auxerre,Pau,0.628571429,True
fm_16389,eafc_3698,Sebastian Ring,18.04.1995,S. Ring,18.04.1995,SWE,Sweden,Amiens SC,Amiens SC,0.628571429,True
fm_14651,eafc_1740,David Timor,17.10.1989,Timor,17.10.1989,ESP,Spain,Huesca,Eldense,0.645454545,True
fm_10855,eafc_11705,Wang Hao,20.11.2001,Wang Hao,01.06.2002,CHN,China PR,CD Rongcheng,Qingdao Hainiu,0.65,False
fm_10564,eafc_11431,Wang Peng,16.11.1997,Wang Peng,24.01.1993,CHN,China PR,GZ City,Cangzhou Mighty Lions,0.65,False
fm_16995,eafc_3685,Sergio Santos,03.01.2001,Sergio Santos,04.09.1994,ESP,Brazil,Mirandés,Cincinnati,0.65,False
fm_6896,eafc_9346,Giovanni Zaro,12.05.1994,G. Zaro,12.05.1994,ITA,Italy,Südtirol,Modena,0.65,True
fm_10185,eafc_7527,Morato,01.09.1992,Morato,30.06.2001,BRA,Brazil,Al-Khaleej (KSA),Benfica,0.65,False
fm_14294,eafc_6674,Víctor Ruiz,25.01.1989,Víctor Ruiz,02.11.1993,ESP,Spain,Real Hispalis,Al Fayha,0.65,False
fm_10034,eafc_3913,Matheus Pereira,05.05.1996,Matheus Pereira,25.02.1998,BRA,Brazil,Al-Hilal (KSA),SD Eibar,0.65,False
fm_6412,eafc_3595,George Puşcaş,08.04.1996,G. Pușcaș,08.04.1996,ROU,Romania,Genoa,Genoa,0.65,True
fm_9873,eafc_9389,Hayrullah Erkip,20.06.2003,H. Erkip,20.06.2003,TUR,Turkey,Kayserispor,Kayserispor,0.653333333,True
fm_15362,eafc_6872,Anderson,21.11.1997,Anderson Oliveira,21.11.1997,BRA,Brazil,VTSC,Alanyaspor,0.655882353,True
fm_1059,eafc_1196,Maximiliano Moralez,27.02.1987,M. Moralez,27.02.1987,ARG,Argentina,NYCFC,New York City,0.657894737,True
fm_6361,eafc_5954,Ionuţ Nedelcearu,25.04.1996,I. Nedelcearu,24.04.1996,ROU,Romania,Palermo,Palermo,0.6625,True
fm_10919,eafc_11625,Chen Xiong,17.06.2002,Chen Xiangyu,17.02.2002,CHN,China PR,CZ Mighty Lions,Shenzhen,0.6625,True
fm_15010,eafc_9087,Mario Suárez,24.02.1987,Marco Suárez,07.02.2004,ESP,Spain,Vallecano,Real Oviedo,0.665833333,False
fm_9195,eafc_11055,Edoardo Alloisio,18.03.2005,Edgar Alcañiz,18.03.2005,ITA,Spain,Genoa,Levante,0.675,False
fm_16052,eafc_5355,Mickaël Nadé,04.03.1999,M. Nadé,04.03.1999,FRA,France,ASSE,Saint-Étienne,0.675,True
fm_15097,eafc_2711,Róber Pier,16.02.1995,Róber,16.02.1995,ESP,Spain,Levante,Sporting Gijón,0.675,True
fm_1928,eafc_6374,Mohammed Kudus,02.08.2000,M. Kudus,02.08.2000,GHA,Ghana,Ajax,West Ham United,0.675,True
fm_10303,eafc_3070,Mohammed Kanno,22.09.1994,M. Kanno,22.09.1994,KSA,Saudi Arabia,Al-Hilal (KSA),Al Hilal,0.675,True
fm_2355,eafc_5483,Wilfried Kanga,21.02.1998,W. Kanga,21.02.1998,CIV,Côte d'Ivoire,Hertha Berlin,Standard Liège,0.675,True
fm_2065,eafc_6446,Georginio Rutter,20.04.2002,G. Rutter,20.04.2002,FRA,France,Hoffenheim,Leeds United,0.675,True
fm_1101,eafc_1420,Alejandro Bedoya,29.04.1987,A. Bedoya,29.04.1987,USA,United States,Philadelphia,Philadelphia Union,0.675,True
fm_6535,eafc_8936,Mikael Egill Ellertsson,11.03.2002,M. Ellertsson,11.03.2002,ISL,Iceland,Spezia,Venezia,0.689130435,True
fm_6667,eafc_3323,Andrija Novaković,21.09.1996,A. Novakovich,21.09.1996,USA,United States,Venezia,Lecco,0.694117647,True
fm_15885,eafc_9483,Alberto Del Moral,20.07.2000,Del Moral,20.07.2000,ESP,Spain,Villarreal B,Villarreal II,0.694117647,True
fm_11496,eafc_3300,Marvelous Nakamba,19.01.1994,M. Nakamba,19.01.1994,ZIM,Zimbabwe,Aston Villa,Luton Town,0.694117647,True
fm_15167,eafc_9726,Mor Ndiaye,22.11.2000,M. Ndiaye,21.11.2000,SEN,Senegal,Estoril Praia,Estoril,0.695,True
fm_11513,eafc_5123,Boubacar Kamara,23.11.1999,B. Kamara,23.11.1999,FRA,France,Aston Villa,Aston Villa,0.696666667,True
fm_15839,eafc_4585,Stéphane Diarra,09.12.1998,S. Diarra,09.12.1998,CIV,Côte d'Ivoire,FC Lorient,Saint-Étienne,0.696666667,True
fm_14434,eafc_3008,Víctor Camarasa,28.05.1994,Camarasa,28.05.1994,ESP,Spain,Real Hispalis,Real Oviedo,0.696666667,True
fm_16971,eafc_9393,Alejandro Primo,10.07.2004,Álex Primo,10.07.2004,ESP,Spain,Levante,Levante,0.696666667,True
fm_7572,eafc_11043,Catalin Burnete,31.01.2004,R. Burnete,31.01.2004,ROU,Romania,Salento,Lecce,0.696666667,True
fm_15957,eafc_1201,Matthieu Dreyer,20.03.1989,M. Dreyer,20.03.1989,FRA,France,ASSE,Saint-Étienne,0.696666667,True
fm_6805,eafc_2140,Raffaele Pucino,03.05.1991,R. Pucino,03.05.1991,ITA,Italy,Bari,Bari 1908,0.696666667,True
fm_15542,eafc_2511,César De la Hoz,30.03.1992,De La Hoz,30.03.1992,ESP,Spain,Almería,Real Valladolid,0.696666667,True
fm_12567,eafc_8168,Patrick Jones,09.06.2003,P. Jones,09.06.2003,WAL,Wales,Huddersfield,Huddersfield Town,0.7,True
fm_2261,eafc_1574,Florian Kainz,24.10.1992,F. Kainz,24.10.1992,AUT,Austria,1. FC Köln,FC Köln,0.7,True
fm_2470,eafc_5840,Stanley Nsoki,09.04.1999,S. Nsoki,09.04.1999,FRA,France,Hoffenheim,TSG Hoffenheim,0.7,True
fm_9372,eafc_1581,Jeffrey Bruma,13.11.1991,J. Bruma,13.11.1991,NED,Netherlands,Kasımpaşa,RKC Waalwijk,0.7,True
fm_11368,eafc_3709,Wilfred Ndidi,16.12.1996,W. Ndidi,16.12.1996,NGA,Nigeria,Leicester,Leicester City,0.7,True
fm_9950,eafc_6888,Mustafa Bozan,23.08.2000,M. Bozan,23.08.2000,TUR,Turkey,Gaziantep FK,Gaziantep F.K.,0.7,True
fm_14948,eafc_4618,Amath N'Diaye,16.07.1996,A. Ndiaye,16.07.1996,SEN,Senegal,Mallorca,Mallorca,0.7,True
fm_15553,eafc_4005,Vital N'Simba,08.07.1993,V. Nsimba,08.07.1993,COD,Congo DR,Bordeaux,Bordeaux,0.7,True
fm_1621,eafc_9265,Jackson Ragen,24.09.1998,J. Ragen,24.09.1998,USA,United States,Seattle,Seattle Sounders,0.7,True
fm_15919,eafc_9903,Désiré Doué,03.06.2005,D. Doué,03.06.2005,FRA,France,Rennes,Rennes,0.704545455,True
fm_1003,eafc_1069,Carlos Vela,01.03.1989,C. Vela,01.03.1989,MEX,Mexico,LAFC,Los Angeles FC,0.704545455,True
fm_1970,eafc_6379,Jordan Teze,30.09.1999,J. Teze,30.09.1999,NED,Netherlands,PSV,PSV,0.704545455,True
fm_16588,eafc_7684,Rafiki Saïd,15.03.2000,R. Saïd,15.03.2000,COM,Comoros,Nîmes,Troyes,0.704545455,True
fm_17933,eafc_8448,Rúben Alves,07.09.2003,Rubén Alves,07.09.1994,POR,Spain,VIZ,Racing Santander,0.706818182,False
fm_11567,eafc_4931,Ebere Eze,29.06.1998,E. Eze,29.06.1998,ENG,England,Crystal Palace,Crystal Palace,0.711111111,True
fm_2981,eafc_7322,Conor Noß,01.01.2001,C. Noß,01.01.2001,IRL,Republic of Ireland,Borussia M'gladbach,Blau-Weiß Linz,0.711111111,True
fm_16788,eafc_8133,Youssouf Assogba,21.08.2001,Y. Assogba,21.08.2001,BEN,Benin,Amiens SC,Amiens SC,0.715625,True
fm_3319,eafc_6053,Frederik Winther,04.01.2001,F. Winther,04.01.2001,DEN,Denmark,FC Augsburg,FC Augsburg,0.715625,True
fm_9606,eafc_10118,Marlon,20.05.1997,Marlon,15.09.1997,BRA,Brazil,Ankaragücü,Gil Vicente,0.72,False
fm_16332,eafc_9408,Iván Gil,30.11.2000,Iván Gil,18.01.2000,ESP,Spain,F.C. Andorra,FC Andorra,0.72,True
fm_4545,eafc_8610,Junior Marsoni,03.06.1996,J. Mansoni,03.06.1996,BEL,Belgium,Seraing FC,RWDM,0.721428571,True
fm_1431,eafc_7584,Cameron Harper,19.11.2001,C. Harper,19.11.2001,USA,United States,New York,New York RB,0.721428571,True
fm_12492,eafc_9368,Romaine Mundle,24.04.2003,R. Mundle,24.04.2003,ENG,England,Tottenham,Standard Liège,0.721428571,True
fm_14587,eafc_2113,Anthony Lozano,25.04.1993,A. Lozano,25.04.1993,HON,Honduras,Cádiz,Getafe,0.721428571,True
fm_3270,eafc_8093,Nicolás Castro,01.11.2000,N. Castro,01.11.2000,ARG,Argentina,KRC Genk,Elche,0.721428571,True
fm_16264,eafc_7073,Rassoul Ndiaye,11.12.2001,R. Ndiaye,11.12.2001,SEN,France,FCSM,Le Havre,0.721428571,True
fm_11384,eafc_6133,William Saliba,24.03.2001,W. Saliba,24.03.2001,FRA,France,Arsenal,Arsenal,0.721428571,True
fm_12110,eafc_7880,Vontae Daley-Campbell,02.04.2001,V. Daley-Campbell,04.04.2001,ENG,England,Cardiff,Cardiff City,0.728571429,True
fm_1123,eafc_3259,Andrés Cubas,22.05.1996,A. Cubas,22.05.1996,PAR,Paraguay,Vancouver,Vancouver Whitecaps,0.729166667,True
fm_6222,eafc_3335,Andrea Conti,02.03.1994,A. Conti,02.03.1994,ITA,Italy,Sampdoria,Sampdoria,0.729166667,True
fm_12304,eafc_8684,Callum Doyle,03.10.2003,C. Doyle,03.10.2003,ENG,England,Coventry,Leicester City,0.729166667,True
fm_16244,eafc_5800,Jerome Opoku,14.10.1998,J. Opoku,14.10.1998,ENG,England,Arouca,Arouca,0.729166667,True
fm_15080,eafc_3021,Jordan Amavi,09.03.1994,J. Amavi,09.03.1994,FRA,France,Getafe,Brest,0.729166667,True
fm_11255,eafc_2867,N'Golo Kanté,29.03.1991,N. Kanté,29.03.1991,FRA,France,Chelsea,Al Ittihad,0.729166667,True
fm_9440,eafc_4921,Berkay Özcan,15.02.1998,B. Özcan,15.02.1998,TUR,Turkey,Başakşehir FK,İstanbul Başakşehir,0.729166667,True
fm_6194,eafc_2491,Elseid Hysaj,02.02.1994,E. Hysaj,02.02.1994,ALB,Albania,Lazio,Lazio,0.729166667,True
fm_2121,eafc_1161,Damien Marcq,08.12.1988,D. Marcq,08.12.1988,FRA,France,Charleroi,Sporting Charleroi,0.729166667,True
fm_1900,eafc_6230,Jonathan Burkardt,11.07.2000,J. Burkardt,11.07.2000,GER,Germany,Mainz 05,FSV Mainz 05,0.732352941,True
fm_6549,eafc_5175,Grigoris Kastanos,30.01.1998,G. Kastanos,30.01.1998,CYP,Cyprus,Salernitana,Salernitana,0.732352941,True
fm_11316,eafc_1936,Emiliano Martínez,02.09.1992,E. Martínez,02.09.1992,ARG,Argentina,Aston Villa,Aston Villa,0.732352941,True
fm_6227,eafc_2532,Gianluca Lapadula,07.02.1990,G. Lapadula,07.02.1990,PER,Peru,Cagliari,Cagliari,0.732352941,True
fm_6936,eafc_9037,Samuele Vignato,24.02.2004,S. Vignato,24.02.2004,ITA,Italy,Brianza,Monza,0.74,True
fm_9642,eafc_9515,Emrecan Uzunhan,26.02.2001,E. Uzunhan,26.02.2001,TUR,Turkey,Beşiktaş,Beşiktaş,0.74,True
fm_6903,eafc_9598,Niccolò Corrado,19.03.2000,N. Corrado,19.03.2000,ITA,Italy,Ternana,Ternana,0.74,True
fm_11868,eafc_2509,Darragh Lenihan,16.03.1994,D. Lenihan,16.03.1994,IRL,Republic of Ireland,Middlesbrough,Middlesbrough,0.74,True
fm_14441,eafc_1965,Terence Kongolo,14.02.1994,T. Kongolo,14.02.1994,NED,Netherlands,Havre AC,Rapid Wien,0.74,True
fm_1795,eafc_5652,Ridle Baku,08.04.1998,R. Baku,08.04.1998,GER,Germany,VfL Wolfsburg,VfL Wolfsburg,0.74,True
fm_11897,eafc_2541,Jamal Lowe,21.07.1994,J. Lowe,21.07.1994,JAM,Jamaica,Bournemouth,Swansea City,0.74,True
fm_9731,eafc_6045,Hüseyin Türkmen,01.01.1998,H. Türkmen,01.01.1998,TUR,Turkey,Trabzonspor,Trabzonspor,0.74,True
fm_6245,eafc_1487,Roberto Pereyra,07.01.1991,R. Pereyra,07.01.1991,ARG,Argentina,Udinese,Udinese,0.74,True
fm_10128,eafc_11347,Nebojša Kosović,24.02.1995,N. Kosović,24.02.1995,MNE,Montenegro,Meizhou,Meizhou Hakka,0.74,True
fm_8200,eafc_9922,Sebas Wade,09.04.2003,S. Wade,09.04.2003,ENG,England,Torino,Torino,0.74,True
fm_3184,eafc_9435,Nicolas Kristof,20.12.1999,N. Kristof,20.12.1999,AUT,Austria,SV Elversberg,Elversberg,0.74,True
fm_6566,eafc_3099,Antonio Barreca,18.03.1995,A. Barreca,18.03.1995,ITA,Italy,Cagliari,Sampdoria,0.74,True
fm_12524,eafc_9684,Kristian Šekularac,07.12.2003,K. Šekularac,07.12.2003,SUI,Switzerland,Fulham,Fulham,0.747222222,True
fm_6942,eafc_7921,Botond Balogh,06.06.2002,B. Balogh,06.06.2002,HUN,Hungary,Parma,Parma,0.75,True
fm_11498,eafc_5042,Marcos Senesi,10.05.1997,M. Senesi,10.05.1997,ARG,Argentina,Bournemouth,AFC Bournemouth,0.75,True
fm_6732,eafc_9299,Daniel Boloca,22.12.1998,D. Boloca,22.12.1998,ROU,Romania,Frosinone,Sassuolo,0.75,True
fm_12405,eafc_6360,Joseph Hungbo,15.01.2000,J. Hungbo,15.01.2000,ENG,England,Watford,Nürnberg,0.75,True
fm_12054,eafc_4887,Jordan Storey,02.09.1997,J. Storey,02.09.1997,ENG,England,Preston,Preston North End,0.75,True
fm_16093,eafc_2666,Johann Obiang,05.07.1993,J. Obiang,05.07.1993,GAB,Gabon,SM Caen,Pau,0.75,True
fm_12573,eafc_9744,Connor McAvoy,16.02.2002,C. McAvoy,16.02.2002,SCO,Scotland,Fulham,Fulham,0.75,True
fm_9630,eafc_3493,Tayfur Bingöl,11.01.1993,T. Bingöl,11.01.1993,TUR,Turkey,Beşiktaş,Beşiktaş,0.75,True
fm_1047,eafc_3608,Miguel Trauco,25.08.1992,M. Trauco,25.08.1992,PER,Peru,San Jose,San Jose Earthquakes,0.75,True
fm_3025,eafc_7588,Jesper Daland,06.01.2000,J. Daland,06.01.2000,NOR,Norway,Cercle Brugge,Cercle Brugge,0.75,True
fm_16081,eafc_2621,Mikkel Desler,19.02.1995,M. Desler,19.02.1995,DEN,Denmark,Toulouse FC,Toulouse,0.75,True
fm_9470,eafc_7277,Attila Szalai,20.01.1998,A. Szalai,20.01.1998,HUN,Hungary,Fenerbahçe,TSG Hoffenheim,0.75,True
fm_11950,eafc_8182,Morgan Rogers,26.07.2002,M. Rogers,26.07.2002,ENG,England,Man City,Middlesbrough,0.75,True
fm_6771,eafc_3347,Junior Sambia,07.09.1996,J. Sambia,07.09.1996,FRA,France,Salernitana,Salernitana,0.75,True
fm_16380,eafc_6924,Pierre Dwomoh,21.06.2004,P. Dwomoh,21.06.2004,BEL,Belgium,BRG,RWDM,0.75,True
fm_6612,eafc_6237,Adrian Šemper,12.01.1998,A. Šemper,12.01.1998,CRO,Croatia,Genoa,Como,0.75,True
fm_2039,eafc_4695,Roland Sallai,22.05.1997,R. Sallai,22.05.1997,HUN,Hungary,SC Freiburg,SC Freiburg,0.75,True
fm_16225,eafc_8105,Alonso Aceves,28.03.2001,A. Aceves,28.03.2001,MEX,Mexico,Oviedo,Chicago Fire,0.75,True
fm_1960,eafc_5877,Christoph Baumgartner,01.08.1999,C. Baumgartner,01.08.1999,AUT,Austria,Hoffenheim,RB Leipzig,0.752380952,True
fm_3054,eafc_8371,Mathias Fixelles,11.08.1996,M. Fixelles,11.08.1996,BEL,Belgium,Westerlo,Westerlo,0.75625,True
fm_16208,eafc_6921,Lassine Sinayoko,08.12.1999,L. Sinayoko,08.12.1999,MLI,Mali,AJ Auxerre,Auxerre,0.75625,True
fm_15934,eafc_8650,Williot Swedberg,01.02.2004,W. Swedberg,01.02.2004,SWE,Sweden,Vigo,Celta de Vigo,0.75625,True
fm_10392,eafc_11672,Nemanja Bosančić,01.03.1995,N. Bosančić,01.03.1995,SRB,Serbia,DL Pro,Dalian Professional,0.75625,True
fm_3039,eafc_3733,Michael Zetterer,12.07.1995,M. Zetterer,12.07.1995,GER,Germany,SV Werder,Werder Bremen,0.75625,True
fm_10096,eafc_3193,Jacob Rinne,20.06.1993,J. Rinne,20.06.1993,SWE,Sweden,Al-Fateh,Al Fateh,0.763636364,True
fm_2783,eafc_6009,Kevin Sessa,06.07.2000,K. Sessa,06.07.2000,GER,Germany,Heidenheim,Heidenheim,0.763636364,True
fm_3250,eafc_2313,Kolja Pusch,12.02.1993,K. Pusch,12.02.1993,GER,Germany,MSV Duisburg,MSV Duisburg,0.763636364,True
fm_13396,eafc_9908,Alfie Chang,04.09.2002,A. Chang,04.09.2002,ENG,England,Birmingham,Birmingham City,0.763636364,True
fm_14531,eafc_4919,Abdul Mumin,06.06.1998,A. Mumin,06.06.1998,GHA,Ghana,Vallecano,Rayo Vallecano,0.763636364,True
fm_9500,eafc_5532,Yunus Akgün,07.07.2000,Y. Akgün,07.07.2000,TUR,Turkey,Galatasaray,Leicester City,0.763636364,True
fm_4099,eafc_8574,Tjark Ernst,15.03.2003,T. Ernst,15.03.2003,GER,Germany,Hertha Berlin,Hertha BSC,0.763636364,True
fm_6139,eafc_3703,André Onana,02.04.1996,A. Onana,02.04.1996,CMR,Cameroon,Inter,Manchester United,0.763636364,True
fm_9910,eafc_11209,Deniz Ertaş,20.03.2005,D. Ertaş,20.03.2005,TUR,Turkey,Konyaspor,Konyaspor,0.763636364,True
fm_11780,eafc_2551,Lewis Baker,25.04.1995,L. Baker,25.04.1995,ENG,England,Stoke,Stoke City,0.763636364,True
fm_1980,eafc_1593,Marvin Ducksch,07.03.1994,M. Ducksch,07.03.1994,GER,Germany,SV Werder,Werder Bremen,0.767857143,True
fm_6763,eafc_5670,Mattéo Tramoni,20.01.2000,M. Tramoni,20.01.2000,FRA,France,Pisa,Pisa,0.767857143,True
fm_6841,eafc_4498,Nicola Falasco,05.10.1993,N. Falasco,05.10.1993,ITA,Italy,Ascoli,Ascoli,0.767857143,True
fm_1907,eafc_6689,Edmond Tapsoba,02.02.1999,E. Tapsoba,02.02.1999,BFA,Burkina Faso,Bayer 04,Bayer 04 Leverkusen,0.767857143,True
fm_11481,eafc_4331,Miguel Almirón,10.02.1994,M. Almirón,10.02.1994,PAR,Paraguay,Newcastle,Newcastle United,0.767857143,True
fm_10073,eafc_4830,Brayan Riascos,10.10.1994,B. Riascos,10.10.1994,COL,Colombia,Al-Khaleej (KSA),Gaziantep F.K.,0.767857143,True
fm_15332,eafc_7835,Nikita Iosifov,11.04.2001,N. Iosifov,11.04.2001,RUS,Russia,Villarreal B,Mirandés,0.767857143,True
fm_6165,eafc_1852,Nicola Sansone,10.09.1991,N. Sansone,10.09.1991,ITA,Italy,Bologna,Lecce,0.767857143,True
fm_1346,eafc_5264,Paxton Pomykal,17.12.1999,P. Pomykal,17.12.1999,USA,United States,FC Dallas,Dallas,0.767857143,True
fm_6981,eafc_7768,Daouda Peeters,26.01.1999,D. Peeters,26.01.1999,BEL,Belgium,Juventus,Südtirol,0.767857143,True
fm_1828,eafc_2245,Yussuf Poulsen,15.06.1994,Y. Poulsen,15.06.1994,DEN,Denmark,RB Leipzig,RB Leipzig,0.767857143,True
fm_6748,eafc_8108,Matteo Ruggeri,11.07.2002,M. Ruggeri,11.07.2002,ITA,Italy,Atalanta,Atalanta,0.767857143,True
fm_9768,eafc_8766,Gökhan Sazdağı,20.09.1994,G. Sazdağı,20.09.1994,TUR,Turkey,Kayserispor,Kayserispor,0.767857143,True
fm_12034,eafc_2661,Callum O'Dowda,23.04.1995,C. O'Dowda,23.04.1995,IRL,Republic of Ireland,Cardiff,Cardiff City,0.767857143,True
fm_6572,eafc_3683,Andrea Favilli,17.05.1997,A. Favilli,17.05.1997,ITA,Italy,Ternana,Ternana,0.767857143,True
fm_2358,eafc_5937,Stephan Ambrosius,18.12.1998,S. Ambrosius,18.12.1998,GER,Ghana,KSC,Hamburger SV,0.770588235,True
fm_6743,eafc_9348,Daniele Casiraghi,10.03.1993,D. Casiraghi,10.03.1993,ITA,Italy,Südtirol,Südtirol,0.770588235,True
fm_2056,eafc_1982,Virgil Misidjan,24.07.1993,V. Misidjan,24.07.1993,NED,Netherlands,FC Twente,Al Tai,0.783333333,True
fm_3238,eafc_4724,Niklas Landgraf,01.03.1996,N. Landgraf,01.03.1996,GER,Germany,Hallescher FC,Hallescher FC,0.783333333,True
fm_4000,eafc_3381,Damon Mirani,13.05.1996,D. Mirani,13.05.1996,NED,Netherlands,FC Volendam,FC Volendam,0.783333333,True
fm_10038,eafc_1232,Odion Ighalo,16.06.1989,O. Ighalo,16.06.1989,NGA,Nigeria,Al-Hilal (KSA),Al Wahda,0.783333333,True
fm_11280,eafc_5719,Luis Díaz,13.01.1997,L. Díaz,13.01.1997,COL,Colombia,Liverpool,Liverpool,0.783333333,True
fm_9673,eafc_4620,Samba Camara,14.11.1992,S. Camara,14.11.1992,MLI,Mali,Sivasspor,Sivasspor,0.783333333,True
fm_11815,eafc_7349,Elliot Anderson,06.11.2002,E. Anderson,06.11.2002,SCO,Scotland,Newcastle,Newcastle United,0.783333333,True
fm_4609,eafc_8372,Ismaël Kandouss,12.11.1997,I. Kandouss,12.11.1997,FRA,Morocco,Union SG,Gent,0.783333333,True
fm_2580,eafc_1942,Kevin Müller,15.03.1991,K. Müller,15.03.1991,GER,Germany,Heidenheim,Heidenheim,0.783333333,True
fm_16306,eafc_6324,Steeve Beusnard,27.06.1992,S. Beusnard,27.06.1992,FRA,France,Pau FC,Pau,0.783333333,True
fm_14674,eafc_5659,Amine Gouiri,16.02.2000,A. Gouiri,16.02.2000,FRA,France,Rennes,Rennes,0.783333333,True
fm_17140,eafc_10422,Ivane Chegra,03.03.2004,I. Chegra,03.03.2004,FRA,Algeria,AC Ajaccio,Ajaccio,0.783333333,True
fm_1196,eafc_4610,Samuel Grandsir,14.08.1996,S. Grandsir,14.08.1996,FRA,France,LA Galaxy,Le Havre,0.783333333,True
fm_3861,eafc_5027,Simon Olsson,14.09.1997,S. Olsson,14.09.1997,SWE,Sweden,sc Heerenveen,SC Heerenveen,0.783333333,True
fm_16408,eafc_3631,Steve Shamal,22.02.1996,S. Shamal,22.02.1996,FRA,France,FC Annecy,Annecy,0.783333333,True
fm_6766,eafc_7172,Enrico Delprato,10.11.1999,E. Delprato,10.11.1999,ITA,Italy,Parma,Parma,0.783333333,True
fm_16359,eafc_9729,Gaby Jean,19.02.2000,G. Jean,19.02.2000,FRA,France,FC Annecy,Annecy,0.783333333,True
fm_2328,eafc_6618,Felix Nmecha,10.10.2000,F. Nmecha,10.10.2000,GER,Germany,VfL Wolfsburg,Borussia Dortmund,0.783333333,True
fm_3051,eafc_8216,Yonas Malede,14.11.1999,Y. Malede,14.11.1999,ISR,Israel,KV Mechelen,Mechelen,0.783333333,True
fm_1169,eafc_2977,Kevin Molino,17.06.1990,K. Molino,17.06.1990,TRI,Trinidad and Tobago,Columbus,Columbus Crew,0.783333333,True
fm_9493,eafc_8041,Endri Çekiçi,23.11.1996,E. Çekiçi,23.11.1996,ALB,Albania,Konyaspor,Pendikspor,0.783333333,True
fm_15598,eafc_3130,Mory Diaw,22.06.1993,M. Diaw,22.06.1993,SEN,Senegal,Clermont,Clermont,0.783333333,True
fm_5193,eafc_8327,Louis Patris,07.06.2001,L. Patris,07.06.2001,BEL,Belgium,OHL,Anderlecht,0.783333333,True
fm_6843,eafc_9332,Bruno Amione,03.01.2002,B. Amione,03.01.2002,ARG,Argentina,Sampdoria,Hellas Verona,0.783333333,True
fm_2606,eafc_5187,Hannes Delcroix,28.02.1999,H. Delcroix,28.02.1999,BEL,Belgium,RSC Anderlecht,Burnley,0.783333333,True
fm_11628,eafc_1074,Jack Cork,25.06.1989,J. Cork,25.06.1989,ENG,England,Burnley,Burnley,0.783333333,True
fm_6309,eafc_3014,Andrea Barberis,11.12.1993,A. Barberis,11.12.1993,ITA,Italy,Brianza,Pisa,0.783333333,True
fm_6211,eafc_1321,Giacomo Bonaventura,22.08.1989,G. Bonaventura,22.08.1989,ITA,Italy,Fiorentina,Fiorentina,0.794736842,True
fm_3751,eafc_6895,Marcel Hoffmeier,15.07.1999,M. Hoffmeier,15.07.1999,GER,Germany,Paderborn,Paderborn,0.796875,True
fm_15711,eafc_6521,Ilija Vukotić,07.01.1999,I. Vukotić,07.01.1999,MNE,Montenegro,BVT,Boavista,0.8,True
fm_1884,eafc_2588,Janik Haberer,02.04.1994,J. Haberer,02.04.1994,GER,Germany,Union Berlin,FC Union Berlin,0.8,True
fm_15785,eafc_7270,Toni Datkovic,06.11.1993,T. Datković,06.11.1993,CRO,Croatia,Cartagena,Albacete,0.8,True
fm_6099,eafc_5277,Merih Demiral,05.03.1998,M. Demiral,05.03.1998,TUR,Turkey,Atalanta,Al Ahli Jeddah,0.8,True
fm_6859,eafc_1800,Kévin Vinetot,14.06.1988,K. Vinetot,14.06.1988,FRA,France,Südtirol,Südtirol,0.8,True
fm_11735,eafc_1969,Bobby Decordova-Reid,02.02.1993,B. De Cordova-Reid,02.02.1993,JAM,Jamaica,Fulham,Fulham,0.805,True
fm_12078,eafc_4492,Ebou Adams,15.01.1996,E. Adams,15.01.1996,GAM,Gambia,Cardiff,Cardiff City,0.805,True
fm_9743,eafc_1902,Ziya Erdal,05.01.1988,Z. Erdal,05.01.1988,TUR,Turkey,Sivasspor,Sivasspor,0.805,True
fm_16204,eafc_5178,Alex Dobre,30.08.1998,A. Dobre,30.08.1998,ROU,Romania,Dijon FCO,Famalicão,0.805,True
fm_6711,eafc_6480,Luis Binks,02.09.2001,L. Binks,02.09.2001,ENG,England,Como,Coventry City,0.805,True
fm_11546,eafc_4580,Rasmus Kristensen,11.07.1997,R. Kristensen,11.07.1997,DEN,Denmark,Leeds,Roma,0.808823529,True
fm_7177,eafc_6032,Adrian Benedyczak,24.11.2000,A. Benedyczak,24.11.2000,POL,Poland,Parma,Parma,0.808823529,True
fm_1424,eafc_3048,Jimmy Medranda,07.02.1994,J. Medranda,07.02.1994,COL,Colombia,Seattle,Columbus Crew,0.814285714,True
fm_2862,eafc_7174,Jamie Leweling,26.02.2001,J. Leweling,26.02.2001,GER,Germany,Union Berlin,VfB Stuttgart,0.814285714,True
fm_1137,eafc_6366,Diego Palacios,12.07.1999,D. Palacios,12.07.1999,ECU,Ecuador,LAFC,Los Angeles FC,0.814285714,True
fm_13053,eafc_8828,Dylan Williams,13.09.2003,D. Williams,13.09.2003,ENG,England,Chelsea,Chelsea,0.814285714,True
fm_1485,eafc_9790,Nick Markanich,26.12.1999,A. Markanich,26.12.1999,USA,United States,Cincinnati,Saint Louis City,0.814285714,True
fm_16097,eafc_6035,Yanis Begraoui,04.07.2001,Y. Begraoui,04.07.2001,FRA,France,Toulouse FC,Toulouse,0.814285714,True
fm_2042,eafc_6234,Filip Benković,13.07.1997,F. Benković,13.07.1997,CRO,Croatia,Braunschweig,Trabzonspor,0.814285714,True
fm_9509,eafc_6095,Majid Hosseini,20.06.1996,M. Hosseini,20.06.1996,IRN,Iran,Kayserispor,Kayserispor,0.814285714,True
fm_14782,eafc_4998,Darko Brašanac,12.02.1992,D. Brašanac,12.02.1992,SRB,Serbia,Atlético Pamplona,Osasuna,0.814285714,True
fm_7072,eafc_8946,Simone Canestrelli,11.09.2000,S. Canestrelli,11.09.2000,ITA,Italy,Pisa,Pisa,0.819444444,True
fm_14136,eafc_1296,Robert Lewandowski,21.08.1988,R. Lewandowski,21.08.1988,POL,Poland,Barcelona,FC Barcelona,0.819444444,True
fm_3771,eafc_8578,Arne Schulz,23.03.2003,A. Schulz,23.03.2003,GER,Germany,Arminia Bielefeld,Paderborn,0.822727273,True
fm_12342,eafc_2045,Matt Ingram,18.12.1993,M. Ingram,18.12.1993,ENG,England,Hull,Hull City,0.822727273,True
fm_3534,eafc_4785,Nico Rieble,22.08.1995,N. Rieble,22.08.1995,GER,Germany,SV Wehen Wiesbaden,Wehen Wiesbaden,0.822727273,True
fm_2570,eafc_5253,Aron Dønnum,20.04.1998,A. Dønnum,20.04.1998,NOR,Norway,Standard,Toulouse,0.822727273,True
fm_14498,eafc_7023,David Carmo,17.07.1999,David Carmo,19.07.1999,POR,Portugal,FC Porto,Porto,0.825,True
fm_2097,eafc_3178,Miloš Veljković,26.09.1995,M. Veljković,26.09.1995,SRB,Serbia,SV Werder,Werder Bremen,0.826666667,True
fm_2397,eafc_8153,Yorbe Vertessen,08.01.2001,Y. Vertessen,08.01.2001,BEL,Belgium,PSV,PSV,0.826666667,True
fm_3712,eafc_8844,Jonas Oehmichen,03.03.2004,J. Oehmichen,03.03.2004,GER,Germany,Dynamo Dresden,Dynamo Dresden,0.826666667,True
fm_6610,eafc_2211,Mario Sampirisi,31.10.1992,M. Sampirisi,31.10.1992,ITA,Italy,Frosinone,Reggiana,0.826666667,True
fm_4595,eafc_9310,Julian Eitschberger,05.03.2004,J. Eitschberger,05.03.2004,GER,Germany,Hertha Berlin,Hallescher FC,0.828947368,True
fm_9899,eafc_9894,Berkan Küpelikılınç,14.01.2003,B. Küpelikılınç,14.01.2003,GER,Germany,Gaziantep FK,Gaziantep F.K.,0.828947368,True
fm_3878,eafc_5490,Lars Bünning,27.02.1998,L. Bünning,27.02.1998,GER,Germany,Kaiserslautern,Dynamo Dresden,0.8375,True
fm_14356,eafc_4602,Robin Le Normand,11.11.1996,R. Le Normand,11.11.1996,FRA,Spain,Real San Sebastián,Real Sociedad,0.8375,True
fm_2002,eafc_1251,Roman Neustädter,18.02.1988,R. Neustädter,18.02.1988,RUS,Russia,Westerlo,Westerlo,0.8375,True
fm_6933,eafc_4804,Emil Bohinen,12.03.1999,E. Bohinen,12.03.1999,NOR,Norway,Salernitana,Salernitana,0.8375,True
fm_11713,eafc_1540,Adam Forshaw,08.10.1991,A. Forshaw,08.10.1991,ENG,England,Leeds,Norwich City,0.8375,True
fm_2694,eafc_8026,Mees Hilgers,13.05.2001,M. Hilgers,13.05.2001,NED,Netherlands,FC Twente,FC Twente,0.8375,True
fm_16067,eafc_5576,Malik Tchokounté,11.09.1988,M. Tchokounté,11.09.1988,FRA,France,Nîmes,Laval,0.8375,True
fm_3420,eafc_4642,Gino Fechner,05.09.1997,G. Fechner,05.09.1997,GER,Germany,SV Wehen Wiesbaden,Wehen Wiesbaden,0.8375,True
fm_3277,eafc_1705,Boné Uaferro,04.01.1992,B. Uaferro,04.01.1992,MOZ,Germany,1. FC Saarbrücken,Saarbrücken,0.8375,True
fm_2208,eafc_4617,Hugo Cuypers,07.02.1997,H. Cuypers,07.02.1997,BEL,Belgium,AA Gent,Gent,0.8375,True
fm_16651,eafc_7961,Andy Pembélé,04.07.2000,A. Pembélé,04.07.2000,FRA,France,Rodez AF,Paris,0.8375,True
fm_6168,eafc_3414,Adam Marušić,17.10.1992,A. Marušić,17.10.1992,MNE,Montenegro,Lazio,Lazio,0.8375,True
fm_11318,eafc_3179,Donny van de Beek,18.04.1997,D. van de Beek,18.04.1997,NED,Netherlands,Man UFC,Manchester United,0.847058824,True
fm_2632,eafc_3081,Paweł Bochniewicz,30.01.1996,P. Bochniewicz,30.01.1996,POL,Poland,sc Heerenveen,SC Heerenveen,0.847058824,True
fm_2020,eafc_3249,Lukas Klostermann,03.06.1996,L. Klostermann,03.06.1996,GER,Germany,RB Leipzig,RB Leipzig,0.847058824,True
fm_11351,eafc_5036,Yves Bissouma,30.08.1996,Y. Bissouma,30.08.1996,MLI,Mali,Tottenham,Tottenham Hotspur,0.85,True
fm_6157,eafc_3074,Hans Hateboer,09.01.1994,H. Hateboer,09.01.1994,NED,Netherlands,Atalanta,Atalanta,0.85,True
fm_1878,eafc_5060,Jiří Pavlenka,14.04.1992,J. Pavlenka,14.04.1992,CZE,Czech Republic,SV Werder,Werder Bremen,0.85,True
fm_3478,eafc_9992,Iman Griffith,02.12.2001,I. Griffith,02.12.2001,NED,Netherlands,AZ,Fortuna Sittard,0.85,True
fm_3445,eafc_4560,Finn Stokkers,18.04.1996,F. Stokkers,18.04.1996,NED,Netherlands,Go Ahead Eagles,Go Ahead Eagles,0.85,True
fm_14372,eafc_3184,Uroš Đurđević,02.03.1994,U. Đurđević,02.03.1994,MNE,Montenegro,S. Gijón,Sporting Gijón,0.85,True
fm_1708,eafc_9123,Will Richmond,06.04.2000,W. Richmond,06.04.2000,USA,United States,San Jose,San Jose Earthquakes,0.85,True
fm_1744,eafc_9152,Niko Tsakiris,19.06.2005,N. Tsakiris,19.06.2005,USA,United States,San Jose,San Jose Earthquakes,0.85,True
fm_3095,eafc_3526,Julian Günther-Schmidt,13.09.1994,J. Günther-Schmidt,13.09.1994,GER,Germany,1. FC Saarbrücken,Saarbrücken,0.852272727,True
fm_7178,eafc_10002,Duccio Degli Innocenti,28.04.2003,D. Degli Innocenti,28.04.2003,ITA,Italy,Empoli,Lecco,0.852272727,True
fm_1217,eafc_3208,Ben Sweat,04.09.1991,B. Sweat,04.09.1991,USA,United States,Sporting KC,New England,0.855555556,True
fm_6422,eafc_5378,Žan Majer,25.07.1992,Ž. Majer,25.07.1992,SVN,Slovenia,Reggina,Cremonese,0.855555556,True
fm_15330,eafc_4776,Yan Eteki,26.08.1997,Y. Eteki,26.08.1997,CMR,Cameroon,Casa Pia,Alcorcón,0.855555556,True
fm_5475,eafc_10992,Leo Sahin,30.10.2005,L. Sahin,30.10.2005,FRA,France,1. FC Saarbrücken,Saarbrücken,0.855555556,True
fm_9763,eafc_4915,Utku Yuvakuran,02.11.1997,U. Yuvakuran,02.11.1997,TUR,Turkey,Beşiktaş,Beşiktaş,0.860714286,True
fm_11474,eafc_5535,Saša Kalajdžić,07.07.1997,S. Kalajdžić,07.07.1997,AUT,Austria,Wolves,Wolverhampton Wanderers,0.860714286,True
fm_2315,eafc_1383,Tony Jantschke,07.04.1990,T. Jantschke,07.04.1990,GER,Germany,Borussia M'gladbach,Borussia Mönchengladbach,0.860714286,True
fm_1535,eafc_6695,Sam Junqua,09.11.1996,S. Junqua,09.11.1996,USA,United States,Houston,Dallas,0.87,True
fm_3140,eafc_3974,Nico Antonitsch,30.09.1991,N. Antonitsch,30.09.1991,AUT,Austria,FC Ingolstadt 04,Elversberg,0.87,True
fm_14883,eafc_3394,Paul Bernardoni,18.04.1997,P. Bernardoni,18.04.1997,FRA,France,Angers SCO,Konyaspor,0.87,True
fm_14967,eafc_5012,Yan Valery,22.02.1999,Y. Valery,22.02.1999,TUN,Tunisia,Angers SCO,Angers SCO,0.87,True
fm_2450,eafc_8155,Peer Koopmeiners,04.05.2000,P. Koopmeiners,04.05.2000,NED,Netherlands,AZ,Almere City,0.878125,True
fm_3069,eafc_8545,Fynn Lakenmacher,10.05.2000,F. Lakenmacher,10.05.2000,GER,Germany,1860 München,1860 München,0.878125,True
fm_16057,eafc_7133,Hugo Vandermersch,05.05.1999,H. Vandermersch,05.05.1999,FRA,France,SM Caen,Elversberg,0.885294118,True
fm_3714,eafc_5315,Leo Weinkauf,07.07.1996,L. Weinkauf,07.07.1996,GER,Germany,Hannover,Hannover 96,0.891666667,True
fm_14677,eafc_3814,Jeff Reine-Adélaïde,17.01.1998,J. Reine-Adélaïde,17.01.1998,FRA,France,OL,RWDM,0.897368421,True
fm_3583,eafc_7055,Ted Tattermusch,08.05.2001,T. Tattermusch,08.05.2001,GER,Germany,Borussia Dortmund II,Borussia Dortmund II,0.913333333,True
fm_15902,eafc_6576,Álvaro Vallés,25.07.1997,Álvaro Valles,25.07.1997,ESP,Spain,Las Palmas,Las Palmas,0.95,True
fm_11425,eafc_3674,Hwang Hee-Chan,26.01.1996,Hwang Hee Chan,26.01.1996,KOR,Korea Republic,Wolves,Wolverhampton Wanderers,0.953571429,True
