df1,df2,name1,birthdate1,name2,birthdate2,nat1,nat2,club1,club2,score,match
eafc_11591,tm_2994,Xu Yue,10.11.1999,Xin Yue,10.11.1995,China PR,China,Shenzhen,Zhejiang FC,0.65,False
eafc_6608,tm_10460,Í. Jóhannesson,23.03.2003,Ísak Bergmann Jóhannesson,23.03.2003,Iceland,Iceland,Fortuna Düsseldorf,,0.664,True
eafc_6597,tm_2481,M. Al Qunayan,09.01.1999,Mohammed Al-Qunaian,09.01.1999,Saudi Arabia,Saudi Arabia,Al Tai,,0.668421053,True
eafc_10406,tm_7570,A. Pavlovic,03.05.2004,Aleksandar Pavlovic,03.05.2004,Germany,Germany,FC Bayern München,,0.668421053,True
eafc_9419,tm_3892,L. Zeefuik,26.11.2004,Lequincio Zeefuik,26.11.2004,Netherlands,Netherlands,FC Volendam,FC Volendam,0.670588235,True
eafc_6023,tm_5248,A. Marqués,04.08.2000,Alejandro Marqués,04.08.2000,Venezuela,Venezuela,Estoril,GD Estoril Praia,0.670588235,True
eafc_3018,tm_8823,F. Zampano,30.09.1993,Francesco Zampano,30.09.1993,Italy,Italy,Venezia,Venezia FC,0.670588235,True
eafc_6762,tm_1287,S. Moreno,21.04.2000,Santiago Moreno,21.04.2000,Colombia,Colombia,Portland Timbers,Portland Timbers,0.673333333,True
eafc_10391,tm_1071,M. Cuevas,10.02.2003,Mauricio Cuevas,10.02.2003,United States,United States,LA Galaxy,Los Angeles Galaxy,0.673333333,True
eafc_6860,tm_4975,A. Trubin,01.08.2001,Anatoliy Trubin,01.08.2001,Ukraine,Ukraine,Benfica,SL Benfica,0.673333333,True
eafc_11550,tm_3256,B. Tsonev,29.04.1995,Borislav Tsonev,29.04.1995,Bulgaria,Bulgaria,Dalian Professional,Dalian Professional,0.673333333,True
eafc_11214,tm_6108,C. Mandas,17.09.2001,Christos Mandas,17.09.2001,Greece,Greece,Lazio,SS Lazio,0.673333333,True
eafc_1373,tm_6698,De Marcos,14.04.1989,Óscar de Marcos,14.04.1989,Spain,Spain,Athletic Club,Athletic Bilbao,0.673333333,True
eafc_3495,tm_10021,K. Bielik,04.01.1998,Krystian Bielik,04.01.1998,Poland,Poland,Birmingham City,Birmingham City,0.673333333,True
eafc_8482,tm_5172,Mateus Quaresma,22.08.1996,Quaresma,22.08.1996,Brazil,Brazil,Arouca,FC Arouca,0.673333333,True
eafc_5924,tm_6375,L. Cacace,27.09.2000,Liberato Cacace,27.09.2000,New Zealand,New Zealand,Empoli,FC Empoli,0.673333333,True
eafc_9749,tm_2474,N. Al Qumairi,10.06.2001,Nawaf Al-Qamiri,10.06.2001,Saudi Arabia,Saudi Arabia,Al Tai,Al-Tai FC,0.673333333,True
eafc_1900,tm_1041,F. Quignon,02.05.1993,Facundo Quignón,02.05.1993,Argentina,Argentina,Dallas,FC Dallas,0.673333333,True
eafc_5230,tm_7119,I. Konaté,25.05.1999,Ibrahima Konaté,25.05.1999,France,France,Liverpool,Liverpool FC,0.673333333,True
eafc_7929,tm_6766,Iago Domínguez,22.11.2001,Carlos Domínguez,11.02.2001,Spain,Spain,Mirandés,Celta de Vigo,0.675,False
eafc_1668,tm_8514,V. Pajot,19.08.1990,Vincent Pajot,19.08.1990,France,France,Annecy,FC Annecy,0.676923077,True
eafc_3709,tm_9724,W. Ndidi,16.12.1996,Wilfred Ndidi,16.12.1996,Nigeria,Nigeria,Leicester City,Leicester City,0.676923077,True
eafc_8159,tm_9558,Carlo Adriano,12.02.2001,Carlo García,12.02.2001,Spain,Spain,Villarreal II,Villarreal CF B,0.676923077,True
eafc_8630,tm_6833,D. Greif,06.04.1997,Dominik Greif,06.04.1997,Slovakia,Slovakia,Mallorca,RCD Mallorca,0.676923077,True
eafc_9653,tm_7530,W. Osula,04.08.2003,William Osula,04.08.2003,Denmark,Denmark,Sheffield United,Sheffield United,0.676923077,True
eafc_7693,tm_5287,Fabiano Souza,14.03.2000,Fabiano,14.03.2000,Brazil,Brazil,Moreirense,Moreirense FC,0.676923077,True
eafc_1565,tm_8186,F. Hanin,04.02.1990,Florent Hanin,04.02.1990,France,France,Angers SCO,Angers SCO,0.676923077,True
eafc_11619,tm_3238,K. Ablet,05.02.1997,Kudirat Ablet,05.02.1997,China PR,China,Dalian Professional,Dalian Professional,0.676923077,True
eafc_2864,tm_1270,D. Župarić,03.05.1992,Dario Zuparic,03.05.1992,Croatia,Croatia,Portland Timbers,Portland Timbers,0.676923077,True
eafc_3874,tm_7316,C. Goode,03.08.1995,Charlie Goode,03.08.1995,England,England,Brentford,Brentford FC,0.676923077,True
eafc_8708,tm_4207,E. Utkus,22.06.2000,Edgaras Utkus,22.06.2000,Lithuania,Lithuania,Cercle Brugge,Cercle Brugge,0.676923077,True
eafc_10621,tm_8516,Y. Barry,25.11.2002,Yacouba Barry,25.11.2002,France,France,Annecy,FC Annecy,0.676923077,True
eafc_5631,tm_10038,A. Pears,23.04.1998,Aynsley Pears,23.04.1998,England,England,Blackburn Rovers,Blackburn Rovers,0.676923077,True
eafc_10728,tm_4963,Jackson Kenio,24.04.1999,Jackson,24.04.1999,Brazil,Brazil,İstanbulspor,Istanbulspor,0.676923077,True
eafc_2935,tm_7388,K. Moore,08.08.1992,Kieffer Moore,08.08.1992,Wales,Wales,AFC Bournemouth,AFC Bournemouth,0.676923077,True
eafc_5608,tm_1236,N. Perry,02.10.1999,Nebiyou Perry,02.10.1999,United States,United States,Nashville SC,Nashville SC,0.676923077,True
eafc_9546,tm_1732,P. König,22.03.2000,Phillip König,22.03.2000,Germany,Germany,MSV Duisburg,MSV Duisburg,0.676923077,True
eafc_1469,tm_10607,A. Luthe,10.03.1987,Andreas Luthe,10.03.1987,Germany,Germany,Kaiserslautern,1.FC Kaiserslautern,0.676923077,True
eafc_10275,tm_8252,M. Hafid,01.12.2004,Mohamed Hafid,01.12.2004,Morocco,Morocco,Caen,SM Caen,0.676923077,True
eafc_11158,tm_1697,D. Lokaj,24.01.2005,Diamant Lokaj,24.01.2005,Kosovo,Kosovo,Sandhausen,SV Sandhausen,0.676923077,True
eafc_8309,tm_1968,S. Meuer,06.12.1999,Steffen Meuer,06.12.1999,Germany,Germany,Erzgebirge Aue,FC Erzgebirge Aue,0.676923077,True
eafc_4884,tm_7458,J. Bellegarde,27.06.1998,Jean-Ricner Bellegarde,27.06.1998,France,France,Wolverhampton Wanderers,Wolverhampton Wanderers,0.681818182,True
eafc_3818,tm_6757,E. Ávila,06.02.1994,Chimy Ávila,06.02.1994,Argentina,Argentina,Osasuna,CA Osasuna,0.681818182,True
eafc_7711,tm_3995,M. Balikwisha,10.05.2001,Michel-Ange Balikwisha,10.05.2001,Belgium,Belgium,Antwerp,Royal Antwerp FC,0.681818182,True
eafc_8342,tm_2648,M. Šuver,23.09.1999,Mario Suver,23.09.1999,Croatia,Croatia,Borussia Dortmund II,Borussia Dortmund II,0.681818182,True
eafc_10491,tm_4754,M. Pala,15.08.2000,Mithat Pala,15.08.2000,Turkey,Turkey,Rizespor,Caykur Rizespor,0.681818182,True
eafc_6740,tm_4195,K. N'Dri,27.10.2000,Konan N’Dri,27.10.2000,Côte d'Ivoire,Cote d'Ivoire,OH Leuven,Oud-Heverlee Leuven,0.681818182,True
eafc_1346,tm_6655,Parejo,16.04.1989,Dani Parejo,16.04.1989,Spain,Spain,Villarreal,Villarreal CF,0.681818182,True
eafc_6013,tm_1407,Klauss,01.03.1997,João Klauss,01.03.1997,Brazil,Brazil,Saint Louis City,St. Louis CITY SC,0.681818182,True
eafc_9298,tm_3889,G. Kuol,15.09.2004,Garang Kuol,15.09.2004,Australia,Australia,FC Volendam,Newcastle United,0.681818182,True
eafc_6945,tm_10688,N. Nadj,24.12.2000,Niclas Nadj,24.12.2000,Germany,Germany,Paderborn,SC Paderborn 07,0.681818182,True
eafc_5119,tm_7742,H. Wolf,16.04.1999,Hannes Wolf,16.04.1999,Austria,Austria,Borussia Mönchengladbach,Borussia Mönchengladbach,0.681818182,True
eafc_7684,tm_8147,R. Saïd,15.03.2000,Rafiki Saïd,15.03.2000,Comoros,Comoros,Troyes,ESTAC Troyes,0.681818182,True
eafc_6379,tm_3487,J. Teze,30.09.1999,Jordan Teze,30.09.1999,Netherlands,Netherlands,PSV,PSV Eindhoven,0.681818182,True
eafc_7669,tm_1802,R. Bulić,10.12.2000,Rasim Bulic,10.12.2000,Germany,Germany,Jahn Regensburg,SSV Jahn Regensburg,0.681818182,True
eafc_4869,tm_10629,R. Ache,28.07.1998,Ragnar Ache,28.07.1998,Germany,Germany,Kaiserslautern,1.FC Kaiserslautern,0.681818182,True
eafc_1533,tm_9594,D. Dumić,30.01.1992,Dario Dumic,30.01.1992,Bosnia and Herzegovina,Bosnia-Herzegovina,Eldense,CD Eldense,0.681818182,True
eafc_9345,tm_9109,F. Tait,10.02.1993,Fabian Tait,10.02.1993,Italy,Italy,Südtirol,FC Südtirol,0.681818182,True
eafc_10342,tm_3973,C. Bonsu Baah,14.12.2004,Christopher Bonsu Baah,14.12.2004,Ghana,Ghana,Genk,KRC Genk,0.681818182,True
eafc_4379,tm_6537,Brahim,03.08.1999,Brahim Díaz,03.08.1999,Spain,Spain,Real Madrid,Real Madrid,0.681818182,True
eafc_5347,tm_1864,P. Sohm,02.11.1991,Pascal Sohm,02.11.1991,Germany,Germany,Waldhof Mannheim,SV Waldhof Mannheim,0.681818182,True
eafc_8954,tm_1378,B. Hlongwane,20.06.2000,Bongokuhle Hlongwane,20.06.2000,South Africa,South Africa,Minnesota United,Minnesota United FC,0.685,True
eafc_5504,tm_2774,M. Biankadi,09.05.1995,Merveille Biankadi,09.05.1995,Germany,Germany,DSC Arminia Bielefeld,Arminia Bielefeld,0.688888889,True
eafc_1293,tm_5904,L. Négo,15.01.1991,Loïc Nego,15.01.1991,Hungary,Hungary,Le Havre,Le Havre AC,0.688888889,True
eafc_2432,tm_2475,A. Majrashi,21.07.1991,Abdulaziz Majrashi,21.07.1991,Saudi Arabia,Saudi Arabia,Al Tai,Al-Tai FC,0.688888889,True
eafc_7151,tm_8622,S. Esposito,07.10.2000,Salvatore Esposito,07.10.2000,Italy,Italy,Spezia,Spezia Calcio,0.688888889,True
eafc_6391,tm_3358,M. Al Rubaie,14.08.1997,Mohammed Al-Rubaie,14.08.1997,Saudi Arabia,Saudi Arabia,Al Ahli Jeddah,Al-Hilal SFC,0.688888889,True
eafc_1291,tm_4184,J. Dom,29.11.1989,Joren Dom,29.11.1989,Belgium,Belgium,OH Leuven,Oud-Heverlee Leuven,0.688888889,True
eafc_2807,tm_10362,S. Schonlau,05.08.1994,Sebastian Schonlau,05.08.1994,Germany,Germany,Hamburger SV,Hamburger SV,0.688888889,True
eafc_3412,tm_4247,S. Ojo,19.06.1997,Sheyi Ojo,19.06.1997,England,England,Kortrijk,Cardiff City,0.688888889,True
eafc_2833,tm_10548,C. Mathenia,31.03.1992,Christian Mathenia,31.03.1992,Germany,Germany,Nürnberg,1.FC Nuremberg,0.688888889,True
eafc_6814,tm_1577,S. Anderson,08.08.2002,Sebastian Anderson,08.08.2002,United States,United States,Colorado Rapids,Colorado Rapids,0.688888889,True
eafc_6061,tm_7969,F. Agu,27.09.1999,Felix Agu,27.09.1999,Germany,Germany,Werder Bremen,SV Werder Bremen,0.688888889,True
eafc_1096,tm_9064,F. Dionisi,16.06.1987,Federico Dionisi,16.06.1987,Italy,Italy,Ternana,Ternana Calcio,0.69375,True
eafc_4881,tm_5801,M. Munetsi,22.06.1996,Marshall Munetsi,22.06.1996,Zimbabwe,Zimbabwe,Stade de Reims,Stade Reims,0.69375,True
eafc_10691,tm_9279,S. Mouriño,13.02.2002,Santiago Mouriño,13.02.2002,Uruguay,Uruguay,Real Zaragoza,Atlético de Madrid,0.69375,True
eafc_8972,tm_6017,K. Asllani,09.03.2002,Kristjan Asllani,09.03.2002,Albania,Albania,Inter,Inter Milan,0.69375,True
eafc_4522,tm_5140,C. Awaziem,01.01.1997,Chidozie Awaziem,01.01.1997,Nigeria,Nigeria,Boavista,Boavista FC,0.69375,True
eafc_10593,tm_4188,E. Banzuzi,16.02.2005,Ezechiel Banzuzi,16.02.2005,Netherlands,Netherlands,OH Leuven,Oud-Heverlee Leuven,0.69375,True
eafc_1795,tm_5766,B. Lecomte,26.04.1991,Benjamin Lecomte,26.04.1991,France,France,Montpellier,Montpellier HSC,0.69375,True
eafc_3680,tm_4748,H. Pehlivan,21.08.1993,Ibrahim Pehlivan,21.08.1993,Turkey,Turkey,Rizespor,Caykur Rizespor,0.69375,True
eafc_5991,tm_5552,L. Balerdi,26.01.1999,Leonardo Balerdi,26.01.1999,Argentina,Argentina,Olympique de Marseille,Olympique Marseille,0.69375,True
eafc_4677,tm_6596,Odriozola,14.12.1995,Álvaro Odriozola,14.12.1995,Spain,Spain,Real Sociedad,Real Sociedad,0.69375,True
eafc_1101,tm_8646,C. Ansaldi,20.09.1986,Cristian Ansaldi,20.09.1986,Argentina,Argentina,Parma,Parma Calcio 1913,0.69375,True
eafc_10171,tm_8636,R. Krollis,28.10.2001,Raimonds Krollis,28.10.2001,Latvia,Latvia,Spezia,Spezia Calcio,0.69375,True
eafc_10392,tm_1441,S. Afrifa,19.02.2001,Stephen Afrifa,19.02.2001,Canada,Canada,Sporting Kansas City,Sporting Kansas City,0.7,True
eafc_9771,tm_8386,J. Janneh,06.12.2002,Jocelyn Janneh,06.12.2002,Sierra Leone,Sierra Leone,Bastia,SC Bastia,0.7,True
eafc_3288,tm_8582,E. Salles,02.03.1994,Esteban Salles,02.03.1994,France,France,Concarneau,US Concarneau,0.7,True
eafc_7192,tm_3910,P. Vroegh,29.11.1999,Patrick Vroegh,29.11.1999,Netherlands,Netherlands,RKC Waalwijk,RKC Waalwijk,0.7,True
eafc_6165,tm_8438,G. Gbellé,16.12.1992,Garland Gbellé,16.12.1992,France,France,Quevilly Rouen,Quevilly - Rouen Métropole,0.7,True
eafc_8493,tm_9580,Aldasoro,05.06.1999,Aritz Aldasoro,05.06.1999,Spain,Spain,Racing Santander,Racing Santander,0.7,True
eafc_6121,tm_7086,A. Bayındır,14.04.1998,Altay Bayindir,14.04.1998,Turkey,Turkey,Manchester United,Manchester United,0.7,True
eafc_9062,tm_2792,D. Becker,09.01.2000,Dominik Becker,09.01.2000,Germany,Germany,Saarbrücken,1.FC Saarbrücken,0.7,True
eafc_6007,tm_7193,A. Gordon,24.02.2001,Anthony Gordon,24.02.2001,England,England,Newcastle United,Newcastle United,0.7,True
eafc_3484,tm_7852,Iago,22.05.1992,Iago,23.03.1997,Brazil,Brazil,Al Shabab,FC Augsburg,0.7,False
eafc_8538,tm_8505,T. Malbec,03.11.2001,Tidiane Malbec,03.11.2001,France,France,Annecy,FC Annecy,0.7,True
eafc_8907,tm_2574,K. Al Absi,28.05.2001,Khalil Al-Absi,28.05.2001,Saudi Arabia,Saudi Arabia,Al Hazem,Al-Nassr FC,0.7,True
eafc_5161,tm_1394,J. Nerwinski,16.10.1994,Jake Nerwinski,17.10.1994,United States,United States,Saint Louis City,St. Louis CITY SC,0.7,True
eafc_6982,tm_8548,T. Thomas,12.01.2002,Titouan Thomas,12.01.2002,France,France,Laval,Stade Lavallois,0.7,True
eafc_10881,tm_4639,Pedrinho,11.07.2002,Pedrinho,20.12.1992,Brazil,Portugal,Shakhtar Donetsk,MKE Ankaragücü,0.7,False
eafc_3199,tm_1019,L. Acosta,31.05.1994,Luciano Acosta,31.05.1994,Argentina,Argentina,Cincinnati,FC Cincinnati,0.7,True
eafc_5421,tm_9402,Vilanova,11.02.1997,Adrià Vilanova,11.02.1997,Spain,Spain,FC Andorra,FC Andorra,0.7,True
eafc_1510,tm_5676,A. Lacazette,28.05.1991,Alexandre Lacazette,28.05.1991,France,France,Olympique Lyonnais,Olympique Lyon,0.705263158,True
eafc_1856,tm_10133,R. Brady,14.01.1992,Robbie Brady,14.01.1992,Republic of Ireland,Ireland,Preston North End,Preston North End,0.708333333,True
eafc_8724,tm_2758,J. Krupa,26.04.2003,Jeroen Krupa,26.04.2003,Germany,Germany,Ingolstadt,FC Ingolstadt 04,0.708333333,True
eafc_4921,tm_4509,B. Özcan,15.02.1998,Berkay Özcan,15.02.1998,Turkey,Turkey,İstanbul Başakşehir,Basaksehir FK,0.708333333,True
eafc_2434,tm_1728,T. Pledl,23.05.1994,Thomas Pledl,23.05.1994,Germany,Germany,MSV Duisburg,MSV Duisburg,0.708333333,True
eafc_7706,tm_1989,M. Thiel,29.01.1995,Marvin Thiel,29.01.1995,Germany,Germany,VfB Lübeck,VfB Lübeck,0.708333333,True
eafc_11120,tm_2757,J. Kügel,30.03.1997,Julian Kügel,30.03.1997,Germany,Germany,Ingolstadt,FC Ingolstadt 04,0.708333333,True
eafc_5303,tm_8166,E. Owusu,07.11.1997,Elisha Owusu,07.11.1997,Ghana,Ghana,Auxerre,AJ Auxerre,0.708333333,True
eafc_1850,tm_2030,T. Geyer,06.03.1991,Thomas Geyer,06.03.1991,Germany,Germany,Ulm,SSV Ulm 1846,0.708333333,True
eafc_2626,tm_10515,J. Green,06.06.1995,Julian Green,06.06.1995,United States,United States,SpVgg Greuther Fürth,SpVgg Greuther Fürth,0.708333333,True
eafc_3692,tm_3825,Y. Namli,20.06.1994,Younes Namli,20.06.1994,Denmark,Denmark,PEC Zwolle,PEC Zwolle,0.708333333,True
eafc_5089,tm_8112,L. Fomba,26.01.1998,Lamine Fomba,26.01.1998,France,France,Saint-Étienne,AS Saint-Étienne,0.708333333,True
eafc_4025,tm_5776,F. Sacko,01.05.1995,Falaye Sacko,01.05.1995,Mali,Mali,Montpellier,Montpellier HSC,0.708333333,True
eafc_2123,tm_4796,B. Darri,14.09.1994,Brahim Darri,14.09.1994,Netherlands,Netherlands,Fatih Karagümrük,Fatih Karagümrük,0.708333333,True
eafc_9872,tm_5780,K. Fayad,09.06.2004,Khalil Fayad,09.06.2004,France,France,Montpellier,Montpellier HSC,0.708333333,True
eafc_1937,tm_1455,N. Byrne,05.06.1992,Nathan Byrne,05.06.1992,England,England,Charlotte,Charlotte FC,0.708333333,True
eafc_4885,tm_9905,C. Kipré,09.12.1996,Cédric Kipré,09.12.1996,Côte d'Ivoire,Cote d'Ivoire,West Bromwich Albion,West Bromwich Albion,0.708333333,True
eafc_6197,tm_1756,T. Bonga,10.01.1997,Tarsis Bonga,10.01.1997,Germany,Germany,1860 München,TSV 1860 Munich,0.708333333,True
eafc_9046,tm_6515,M. Soulé,15.04.2003,Matías Soulé,15.04.2003,Argentina,Argentina,Frosinone,Juventus FC,0.708333333,True
eafc_10072,tm_6473,M. Prati,28.12.2003,Matteo Prati,28.12.2003,Italy,Italy,Cagliari,Cagliari Calcio,0.708333333,True
eafc_6718,tm_3511,G. Ávila,30.09.2001,Gastón Ávila,30.09.2001,Argentina,Argentina,Ajax,Ajax Amsterdam,0.708333333,True
eafc_3820,tm_7648,B. Henrichs,23.02.1997,Benjamin Henrichs,23.02.1997,Germany,Germany,RB Leipzig,RB Leipzig,0.711764706,True
eafc_9656,tm_7692,D. Pejčinović,15.02.2005,Dzenan Pejcinovic,15.02.2005,Germany,Germany,VfL Wolfsburg,VfL Wolfsburg,0.711764706,True
eafc_4463,tm_1291,J. Niezgoda,15.03.1995,Jaroslaw Niezgoda,15.03.1995,Poland,Poland,Portland Timbers,Portland Timbers,0.711764706,True
eafc_5024,tm_7567,N. Mazraoui,14.11.1997,Noussair Mazraoui,14.11.1997,Morocco,Morocco,FC Bayern München,Bayern Munich,0.711764706,True
eafc_2369,tm_2694,P. Vlachodimos,12.10.1991,Panagiotis Vlachodimos,12.10.1991,Greece,Greece,Dynamo Dresden,SG Dynamo Dresden,0.713636364,True
eafc_10822,tm_2342,Y. Al Aqeel,08.03.1997,Yousef Al-Aqeel,08.03.1997,Saudi Arabia,Saudi Arabia,Abha,Abha Club,0.72,True
eafc_6653,tm_4672,L. Prip,29.06.1997,Louka Prip,29.06.1997,Denmark,Denmark,Konyaspor,Konyaspor,0.72,True
eafc_10654,tm_9048,C. Travaglini,07.01.2000,Christian Travaglini,07.01.2000,Italy,Italy,Ternana,Cagliari Calcio,0.72,True
eafc_1031,tm_1553,M. Bradley,31.07.1987,Michael Bradley,31.07.1987,United States,United States,Toronto,Toronto FC,0.72,True
eafc_2825,tm_6394,L. Montipò,20.02.1996,Lorenzo Montipò,20.02.1996,Italy,Italy,Hellas Verona,Hellas Verona,0.72,True
eafc_1487,tm_6265,R. Pereyra,07.01.1991,Roberto Pereyra,07.01.1991,Argentina,Argentina,Udinese,Udinese Calcio,0.72,True
eafc_3177,tm_4251,T. Ambrose,28.03.1997,Thierry Ambrose,28.03.1997,France,Guadeloupe,Kortrijk,KV Kortrijk,0.72,True
eafc_3748,tm_2490,M. Dugandžić,07.04.1994,Marko Dugandzic,07.04.1994,Croatia,Croatia,Al Tai,Al-Tai FC,0.72,True
eafc_7646,tm_6363,L. Colombo,08.03.2002,Lorenzo Colombo,08.03.2002,Italy,Italy,Monza,AC Milan,0.72,True
eafc_10309,tm_1040,H. Endeley,09.10.2001,Herbert Endeley,09.10.2001,United States,United States,Dallas,FC Dallas,0.72,True
eafc_8507,tm_2135,S. Biuk,26.12.2002,Stipe Biuk,26.12.2002,Croatia,Croatia,Los Angeles FC,Los Angeles FC,0.72,True
eafc_5275,tm_6971,Guridi,28.02.1995,Jon Guridi,28.02.1995,Spain,Spain,Deportivo Alavés,Deportivo Alavés,0.72,True
eafc_9417,tm_3874,B. Plat,05.04.2000,Brian Plat,05.04.2000,Netherlands,Netherlands,FC Volendam,FC Volendam,0.72,True
eafc_4413,tm_5370,T. Phete,04.04.1994,Cafú Phete,04.04.1994,South Africa,South Africa,Chaves,GD Chaves,0.72,True
eafc_1003,tm_5792,L. Butelle,03.04.1983,Ludovic Butelle,03.04.1983,France,France,Stade de Reims,Stade Reims,0.72,True
eafc_2509,tm_9962,D. Lenihan,16.03.1994,Darragh Lenihan,16.03.1994,Republic of Ireland,Ireland,Middlesbrough,Middlesbrough FC,0.72,True
eafc_2950,tm_10468,V. Vermeij,09.08.1994,Vincent Vermeij,09.08.1994,Netherlands,Netherlands,Fortuna Düsseldorf,Fortuna Düsseldorf,0.72,True
eafc_2498,tm_2463,F. Al Johani,26.10.1991,Fahad Al-Juhani,26.10.1991,Saudi Arabia,Saudi Arabia,Damac,Damac FC,0.72,True
eafc_8731,tm_3715,L. Hartjes,07.04.2003,Lennard Hartjes,07.04.2003,Netherlands,Netherlands,Excelsior,,0.72,True
eafc_5337,tm_10652,S. Vasiliadis,04.10.1997,Sebastian Vasiliadis,04.10.1997,Greece,Greece,Hansa Rostock,FC Hansa Rostock,0.72,True
eafc_2891,tm_7426,K. Tete,09.10.1995,Kenny Tete,09.10.1995,Netherlands,Netherlands,Fulham,Fulham FC,0.72,True
eafc_8435,tm_8343,Y. Haouari,13.02.2003,Yassine Haouari,13.02.2003,France,France,Valenciennes,Valenciennes FC,0.72,True
eafc_5398,tm_4897,S. Çiftpınar,01.01.1993,Sadik Ciftpinar,01.01.1993,Turkey,Turkey,Kasımpaşa,Kasimpasa,0.72,True
eafc_5049,tm_7756,R. Koch,17.07.1996,Robin Koch,17.07.1996,Germany,Germany,Eintracht Frankfurt,Leeds United,0.72,True
eafc_7870,tm_6669,C. Riad,17.06.2003,Chadi Riad,17.06.2003,Morocco,Morocco,Real Betis,FC Barcelona,0.72,True
eafc_10370,tm_1686,L. Laux,14.10.2002,Lucas Laux,14.10.2002,Germany,Germany,Sandhausen,1.FSV Mainz 05,0.72,True
eafc_1398,tm_7248,M. Antonio,28.03.1990,Michail Antonio,28.03.1990,Jamaica,Jamaica,West Ham United,West Ham United,0.72,True
eafc_5132,tm_3722,L. Lamprou,19.12.1997,Lazaros Lamprou,19.12.1997,Greece,Greece,Excelsior,Excelsior Rotterdam,0.72,True
eafc_8963,tm_5490,B. Barcola,02.09.2002,Bradley Barcola,02.09.2002,France,France,Paris Saint Germain,Paris Saint-Germain,0.72,True
eafc_10618,tm_7901,J. Milošević,31.07.2005,Jovan Milosevic,31.07.2005,Serbia,Serbia,VfB Stuttgart,VfB Stuttgart,0.72,True
eafc_10382,tm_8331,S. Boudraa,30.06.2003,Sofiane Boudraa,30.06.2003,Algeria,France,Valenciennes,Valenciennes FC,0.72,True
eafc_1424,tm_3347,S. Al Faraj,01.08.1989,Salman Al-Faraj,01.08.1989,Saudi Arabia,Saudi Arabia,Al Hilal,Al-Hilal SFC,0.72,True
eafc_9131,tm_1241,P. Schulte,13.03.2001,Patrick Schulte,13.03.2001,United States,United States,Columbus Crew,Columbus Crew,0.72,True
eafc_7867,tm_9077,G. Ferrarini,09.04.2000,Gabriele Ferrarini,09.04.2000,Italy,Italy,FeralpiSalò,ACF Fiorentina,0.727777778,True
eafc_3317,tm_6423,F. Bonazzoli,21.05.1997,Federico Bonazzoli,21.05.1997,Italy,Italy,Hellas Verona,US Salernitana 1919,0.727777778,True
eafc_4728,tm_10544,J. Eggestein,08.05.1998,Johannes Eggestein,08.05.1998,Germany,Germany,St. Pauli,FC St. Pauli,0.727777778,True
eafc_8660,tm_10733,M. Beifus,27.10.2002,Marcel Beifus,27.10.2002,Germany,Germany,Karlsruher SC,Karlsruher SC,0.730769231,True
eafc_7277,tm_7815,A. Szalai,20.01.1998,Attila Szalai,20.01.1998,Hungary,Hungary,TSG Hoffenheim,TSG 1899 Hoffenheim,0.730769231,True
eafc_6169,tm_4814,J. Vuković,02.05.1992,Josip Vukovic,02.05.1992,Croatia,Croatia,Pendikspor,Pendikspor,0.730769231,True
eafc_2655,tm_1976,J. Löhden,16.07.1989,Jannik Löhden,16.07.1989,Germany,Germany,VfB Lübeck,VfB Lübeck,0.730769231,True
eafc_5147,tm_9928,N. Bishop,15.10.1999,Nathan Bishop,15.10.1999,England,England,Sunderland,Sunderland AFC,0.730769231,True
eafc_4562,tm_10535,M. Hartel,19.01.1996,Marcel Hartel,19.01.1996,Germany,Germany,St. Pauli,FC St. Pauli,0.730769231,True
eafc_8058,tm_5539,F. Rieder,16.02.2002,Fabian Rieder,16.02.2002,Switzerland,Switzerland,Rennes,Stade Rennais FC,0.730769231,True
eafc_1039,tm_6309,B. Costil,03.07.1987,Benoît Costil,03.07.1987,France,France,Salernitana,US Salernitana 1919,0.730769231,True
eafc_2454,tm_2219,A. Rusnák,07.07.1994,Albert Rusnák,07.07.1994,Slovakia,Slovakia,Seattle Sounders,Seattle Sounders FC,0.730769231,True
eafc_9620,tm_8298,L. Doucet,14.09.2002,Lohann Doucet,14.09.2002,France,France,Paris,FC Nantes,0.730769231,True
eafc_1543,tm_10478,J. Börner,21.01.1991,Julian Börner,21.01.1991,Germany,Germany,Hannover 96,,0.730769231,True
eafc_3732,tm_1541,S. Rosted,22.07.1994,Sigurd Rosted,22.07.1994,Norway,Norway,Toronto,Toronto FC,0.730769231,True
eafc_7390,tm_3676,S. Hansen,18.05.2002,Sontje Hansen,18.05.2002,Netherlands,Netherlands,NEC,NEC Nijmegen,0.730769231,True
eafc_8182,tm_9977,M. Rogers,26.07.2002,Morgan Rogers,26.07.2002,England,England,Middlesbrough,Middlesbrough FC,0.730769231,True
eafc_3375,tm_10623,M. Ritter,15.10.1994,Marlon Ritter,15.10.1994,Germany,Germany,Kaiserslautern,1.FC Kaiserslautern,0.730769231,True
eafc_3576,tm_10782,H. Kuruçay,31.08.1997,Hasan Kurucay,31.08.1997,Turkey,Turkey,Eintracht Braunschweig,Eintracht Braunschweig,0.730769231,True
eafc_1450,tm_3788,G. Nauber,13.04.1992,Gerrit Nauber,13.04.1992,Germany,Germany,Go Ahead Eagles,Go Ahead Eagles,0.730769231,True
eafc_9466,tm_3709,S. Seymor,04.01.2002,Serano Seymor,04.01.2002,Netherlands,Netherlands,Excelsior,Excelsior Rotterdam,0.730769231,True
eafc_2713,tm_2556,T. Al Absi,22.02.1993,Talal Al-Absi,22.02.1993,Saudi Arabia,Saudi Arabia,Al Hazem,Al-Hazem SC,0.730769231,True
eafc_3534,tm_7768,E. Skhiri,10.05.1995,Ellyes Skhiri,10.05.1995,Tunisia,Tunisia,Eintracht Frankfurt,Eintracht Frankfurt,0.730769231,True
eafc_8798,tm_9758,S. Edozie,28.01.2003,Samuel Edozie,28.01.2003,England,England,Southampton,Southampton FC,0.730769231,True
eafc_2406,tm_3591,J. Brenet,20.03.1994,Joshua Brenet,20.03.1994,Netherlands,Netherlands,FC Twente,Twente Enschede FC,0.730769231,True
eafc_2803,tm_10120,A. Hughes,05.06.1992,Andrew Hughes,05.06.1992,Wales,Wales,Preston North End,Preston North End,0.730769231,True
eafc_10883,tm_8426,A. Courel,20.04.2004,Arsène Courel,20.04.2004,France,France,Quevilly Rouen,Quevilly - Rouen Métropole,0.730769231,True
eafc_8310,tm_8601,N. Chadli,28.07.2001,Nassim Chadli,28.07.2001,Morocco,Morocco,Concarneau,Le Havre AC,0.730769231,True
eafc_7094,tm_8241,D. Meddah,06.10.2002,Daylam Meddah,06.10.2002,France,France,Caen,SM Caen,0.730769231,True
eafc_7959,tm_3513,D. Rensch,18.01.2003,Devyne Rensch,18.01.2003,Netherlands,Netherlands,Ajax,Ajax Amsterdam,0.730769231,True
eafc_6259,tm_7834,M. Bülter,29.03.1993,Marius Bülter,29.03.1993,Germany,Germany,TSG Hoffenheim,TSG 1899 Hoffenheim,0.730769231,True
eafc_3771,tm_8033,M. Mehlem,11.09.1997,Marvin Mehlem,11.09.1997,Germany,Germany,Darmstadt 98,SV Darmstadt 98,0.730769231,True
eafc_5450,tm_3572,V. Jensen,08.02.2000,Victor Jensen,08.02.2000,Denmark,Denmark,FC Utrecht,FC Utrecht,0.730769231,True
eafc_4573,tm_1463,K. Jóźwiak,22.04.1998,Kamil Józwiak,22.04.1998,Poland,Poland,Charlotte,Charlotte FC,0.730769231,True
eafc_1592,tm_7198,C. Wilson,27.02.1992,Callum Wilson,27.02.1992,England,England,Newcastle United,Newcastle United,0.730769231,True
eafc_3638,tm_1272,M. Araujo,24.10.1994,Miguel Araujo,24.10.1994,Peru,Peru,Portland Timbers,Portland Timbers,0.730769231,True
eafc_2530,tm_4582,M. Fofana,23.11.1991,Moryké Fofana,23.11.1991,Côte d'Ivoire,Cote d'Ivoire,Samsunspor,Samsunspor,0.730769231,True
eafc_5902,tm_10323,M. Miller,02.12.1995,Mickel Miller,02.12.1995,England,England,Plymouth Argyle,Plymouth Argyle,0.730769231,True
eafc_7918,tm_4205,B. Popovic,26.02.2000,Boris Popović,26.02.2000,Serbia,Serbia,Cercle Brugge,Cercle Brugge,0.730769231,True
eafc_7498,tm_4163,Y. Matsuo,23.07.1997,Yusuke Matsuo,23.07.1997,Japan,Japan,Westerlo,,0.730769231,True
eafc_10316,tm_4663,N. Rak,26.07.2003,Niko Rak,26.07.2003,Croatia,Croatia,Konyaspor,Konyaspor,0.7375,True
eafc_5649,tm_6161,N. González,06.04.1998,Nicolás González,06.04.1998,Argentina,Argentina,Fiorentina,ACF Fiorentina,0.7375,True
eafc_9655,tm_5032,O. Diomande,04.12.2003,Ousmane Diomande,04.12.2003,Côte d'Ivoire,Cote d'Ivoire,Sporting CP,Sporting CP,0.7375,True
eafc_8282,tm_3437,F. Al Ghamdi,13.08.2001,Faisal Al-Ghamdi,13.08.2001,Saudi Arabia,Saudi Arabia,Al Ittihad,Al-Ittihad Club,0.7375,True
eafc_3791,tm_8127,N. Lemaître,12.01.1997,Nicolas Lemaître,12.01.1997,France,France,Troyes,ESTAC Troyes,0.7375,True
eafc_11085,tm_8702,D. Ghilardi,06.01.2003,Daniele Ghilardi,06.01.2003,Italy,Italy,Sampdoria,Hellas Verona,0.7375,True
eafc_6680,tm_4261,J. Král,05.04.1999,Jan Kral,05.04.1999,Czech Republic,Czech Republic,AS Eupen,KAS Eupen,0.7375,True
eafc_2703,tm_4057,L. Depoitre,07.12.1988,Laurent Depoitre,07.12.1988,Belgium,Belgium,Gent,KAA Gent,0.7375,True
eafc_1367,tm_6192,Ł. Skorupski,05.05.1991,Lukasz Skorupski,05.05.1991,Poland,Poland,Bologna,Bologna FC 1909,0.7375,True
eafc_8145,tm_1509,J. Gal,06.04.1993,Jeff Gal,06.04.1993,United States,United States,Chicago Fire,Chicago Fire FC,0.7375,True
eafc_3927,tm_8880,L. Dickmann,24.09.1996,Lorenzo Dickmann,24.09.1996,Italy,Italy,Brescia,,0.7375,True
eafc_5900,tm_1552,B. Servania,12.03.1999,Brandon Servania,12.03.1999,United States,United States,Toronto,Toronto FC,0.7375,True
eafc_7179,tm_4014,K. Sardella,02.05.2002,Killian Sardella,02.05.2002,Belgium,Belgium,Anderlecht,RSC Anderlecht,0.7375,True
eafc_8755,tm_2399,O. Al Othman,15.04.2003,Othman Al-Othman,15.04.2003,Saudi Arabia,Saudi Arabia,Al Fateh,Al-Fateh SC,0.7375,True
eafc_5149,tm_1412,K. McIntosh,24.01.1994,Kendall McIntosh,24.01.1994,United States,United States,Sporting Kansas City,Sporting Kansas City,0.7375,True
eafc_7557,tm_4000,A. Valencia,21.07.2003,Anthony Valencia,21.07.2003,Ecuador,Ecuador,Antwerp,Royal Antwerp FC,0.7375,True
eafc_5509,tm_8625,S. Żurkowski,25.09.1997,Szymon Zurkowski,25.09.1997,Poland,Poland,Spezia,Spezia Calcio,0.7375,True
eafc_5053,tm_10361,D. Hadžikadunić,09.07.1998,Dennis Hadzikadunic,09.07.1998,Bosnia and Herzegovina,Bosnia-Herzegovina,Hamburger SV,,0.742105263,True
eafc_10197,tm_8861,G. Morachioli,27.02.2000,Gregorio Morachioli,27.02.2000,Italy,Italy,Bari 1908,SSC Bari,0.742105263,True
eafc_2740,tm_1357,C. Irwin,01.04.1989,Clint Irwin,01.04.1989,United States,United States,Minnesota United,Minnesota United FC,0.745454545,True
eafc_8763,tm_3656,R. Roefs,17.01.2003,Robin Roefs,17.01.2003,Netherlands,Netherlands,NEC,NEC Nijmegen,0.745454545,True
eafc_6605,tm_2098,A. Sejdič,29.11.1996,Amar Sejdic,29.11.1996,Germany,United States,Atlanta United,Atlanta United FC,0.745454545,True
eafc_1932,tm_4526,E. Özbir,25.10.1989,Ertac Özbir,25.10.1989,Turkey,Turkey,Adana Demirspor,Adana Demirspor,0.745454545,True
eafc_10920,tm_2761,J. Busse,10.09.2005,Jonah Busse,10.09.2005,Germany,Germany,DSC Arminia Bielefeld,Arminia Bielefeld,0.745454545,True
eafc_5560,tm_4580,C. Holse,02.06.1999,Carlo Holse,02.06.1999,Denmark,Denmark,Samsunspor,Samsunspor,0.745454545,True
eafc_6573,tm_7635,A. Hložek,25.07.2002,Adam Hlozek,25.07.2002,Czech Republic,Czech Republic,Bayer 04 Leverkusen,Bayer 04 Leverkusen,0.745454545,True
eafc_2793,tm_1290,Y. Chará,02.04.1991,Yimmi Chará,02.04.1991,Colombia,Colombia,Portland Timbers,Portland Timbers,0.745454545,True
eafc_6098,tm_10279,B. Diaby,17.12.1997,Bambo Diaby,17.12.1997,Senegal,Spain,Sheffield Wednesday,Sheffield Wednesday,0.745454545,True
eafc_9396,tm_3514,A. Gaaei,19.11.2002,Anton Gaaei,19.11.2002,Denmark,Denmark,Ajax,Ajax Amsterdam,0.745454545,True
eafc_9351,tm_8787,M. Curto,05.01.1999,Marco Curto,05.01.1999,Italy,Italy,Como,FC Südtirol,0.745454545,True
eafc_4541,tm_4186,K. Misao,16.04.1996,Kento Misao,16.04.1996,Japan,Japan,OH Leuven,Oud-Heverlee Leuven,0.745454545,True
eafc_11028,tm_5562,E. Soglo,11.07.2005,Emran Soglo,11.07.2005,England,England,Olympique de Marseille,Olympique Marseille,0.745454545,True
eafc_2718,tm_10106,J. Allen,29.01.1995,Jamie Allen,29.01.1995,England,England,Coventry City,Coventry City,0.745454545,True
eafc_4919,tm_6883,A. Mumin,06.06.1998,Abdul Mumin,06.06.1998,Ghana,Ghana,Rayo Vallecano,Rayo Vallecano,0.745454545,True
eafc_8782,tm_10499,J. Urbig,08.08.2003,Jonas Urbig,08.08.2003,Germany,Germany,SpVgg Greuther Fürth,1.FC Köln,0.745454545,True
eafc_9890,tm_7672,F. Lange,13.03.2004,Felix Lange,13.03.2004,Germany,Germany,VfL Wolfsburg,VfL Wolfsburg,0.745454545,True
eafc_3344,tm_7721,J. Omlin,10.01.1994,Jonas Omlin,10.01.1994,Switzerland,Switzerland,Borussia Mönchengladbach,Borussia Mönchengladbach,0.745454545,True
eafc_1582,tm_7654,K. Kampl,09.10.1990,Kevin Kampl,09.10.1990,Slovenia,Slovenia,RB Leipzig,RB Leipzig,0.745454545,True
eafc_1407,tm_6788,D. Blind,09.03.1990,Daley Blind,09.03.1990,Netherlands,Netherlands,Girona,Girona FC,0.745454545,True
eafc_7464,tm_3389,N. Al Aqidi,10.05.2000,Nawaf Al-Aqidi,10.05.2000,Saudi Arabia,Saudi Arabia,Al Nassr,Al-Nassr FC,0.75,True
eafc_6795,tm_10631,D. Hanslik,06.10.1996,Daniel Hanslik,06.10.1996,Germany,Germany,Kaiserslautern,1.FC Kaiserslautern,0.75,True
eafc_4460,tm_1597,A. Tarbell,07.10.1993,Andrew Tarbell,07.10.1993,United States,United States,Houston Dynamo,Houston Dynamo FC,0.75,True
eafc_3855,tm_4323,A. De Sart,12.11.1996,Alexis De Sart,12.11.1996,Belgium,Belgium,RWDM,RWD Molenbeek,0.75,True
eafc_11244,tm_8871,S. Cortese,17.08.2005,Simone Cortese,17.08.2005,Italy,Italy,Brescia,Brescia Calcio,0.75,True
eafc_3664,tm_8872,A. Cistana,01.04.1997,Andrea Cistana,01.04.1997,Italy,Italy,Brescia,Brescia Calcio,0.75,True
eafc_9446,tm_1875,S. Voelcke,23.02.2002,Sascha Voelcke,23.02.2002,Germany,Germany,Rot-Weiss Essen,Rot-Weiss Essen,0.75,True
eafc_9538,tm_2539,N. Al Hadhood,31.05.2002,Nasser Hadhood,31.05.2002,Saudi Arabia,Saudi Arabia,Al Raed,Al-Raed SFC,0.75,True
eafc_1694,tm_7984,M. Riemann,09.09.1988,Manuel Riemann,09.09.1988,Germany,Germany,VfL Bochum 1848,VfL Bochum,0.75,True
eafc_2593,tm_10742,J. Gondorf,26.06.1988,Jérôme Gondorf,26.06.1988,Germany,Germany,Karlsruher SC,Karlsruher SC,0.75,True
eafc_7984,tm_10202,H. Roberts,10.05.2002,Haydon Roberts,10.05.2002,England,England,Bristol City,Bristol City,0.75,True
eafc_4746,tm_1360,B. Dibassy,11.08.1989,Bakaye Dibassy,11.08.1989,Mali,Mali,Minnesota United,Minnesota United FC,0.75,True
eafc_5441,tm_9768,P. Struijk,11.08.1999,Pascal Struijk,11.08.1999,Netherlands,Netherlands,Leeds United,Leeds United,0.75,True
eafc_7181,tm_7684,J. Kamiński,05.06.2002,Jakub Kaminski,05.06.2002,Poland,Poland,VfL Wolfsburg,VfL Wolfsburg,0.75,True
eafc_10256,tm_1361,M. Marqués,08.09.2001,Mikael Marqués,08.09.2001,Sweden,Sweden,Minnesota United,Minnesota United FC,0.75,True
eafc_2669,tm_4437,A. Masuaku,07.11.1993,Arthur Masuaku,07.11.1993,Congo DR,DR Congo,Beşiktaş,Besiktas JK,0.75,True
eafc_7768,tm_9108,D. Peeters,26.01.1999,Daouda Peeters,26.01.1999,Belgium,Belgium,Südtirol,,0.75,True
eafc_1033,tm_1613,H. Herrera,19.04.1990,Héctor Herrera,19.04.1990,Mexico,Mexico,Houston Dynamo,Houston Dynamo FC,0.75,True
eafc_1852,tm_6449,N. Sansone,10.09.1991,Nicola Sansone,10.09.1991,Italy,Italy,Lecce,US Lecce,0.75,True
eafc_6858,tm_7746,N. Ngoumou,14.03.2000,Nathan Ngoumou,14.03.2000,France,France,Borussia Mönchengladbach,Borussia Mönchengladbach,0.75,True
eafc_9157,tm_6382,J. Fazzini,16.03.2003,Jacopo Fazzini,16.03.2003,Italy,Italy,Empoli,FC Empoli,0.75,True
eafc_10009,tm_5954,H. Idasiak,03.02.2002,Hubert Idasiak,03.02.2002,Poland,Poland,Napoli,SSC Napoli,0.75,True
eafc_6639,tm_7711,A. Schäfer,13.04.1999,András Schäfer,13.04.1999,Hungary,Hungary,FC Union Berlin,1.FC Union Berlin,0.75,True
eafc_2245,tm_7663,Y. Poulsen,15.06.1994,Yussuf Poulsen,15.06.1994,Denmark,Denmark,RB Leipzig,RB Leipzig,0.75,True
eafc_2536,tm_6118,D. Cataldi,06.08.1994,Danilo Cataldi,06.08.1994,Italy,Italy,Lazio,SS Lazio,0.75,True
eafc_2022,tm_4329,X. Mercier,25.07.1989,Xavier Mercier,25.07.1989,France,France,RWDM,RWD Molenbeek,0.75,True
eafc_1399,tm_10497,H. Nielsen,15.07.1993,Havard Nielsen,15.07.1993,Norway,Norway,Hannover 96,Hannover 96,0.75,True
eafc_9354,tm_4220,K. Olaigbe,02.01.2003,Kazeem Olaigbe,02.01.2003,Belgium,Belgium,Cercle Brugge,Cercle Brugge,0.75,True
eafc_6566,tm_5605,B. Diakité,06.01.2001,Bafodé Diakité,06.01.2001,France,France,Lille,LOSC Lille,0.75,True
eafc_4817,tm_10486,M. Besuschkow,01.05.1997,Max Besuschkow,31.05.1997,Germany,Germany,Hannover 96,Hannover 96,0.75,True
eafc_9790,tm_1393,A. Markanich,26.12.1999,Anthony Markanich,26.12.1999,United States,United States,Saint Louis City,St. Louis CITY SC,0.752941176,True
eafc_7532,tm_1566,A. Rodriguez,19.07.2002,Abraham Rodriguez,19.07.2002,United States,United States,Colorado Rapids,Colorado Rapids,0.752941176,True
eafc_7977,tm_8396,F. Bianchini,25.06.2001,Florian Bianchini,25.06.2001,France,France,Bastia,SC Bastia,0.752941176,True
eafc_10414,tm_3966,Z. El Ouahdi,31.12.2001,Zakaria El Ouahdi,31.12.2001,Morocco,Morocco,Genk,KRC Genk,0.752941176,True
eafc_2453,tm_6110,A. Romagnoli,12.01.1995,Alessio Romagnoli,12.01.1995,Italy,Italy,Lazio,SS Lazio,0.752941176,True
eafc_3609,tm_9736,K. Iheanacho,03.10.1996,Kelechi Iheanacho,03.10.1996,Nigeria,Nigeria,Leicester City,Leicester City,0.752941176,True
eafc_6872,tm_4707,Anderson Oliveira,21.11.1997,Anderson Silva,21.11.1997,Brazil,Brazil,Alanyaspor,Alanyaspor,0.752941176,True
eafc_1952,tm_6724,D. Foulquier,23.03.1993,Dimitri Foulquier,23.03.1993,France,Guadeloupe,Valencia,Valencia CF,0.752941176,True
eafc_1014,tm_2119,G. Chiellini,14.08.1984,Giorgio Chiellini,14.08.1984,Italy,Italy,Los Angeles FC,Los Angeles FC,0.752941176,True
eafc_8812,tm_7412,J. Rak-Sakyi,05.10.2002,Jesurun Rak-Sakyi,05.10.2002,England,England,Crystal Palace,Crystal Palace,0.752941176,True
eafc_9144,tm_3523,A. van Axel Dongen,29.09.2004,Amourricho van Axel Dongen,29.09.2004,Netherlands,Netherlands,Ajax,Ajax Amsterdam,0.757692308,True
eafc_2941,tm_6671,Abner,30.05.1996,Abner,27.05.2000,Brazil,Brazil,RWDM,Real Betis Balompié,0.76,False
eafc_9521,tm_4962,V. Ethemi,03.10.1997,Valon Ethemi,03.10.1997,North Macedonia,North Macedonia,İstanbulspor,Istanbulspor,0.766666667,True
eafc_5162,tm_4222,K. Denkey,30.11.2000,Kévin Denkey,30.11.2000,Togo,Togo,Cercle Brugge,Cercle Brugge,0.766666667,True
eafc_10579,tm_9142,A. Tessiore,01.10.1999,Andrea Tessiore,01.10.1999,Italy,Italy,Cittadella,AS Cittadella,0.766666667,True
eafc_9307,tm_9830,J. Morris,23.11.2001,James Morris,23.11.2001,England,England,Watford,Watford FC,0.766666667,True
eafc_1673,tm_9799,G. Hanley,20.11.1991,Grant Hanley,20.11.1991,Scotland,Scotland,Norwich City,Norwich City,0.766666667,True
eafc_2691,tm_2585,Ó. Duarte,03.06.1989,Óscar Duarte,03.06.1989,Costa Rica,Costa Rica,Al Wahda,Al-Wehda FC,0.766666667,True
eafc_9729,tm_8506,G. Jean,19.02.2000,Gaby Jean,19.02.2000,France,France,Annecy,FC Annecy,0.766666667,True
eafc_3628,tm_7847,R. Oxford,16.12.1998,Reece Oxford,16.12.1998,England,England,FC Augsburg,FC Augsburg,0.766666667,True
eafc_1259,tm_9995,A. Ramsey,26.12.1990,Aaron Ramsey,26.12.1990,Wales,Wales,Cardiff City,Cardiff City,0.766666667,True
eafc_7529,tm_1032,N. Tafari,23.03.1997,Nkosi Tafari,23.03.1997,United States,United States,Dallas,FC Dallas,0.766666667,True
eafc_7273,tm_5589,H. Boudaoui,23.09.1999,Hicham Boudaoui,23.09.1999,Algeria,Algeria,Nice,OGC Nice,0.766666667,True
eafc_1426,tm_8638,L. Chichizola,27.03.1990,Leandro Chichizola,27.03.1990,Argentina,Argentina,Parma,Parma Calcio 1913,0.766666667,True
eafc_4404,tm_10138,E. Riis,24.06.1998,Emil Riis,24.06.1998,Denmark,Denmark,Preston North End,Preston North End,0.766666667,True
eafc_5193,tm_3543,D. Mihailovic,10.11.1998,Djordje Mihailovic,10.11.1998,United States,United States,AZ Alkmaar,AZ Alkmaar,0.766666667,True
eafc_8716,tm_7474,A. Al Dakhil,06.03.2002,Ameen Al-Dakhil,06.03.2002,Belgium,Belgium,Burnley,Burnley FC,0.766666667,True
eafc_3252,tm_5519,B. Embolo,14.02.1997,Breel Embolo,14.02.1997,Switzerland,Switzerland,Monaco,AS Monaco,0.766666667,True
eafc_5367,tm_6191,P. Pellegri,17.03.2001,Pietro Pellegri,17.03.2001,Italy,Italy,Torino,Torino FC,0.766666667,True
eafc_6664,tm_5169,N. Galović,06.07.1992,Nino Galovic,06.07.1992,Croatia,Croatia,Arouca,FC Arouca,0.766666667,True
eafc_6070,tm_10182,T. Richards,04.12.2000,Taylor Richards,04.12.2000,England,England,Queens Park Rangers,Queens Park Rangers,0.766666667,True
eafc_9544,tm_10421,J. Heekeren,27.11.2000,Justin Heekeren,27.11.2000,Germany,Germany,Schalke 04,FC Schalke 04,0.766666667,True
eafc_7705,tm_4334,N. Dailly,06.11.2001,Niklo Dailly,06.11.2001,Belgium,Belgium,RWDM,RWD Molenbeek,0.766666667,True
eafc_10399,tm_1760,M. Ouro-Tagba,17.12.2004,Mansour Ouro-Tagba,17.12.2004,United States,United States,1860 München,TSV 1860 Munich,0.766666667,True
eafc_7915,tm_6178,I. Ilić,17.03.2001,Ivan Ilić,17.03.2001,Serbia,Serbia,Torino,Torino FC,0.766666667,True
eafc_3611,tm_4566,M. Bola,09.12.1997,Marc Bola,09.12.1997,England,England,Samsunspor,Samsunspor,0.766666667,True
eafc_10255,tm_1419,C. Rindov,08.10.2001,Chris Rindov,08.10.2001,United States,United States,Sporting Kansas City,Sporting Kansas City,0.766666667,True
eafc_1318,tm_3629,E. Room,06.02.1989,Eloy Room,06.02.1989,Curacao,Curacao,Vitesse,Vitesse Arnhem,0.766666667,True
eafc_6559,tm_1589,K. Cabral,10.07.1999,Kévin Cabral,10.07.1999,France,France,Colorado Rapids,Colorado Rapids,0.766666667,True
eafc_9385,tm_5604,L. Yoro,13.11.2005,Leny Yoro,13.11.2005,France,France,Lille,LOSC Lille,0.766666667,True
eafc_1035,tm_7009,S. Carson,03.09.1985,Scott Carson,03.09.1985,England,England,Manchester City,Manchester City,0.766666667,True
eafc_8395,tm_1303,M. Campagna,27.06.2004,Matteo Campagna,27.06.2004,Canada,Canada,Vancouver Whitecaps,Vancouver Whitecaps FC,0.766666667,True
eafc_2383,tm_9823,D. Bachmann,09.07.1994,Daniel Bachmann,09.07.1994,Austria,Austria,Watford,Watford FC,0.766666667,True
eafc_6702,tm_5184,B. Michel,23.10.1997,Benji Michel,23.10.1997,United States,United States,Arouca,FC Arouca,0.766666667,True
eafc_6833,tm_7032,K. Hein,13.04.2002,Karl Hein,13.04.2002,Estonia,Estonia,Arsenal,Arsenal FC,0.766666667,True
eafc_3614,tm_9731,S. Mavididi,31.05.1998,Stephy Mavididi,31.05.1998,England,England,Leicester City,Leicester City,0.766666667,True
eafc_2368,tm_3617,T. Haye,09.02.1995,Thom Haye,09.02.1995,Netherlands,Netherlands,SC Heerenveen,SC Heerenveen,0.766666667,True
eafc_9422,tm_8697,F. Stanković,25.02.2002,Filip Stankovic,25.02.2002,Serbia,Serbia,Sampdoria,Inter Milan,0.766666667,True
eafc_2393,tm_8819,M. Modolo,23.03.1989,Marco Modolo,23.03.1989,Italy,Italy,Venezia,Venezia FC,0.766666667,True
eafc_9739,tm_4356,R. Yamamoto,12.12.2001,Rihito Yamamoto,12.12.2001,Japan,Japan,Sint-Truiden,,0.766666667,True
eafc_6683,tm_1401,T. Ostrák,05.02.2000,Tomás Ostrák,05.02.2000,Czech Republic,Czech Republic,Saint Louis City,St. Louis CITY SC,0.766666667,True
eafc_5075,tm_5265,D. Adeniran,02.01.1999,Dennis Adeniran,02.01.1999,England,England,Portimonense,Portimonense SC,0.766666667,True
eafc_2254,tm_10618,E. Durm,12.05.1992,Erik Durm,12.05.1992,Germany,Germany,Kaiserslautern,1.FC Kaiserslautern,0.766666667,True
eafc_8910,tm_7517,J. McAtee,18.10.2002,James McAtee,18.10.2002,England,England,Sheffield United,Manchester City,0.766666667,True
eafc_1304,tm_7283,J. Steele,18.08.1990,Jason Steele,18.08.1990,England,England,Brighton & Hove Albion,Brighton & Hove Albion,0.766666667,True
eafc_8095,tm_10406,B. Dárdai,24.01.2006,Bence Dárdai,24.01.2006,Germany,Germany,Hertha BSC,,0.766666667,True
eafc_9165,tm_8046,F. Feller,07.01.2004,Frank Feller,07.01.2004,Germany,Germany,Heidenheim,1.FC Heidenheim 1846,0.766666667,True
eafc_7018,tm_4772,J. Mary,09.03.1993,John Mary,09.03.1993,Cameroon,Cameroon,Rizespor,Caykur Rizespor,0.766666667,True
eafc_5767,tm_6694,Nolaskoain,25.10.1998,Peru Nolaskoain,25.10.1998,Spain,Spain,Athletic Club,Athletic Bilbao,0.766666667,True
eafc_4652,tm_10265,D. Kasumu,05.10.1999,David Kasumu,05.10.1999,Nigeria,England,Huddersfield Town,Huddersfield Town,0.766666667,True
eafc_9750,tm_1620,N. Quiñónes,20.08.2002,Nelson Quiñónes,20.08.2002,Colombia,Colombia,Houston Dynamo,Houston Dynamo FC,0.766666667,True
eafc_9921,tm_8968,B. Bayeye,30.06.2000,Brian Bayeye,30.06.2000,France,DR Congo,Ascoli,Torino FC,0.766666667,True
eafc_1960,tm_7120,V. van Dijk,08.07.1991,Virgil van Dijk,08.07.1991,Netherlands,Netherlands,Liverpool,Liverpool FC,0.766666667,True
eafc_1765,tm_3520,S. Berghuis,19.12.1991,Steven Berghuis,19.12.1991,Netherlands,Netherlands,Ajax,Ajax Amsterdam,0.766666667,True
eafc_10145,tm_2706,F. Bouebari,12.09.2003,Franci Bouebari,12.09.2003,France,France,Freiburg II,SC Freiburg II,0.766666667,True
eafc_5354,tm_6044,W. McKennie,28.08.1998,Weston McKennie,28.08.1998,United States,United States,Juventus,Juventus FC,0.766666667,True
eafc_4891,tm_10345,O. Rathbone,10.10.1996,Oliver Rathbone,10.10.1996,England,England,Rotherham United,Rotherham United,0.766666667,True
eafc_1563,tm_7448,C. Dawson,06.05.1990,Craig Dawson,06.05.1990,England,England,Wolverhampton Wanderers,Wolverhampton Wanderers,0.766666667,True
eafc_10386,tm_7762,D. Gebuhr,06.05.2003,Dario Gebuhr,06.05.2003,Germany,Germany,Eintracht Frankfurt,Eintracht Frankfurt,0.766666667,True
eafc_1321,tm_6157,G. Bonaventura,22.08.1989,Giacomo Bonaventura,22.08.1989,Italy,Italy,Fiorentina,ACF Fiorentina,0.778947368,True
eafc_4857,tm_1832,P. Kammerbauer,11.02.1997,Patrick Kammerbauer,11.02.1997,Germany,Germany,Verl,SC Verl,0.778947368,True
eafc_5995,tm_3951,M. Vandevoordt,26.02.2002,Maarten Vandevoordt,26.02.2002,Belgium,Belgium,Genk,RB Leipzig,0.778947368,True
eafc_3519,tm_6154,G. Castrovilli,17.02.1997,Gaetano Castrovilli,17.02.1997,Italy,Italy,Fiorentina,ACF Fiorentina,0.778947368,True
eafc_2142,tm_9014,S. Scognamillo,04.05.1994,Stefano Scognamillo,04.05.1994,Italy,Italy,Catanzaro,US Catanzaro,0.778947368,True
eafc_4842,tm_8681,M. Castagnetti,27.12.1989,Michele Castagnetti,27.12.1989,Italy,Italy,Cremonese,US Cremonese,0.778947368,True
eafc_9575,tm_6494,I. Monterisi,19.12.2001,Ilario Monterisi,19.12.2001,Italy,Italy,Frosinone,Frosinone Calcio,0.78125,True
eafc_2355,tm_2350,S. Al Qumayzi,30.10.1991,Saleh Al-Qumayzi,30.10.1991,Saudi Arabia,Saudi Arabia,Abha,Abha Club,0.78125,True
eafc_1967,tm_7176,J. Lascelles,11.11.1993,Jamaal Lascelles,11.11.1993,England,England,Newcastle United,Newcastle United,0.78125,True
eafc_8300,tm_4462,K. Moradaoğlu,10.01.2003,Kagan Moradaoglu,10.01.2003,Turkey,Turkey,Trabzonspor,Trabzonspor,0.78125,True
eafc_3391,tm_8264,P. Lemonnier,06.07.1993,Pierre Lemonnier,06.07.1993,France,France,Guingamp,EA Guingamp,0.78125,True
eafc_5372,tm_2310,S. Al Khaibari,18.09.1989,Sami Al-Khaybari,18.09.1989,Saudi Arabia,Saudi Arabia,Al Fayha,,0.78125,True
eafc_6218,tm_8022,T. Isherwood,28.01.1998,Thomas Isherwood,28.01.1998,Sweden,Sweden,Darmstadt 98,SV Darmstadt 98,0.78125,True
eafc_9336,tm_6388,N. Cambiaghi,28.12.2000,Nicolò Cambiaghi,28.12.2000,Italy,Italy,Empoli,Atalanta BC,0.78125,True
eafc_10135,tm_8574,Á. Orelien,02.04.2001,Ángel Orelien,02.04.2001,Panama,Panama,Dunkerque,USL Dunkerque,0.784615385,True
eafc_2877,tm_10217,H. Cornick,09.04.1995,Harry Cornick,09.04.1995,England,England,Bristol City,Bristol City,0.784615385,True
eafc_2576,tm_4270,K. Möhwald,03.07.1993,Kevin Möhwald,03.07.1993,Germany,Germany,AS Eupen,KAS Eupen,0.784615385,True
eafc_1518,tm_1985,H. Behrens,26.03.1990,Hanno Behrens,26.03.1990,Germany,Germany,VfB Lübeck,VfB Lübeck,0.784615385,True
eafc_6064,tm_8269,L. Vallier,24.04.1999,Lenny Vallier,24.04.1999,France,France,Guingamp,EA Guingamp,0.784615385,True
eafc_8255,tm_10228,E. Baggott,23.10.2002,Elkan Baggott,23.10.2002,Indonesia,Indonesia,Ipswich Town,Ipswich Town,0.784615385,True
eafc_8958,tm_10393,L. Gechter,27.02.2004,Linus Gechter,27.02.2004,Germany,Germany,Hertha BSC,Hertha BSC,0.784615385,True
eafc_9118,tm_9860,A. Abdulai,09.12.2002,Azeem Abdulai,09.12.2002,Scotland,Scotland,Swansea City,Swansea City,0.784615385,True
eafc_7874,tm_2130,F. Krastev,15.10.2001,Filip Krastev,15.10.2001,Bulgaria,Bulgaria,Los Angeles FC,,0.784615385,True
eafc_7838,tm_1297,I. Boehmer,20.11.2001,Isaac Boehmer,20.11.2001,Canada,Canada,Vancouver Whitecaps,Vancouver Whitecaps FC,0.784615385,True
eafc_8258,tm_1893,E. Bördner,18.02.2002,Elias Bördner,18.02.2002,Germany,Germany,Viktoria Köln,FC Viktoria Köln,0.784615385,True
eafc_2149,tm_1962,B. Tashchy,26.07.1993,Boris Tashchy,26.07.1993,Ukraine,Ukraine,Erzgebirge Aue,FC Erzgebirge Aue,0.784615385,True
eafc_2650,tm_10373,J. Meffert,04.09.1994,Jonas Meffert,04.09.1994,Germany,Germany,Hamburger SV,Hamburger SV,0.784615385,True
eafc_7429,tm_1151,H. Kessler,25.06.1998,Henry Kessler,25.06.1998,United States,United States,New England,New England Revolution,0.784615385,True
eafc_7590,tm_10250,J. Chapman,22.10.2000,Jacob Chapman,22.10.2000,Australia,Australia,Huddersfield Town,Huddersfield Town,0.784615385,True
eafc_9833,tm_6447,M. Berisha,21.10.2003,Medon Berisha,21.10.2003,Kosovo,Albania,Lecce,US Lecce,0.784615385,True
eafc_1747,tm_8812,J. Joronen,21.03.1993,Jesse Joronen,21.03.1993,Finland,Finland,Venezia,Venezia FC,0.784615385,True
eafc_10702,tm_4692,L. Augusto,26.02.2000,Loide Augusto,26.02.2000,Angola,Angola,Alanyaspor,Alanyaspor,0.784615385,True
eafc_9290,tm_1899,D. Kubatta,29.10.2003,David Kubatta,29.10.2003,Germany,Germany,Viktoria Köln,FC Viktoria Köln,0.784615385,True
eafc_9060,tm_9956,M. Burstow,04.08.2003,Mason Burstow,04.08.2003,England,England,Sunderland,,0.784615385,True
eafc_4780,tm_8302,Y. Demoncy,07.04.1996,Yohan Demoncy,07.04.1996,France,France,Paris,Paris FC,0.784615385,True
eafc_1119,tm_5734,K. Gameiro,09.05.1987,Kévin Gameiro,09.05.1987,France,France,Strasbourg,RC Strasbourg Alsace,0.784615385,True
eafc_4527,tm_9853,J. Tymon,22.05.1999,Josh Tymon,22.05.1999,England,England,Swansea City,Swansea City,0.79,True
eafc_5216,tm_7862,A. Maier,08.01.1999,Arne Maier,08.01.1999,Germany,Germany,FC Augsburg,FC Augsburg,0.79,True
eafc_1483,tm_8365,R. Nouri,07.06.1985,Riad Nouri,07.06.1985,France,France,Ajaccio,AC Ajaccio,0.79,True
eafc_6028,tm_1191,P. Marie,24.03.1995,Paul Marie,24.03.1995,France,France,San Jose Earthquakes,San Jose Earthquakes,0.79,True
eafc_10939,tm_8529,Z. Bengueddoudj,21.02.2000,Zakaria Bengueddoudj,21.02.2000,France,France,Annecy,FC Annecy,0.79,True
eafc_6062,tm_10313,B. Mumba,08.10.2001,Bali Mumba,08.10.2001,England,England,Plymouth Argyle,Plymouth Argyle,0.79,True
eafc_9309,tm_5638,A. Diouf,17.05.2003,Andy Diouf,17.05.2003,France,France,Lens,RC Lens,0.79,True
eafc_6006,tm_10184,S. Duke-McKenna,17.08.2000,Stephen Duke-McKenna,17.08.2000,Guyana,Guyana,Queens Park Rangers,Queens Park Rangers,0.79,True
eafc_6993,tm_6099,C. De Ketelaere,10.03.2001,Charles De Ketelaere,10.03.2001,Belgium,Belgium,Atalanta,AC Milan,0.79,True
eafc_5826,tm_9327,A. Bamba,06.07.1999,Axel Bamba,06.07.1999,Côte d'Ivoire,Cote d'Ivoire,Sporting Gijón,Sporting Gijón,0.79,True
eafc_1080,tm_6204,L. De Silvestri,23.05.1988,Lorenzo De Silvestri,23.05.1988,Italy,Italy,Bologna,Bologna FC 1909,0.79,True
eafc_6850,tm_10287,M. Diaby,03.09.1996,Momo Diaby,03.09.1996,France,France,Sheffield Wednesday,Portimonense SC,0.79,True
eafc_10549,tm_9153,M. Battistini,18.02.1994,Matteo Battistini,18.02.1994,Italy,Italy,Lecco,Calcio Lecco 1912,0.794117647,True
eafc_6049,tm_5247,Heriberto Tavares,19.02.1997,Heri Tavares,19.02.1997,Portugal,Portugal,Estoril,GD Estoril Praia,0.794117647,True
eafc_7308,tm_5544,A. Kalimuendo,20.01.2002,Arnaud Kalimuendo,20.01.2002,France,France,Rennes,Stade Rennais FC,0.794117647,True
eafc_3020,tm_8181,C. Hountondji,19.01.1994,Cédric Hountondji,19.01.1994,Benin,Benin,Angers SCO,Angers SCO,0.794117647,True
eafc_7037,tm_1742,F. Greilinger,13.09.2000,Fabian Greilinger,13.09.2000,Germany,Germany,1860 München,TSV 1860 Munich,0.794117647,True
eafc_6144,tm_6440,Y. Ramadani,12.04.1996,Ylber Ramadani,12.04.1996,Albania,Albania,Lecce,US Lecce,0.8,True
eafc_8887,tm_4119,M. Boukamir,26.01.2004,Mehdi Boukamir,26.01.2004,Belgium,Morocco,Sporting Charleroi,RSC Charleroi,0.8,True
eafc_7255,tm_8695,F. Tsadjout,28.07.1999,Frank Tsadjout,28.07.1999,Italy,Italy,Cremonese,US Cremonese,0.8,True
eafc_3167,tm_2548,R. Al Ghamdi,06.05.1994,Raed Al-Ghamdi,06.05.1994,Saudi Arabia,Saudi Arabia,Al Raed,Al-Raed SFC,0.8,True
eafc_4643,tm_1649,N. Robertha,13.02.1998,Nigel Robertha,13.02.1998,Curacao,Curacao,DC United,D.C. United,0.8,True
eafc_5952,tm_7884,J. Vagnoman,11.12.2000,Josha Vagnoman,11.12.2000,Germany,Germany,VfB Stuttgart,VfB Stuttgart,0.8,True
eafc_1265,tm_1430,R. Espinoza,25.10.1986,Róger Espinoza,25.10.1986,Honduras,Honduras,Sporting Kansas City,Sporting Kansas City,0.8,True
eafc_1608,tm_4260,J. Davidson,29.06.1991,Jason Davidson,29.06.1991,Australia,Australia,AS Eupen,KAS Eupen,0.8,True
eafc_8243,tm_5276,R. Carrillo,08.09.1996,Ronie Carrillo,08.09.1996,Ecuador,Ecuador,Portimonense,Portimonense SC,0.8,True
eafc_5464,tm_10151,D. McNamara,27.12.1998,Danny McNamara,27.12.1998,Republic of Ireland,Ireland,Millwall,Millwall FC,0.8,True
eafc_2595,tm_2710,S. Braun-Schumacher,04.07.1988,Sandrino Braun-Schumacher,04.07.1988,Germany,Germany,Freiburg II,SC Freiburg II,0.804,True
eafc_6739,tm_7342,J. Branthwaite,27.06.2002,Jarrad Branthwaite,27.06.2002,England,England,Everton,Everton FC,0.805555556,True
eafc_2984,tm_4919,A. Appindangoye,20.02.1992,Aaron Appindangoyé,20.02.1992,Gabon,Gabon,Sivasspor,Sivasspor,0.805555556,True
eafc_3287,tm_1690,L. Zander,09.08.1995,Luca Zander,09.08.1995,Germany,Germany,Sandhausen,SV Sandhausen,0.809090909,True
eafc_9142,tm_1924,N. Koulis,04.05.1999,Niko Koulis,04.05.1999,Germany,Germany,Preußen Münster,Preußen Münster,0.809090909,True
eafc_10507,tm_3761,J. Jacobs,10.04.2000,Joey Jacobs,10.04.2000,Netherlands,Netherlands,Almere City,Almere City FC,0.809090909,True
eafc_8220,tm_5806,R. Khadra,04.07.2001,Reda Khadra,04.07.2001,Germany,Germany,Stade de Reims,Stade Reims,0.809090909,True
eafc_4860,tm_10280,A. Famewo,09.11.1998,Akin Famewo,09.11.1998,England,England,Sheffield Wednesday,Sheffield Wednesday,0.809090909,True
eafc_4785,tm_10850,N. Rieble,22.08.1995,Nico Rieble,22.08.1995,Germany,Germany,Wehen Wiesbaden,SV Wehen Wiesbaden,0.809090909,True
eafc_7006,tm_4267,G. Magnée,12.10.1999,Gary Magnée,12.10.1999,Belgium,Belgium,AS Eupen,KAS Eupen,0.809090909,True
eafc_3232,tm_10779,T. Casali,14.11.1995,Tino Casali,14.11.1995,Austria,Austria,Eintracht Braunschweig,Eintracht Braunschweig,0.809090909,True
eafc_3613,tm_5669,A. Maitland-Niles,29.08.1997,Ainsley Maitland-Niles,29.08.1997,England,England,Olympique Lyonnais,Olympique Lyon,0.809090909,True
eafc_1457,tm_8825,M. Jajalo,25.05.1988,Mato Jajalo,25.05.1988,Bosnia and Herzegovina,Bosnia-Herzegovina,Venezia,Venezia FC,0.809090909,True
eafc_6698,tm_1204,C. Cowell,14.10.2003,Cade Cowell,14.10.2003,United States,United States,San Jose Earthquakes,San Jose Earthquakes,0.809090909,True
eafc_10420,tm_2055,C. Jensen,22.01.2001,Cole Jensen,22.01.2001,United States,United States,Inter Miami,Inter Miami CF,0.809090909,True
eafc_1883,tm_10065,J. Bonham,14.09.1993,Jack Bonham,14.09.1993,Republic of Ireland,Ireland,Stoke City,Stoke City,0.809090909,True
eafc_6856,tm_7935,L. Kilian,01.09.1999,Luca Kilian,01.09.1999,Germany,Germany,FC Köln,1.FC Köln,0.809090909,True
eafc_1927,tm_9975,M. Crooks,20.01.1994,Matt Crooks,20.01.1994,England,England,Middlesbrough,Middlesbrough FC,0.809090909,True
eafc_2983,tm_10058,R. Hedges,08.07.1995,Ryan Hedges,08.07.1995,Wales,Wales,Blackburn Rovers,Blackburn Rovers,0.809090909,True
eafc_6254,tm_5114,T. Borevković,18.06.1997,Toni Borevkovic,18.06.1997,Croatia,Croatia,Vitória SC,Vitória Guimarães SC,0.813333333,True
eafc_1360,tm_3850,M. Vejinović,03.02.1990,Marko Vejinović,03.02.1990,Netherlands,Netherlands,Heracles Almelo,Heracles Almelo,0.813333333,True
eafc_9497,tm_10416,D. Scherhant,10.11.2002,Derry Scherhant,10.11.2002,Germany,Germany,Hertha BSC,Hertha BSC,0.813333333,True
eafc_7715,tm_5573,T. Boulhendi,09.04.2001,Teddy Boulhendi,09.04.2001,Algeria,Algeria,Nice,OGC Nice,0.813333333,True
eafc_10940,tm_8272,L. Maronnier,09.03.2000,Lucas Maronnier,09.03.2000,France,France,Guingamp,EA Guingamp,0.813333333,True
eafc_7561,tm_2032,L. Yarbrough,07.04.1996,Lamar Yarbrough,07.04.1996,Germany,Germany,Ulm,SSV Ulm 1846,0.813333333,True
eafc_3128,tm_5473,L. Hernández,14.02.1996,Lucas Hernández,14.02.1996,France,France,Paris Saint Germain,Paris Saint-Germain,0.813333333,True
eafc_10801,tm_2770,H. Obermeyer,17.04.2006,Henry Obermeyer,17.04.2006,Germany,Germany,DSC Arminia Bielefeld,Arminia Bielefeld,0.813333333,True
eafc_6729,tm_8250,C. Zady Sery,20.12.1999,Caleb Zady Sery,20.12.1999,Côte d'Ivoire,Cote d'Ivoire,Caen,SM Caen,0.813333333,True
eafc_3554,tm_5655,D. Ćaleta-Car,17.09.1996,Duje Caleta-Car,17.09.1996,Croatia,Croatia,Olympique Lyonnais,Southampton FC,0.813333333,True
eafc_2087,tm_6701,Ruiz de Galarreta,06.08.1993,Iñigo Ruiz de Galarreta,06.08.1993,Spain,Spain,Athletic Club,Athletic Bilbao,0.817391304,True
eafc_2194,tm_1246,R. Camacho,05.03.1991,Rudy Camacho,05.03.1991,France,France,Columbus Crew,Columbus Crew,0.825,True
eafc_1774,tm_10664,L. Hinterseer,28.03.1991,Lukas Hinterseer,28.03.1991,Austria,Austria,Hansa Rostock,FC Hansa Rostock,0.825,True
eafc_9384,tm_7831,U. Tohumcu,11.08.2004,Umut Tohumcu,11.08.2004,Germany,Germany,TSG Hoffenheim,TSG 1899 Hoffenheim,0.825,True
eafc_10749,tm_8098,Ž. Vipotnik,18.03.2002,Zan Vipotnik,18.03.2002,Slovenia,Slovenia,Bordeaux,FC Girondins Bordeaux,0.825,True
eafc_5726,tm_4062,Z. Vanheusden,29.07.1999,Zinho Vanheusden,29.07.1999,Belgium,Belgium,Standard Liège,Inter Milan,0.825,True
eafc_7393,tm_3545,S. Mijnans,09.03.2000,Sven Mijnans,09.03.2000,Netherlands,Netherlands,AZ Alkmaar,AZ Alkmaar,0.825,True
eafc_10736,tm_2708,J. Bichsel,04.03.2002,Joel Bichsel,04.03.2002,Switzerland,Switzerland,Freiburg II,,0.825,True
eafc_2277,tm_6016,H. Çalhanoğlu,08.02.1994,Hakan Çalhanoğlu,08.02.1994,Turkey,Turkey,Inter,Inter Milan,0.825,True
eafc_2195,tm_5795,Y. Abdelhamid,28.09.1987,Yunis Abdelhamid,28.09.1987,Morocco,Morocco,Stade de Reims,Stade Reims,0.825,True
eafc_6831,tm_8402,A. Tchaptchet,21.12.2001,Allan Tchaptchet,21.12.2001,France,France,Grenoble Foot 38,Grenoble Foot 38,0.825,True
eafc_1427,tm_1062,M. Yoshida,24.08.1988,Maya Yoshida,24.08.1988,Japan,Japan,LA Galaxy,Los Angeles Galaxy,0.825,True
eafc_1251,tm_4147,R. Neustädter,18.02.1988,Roman Neustädter,18.02.1988,Russia,Russia,Westerlo,KVC Westerlo,0.825,True
eafc_4540,tm_4091,K. Machida,25.08.1997,Koki Machida,25.08.1997,Japan,Japan,Union Saint-Gilloise,Royale Union Saint-Gilloise,0.825,True
eafc_7379,tm_10272,K. Harratt,21.06.2002,Kian Harratt,21.06.2002,England,England,Huddersfield Town,Huddersfield Town,0.825,True
eafc_1439,tm_10027,G. Gardner,29.06.1992,Gary Gardner,29.06.1992,England,England,Birmingham City,Birmingham City,0.825,True
eafc_2523,tm_8320,L. Woudenberg,25.04.1994,Lucas Woudenberg,25.04.1994,Netherlands,Netherlands,Valenciennes,Valenciennes FC,0.825,True
eafc_7001,tm_10712,J. Hugonet,24.11.1999,Jean Hugonet,24.11.1999,France,France,Magdeburg,1.FC Magdeburg,0.825,True
eafc_3319,tm_5611,A. Zedadka,30.05.1995,Akim Zedadka,30.05.1995,Algeria,Algeria,Lille,LOSC Lille,0.825,True
eafc_5824,tm_6169,P. Schuurs,26.11.1999,Perr Schuurs,26.11.1999,Netherlands,Netherlands,Torino,Torino FC,0.825,True
eafc_8046,tm_10050,A. Wharton,06.02.2004,Adam Wharton,02.06.2004,England,England,Blackburn Rovers,Blackburn Rovers,0.825,True
eafc_4387,tm_7323,J. Dasilva,23.10.1998,Josh Dasilva,23.10.1998,England,England,Brentford,Brentford FC,0.825,True
eafc_1914,tm_10257,J. Ruffels,23.10.1993,Josh Ruffels,23.10.1993,England,England,Huddersfield Town,Huddersfield Town,0.825,True
eafc_4617,tm_4055,H. Cuypers,07.02.1997,Hugo Cuypers,07.02.1997,Belgium,Belgium,Gent,KAA Gent,0.825,True
eafc_3245,tm_3855,E. Hansson,15.06.1998,Emil Hansson,15.06.1998,Sweden,Sweden,Heracles Almelo,Heracles Almelo,0.825,True
eafc_3813,tm_9676,L. Ferrone,07.06.1993,Luca Ferrone,07.06.1993,Italy,Italy,Racing Ferrol,Racing Ferrol,0.825,True
eafc_9024,tm_3686,R. Meissen,24.02.2002,Rick Meissen,24.02.2002,Netherlands,Netherlands,Sparta Rotterdam,Sparta Rotterdam,0.825,True
eafc_10739,tm_9017,D. Krastev,10.02.2003,Dimo Krastev,10.02.2003,Bulgaria,Bulgaria,Catanzaro,ACF Fiorentina,0.825,True
eafc_9366,tm_7771,H. Larsson,27.06.2004,Hugo Larsson,27.06.2004,Sweden,Sweden,Eintracht Frankfurt,Eintracht Frankfurt,0.825,True
eafc_6696,tm_1606,T. Schmitt,28.05.1997,Tate Schmitt,28.05.1997,United States,United States,Houston Dynamo,Houston Dynamo FC,0.825,True
eafc_5475,tm_3639,M. Meulensteen,04.07.1999,Melle Meulensteen,04.07.1999,Netherlands,Netherlands,Vitesse,Vitesse Arnhem,0.835294118,True
eafc_2562,tm_8270,A. Ben Mohamed,08.12.1994,Ayman Ben Mohamed,08.12.1994,Tunisia,Tunisia,Guingamp,EA Guingamp,0.835294118,True
eafc_2284,tm_4308,T. Defourny,25.04.1992,Théo Defourny,25.04.1992,Belgium,Belgium,RWDM,RWD Molenbeek,0.838461538,True
eafc_9314,tm_8956,L. Bolletta,26.11.2004,Luca Bolletta,26.11.2004,Italy,Italy,Ascoli,Ascoli Calcio,0.838461538,True
eafc_6882,tm_8568,R. Boissier,22.02.1994,Rémy Boissier,22.02.1994,France,France,Dunkerque,USL Dunkerque,0.838461538,True
eafc_10314,tm_1143,S. Mohammed,27.08.2003,Shak Mohammed,27.08.2003,Ghana,Ghana,Orlando City,Orlando City SC,0.838461538,True
eafc_10554,tm_4052,M. Fernandez-Pardo,03.02.2005,Matias Fernandez-Pardo,03.02.2005,Belgium,Belgium,Gent,KAA Gent,0.840909091,True
eafc_1839,tm_4213,H. Van Der Bruggen,01.04.1993,Hannes Van Der Bruggen,01.04.1993,Belgium,Belgium,Cercle Brugge,Cercle Brugge,0.840909091,True
eafc_11482,tm_2925,Song Long,20.08.1989,Long Song,20.08.1989,China PR,China,Shandong Taishan,Shandong Taishan,0.844444444,True
eafc_1958,tm_4621,B. Assombalonga,06.12.1992,Britt Assombalonga,06.12.1992,Congo DR,DR Congo,Antalyaspor,Antalyaspor,0.844444444,True
eafc_10056,tm_1313,A. Ahmed,10.10.2000,Ali Ahmed,10.10.2000,Canada,Canada,Vancouver Whitecaps,Vancouver Whitecaps FC,0.844444444,True
eafc_5983,tm_3987,S. Vines,31.05.1999,Sam Vines,31.05.1999,United States,United States,Antwerp,Royal Antwerp FC,0.844444444,True
eafc_7206,tm_9901,J. Griffiths,05.09.2001,Josh Griffiths,05.09.2001,England,England,West Bromwich Albion,West Bromwich Albion,0.85,True
eafc_2056,tm_3578,M. Seuntjens,17.04.1992,Mats Seuntjens,17.04.1992,Netherlands,Netherlands,FC Utrecht,FC Utrecht,0.85,True
eafc_1315,tm_9834,J. Livermore,14.11.1989,Jake Livermore,14.11.1989,England,England,Watford,Watford FC,0.85,True
eafc_3816,tm_9996,A. Rinomhota,21.04.1997,Andy Rinomhota,21.04.1997,England,England,Cardiff City,Cardiff City,0.85,True
eafc_7260,tm_9945,A. Aouchiche,15.07.2002,Adil Aouchiche,15.07.2002,France,France,Sunderland,Sunderland AFC,0.85,True
eafc_8688,tm_8156,T. De Percin,02.02.2001,Théo De Percin,02.02.2001,France,Martinique,Auxerre,AJ Auxerre,0.85,True
eafc_4946,tm_8924,L. Strizzolo,29.04.1992,Luca Strizzolo,29.04.1992,Italy,Italy,Modena,Modena FC,0.85,True
eafc_7821,tm_6156,G. Infantino,19.05.2003,Gino Infantino,19.05.2003,Argentina,Argentina,Fiorentina,ACF Fiorentina,0.85,True
eafc_1500,tm_10010,N. Etheridge,07.02.1990,Neil Etheridge,07.02.1990,Philippines,Philippines,Birmingham City,Birmingham City,0.85,True
eafc_9585,tm_4978,António Silva,31.10.2003,António Silva,30.10.2003,Portugal,Portugal,Benfica,SL Benfica,0.85,True
eafc_9719,tm_5338,Miguel Nóbrega,14.04.2000,Miguel Nóbrega,17.04.2000,Portugal,Portugal,Rio Ave,Rio Ave FC,0.85,True
eafc_6396,tm_7445,M. Kilman,23.05.1997,Max Kilman,23.05.1997,England,England,Wolverhampton Wanderers,Wolverhampton Wanderers,0.86,True
eafc_2121,tm_9070,L. Ceppitelli,11.08.1989,Luca Ceppitelli,11.08.1989,Italy,Italy,FeralpiSalò,Feralpisalò,0.86,True
eafc_6695,tm_1036,S. Junqua,09.11.1996,Sam Junqua,09.11.1996,United States,United States,Dallas,FC Dallas,0.86,True
eafc_8933,tm_6682,A. Ezzalzouli,17.12.2001,Abde Ezzalzouli,17.12.2001,Morocco,Morocco,Real Betis,Real Betis Balompié,0.86,True
eafc_1335,tm_10360,T. Mickel,19.04.1989,Tom Mickel,19.04.1989,Germany,Germany,Hamburger SV,Hamburger SV,0.86,True
eafc_7435,tm_5549,S. Ngapandouetnbu,12.04.2003,Simon Ngapandouetnbu,12.04.2003,Cameroon,Cameroon,Olympique de Marseille,Olympique Marseille,0.86,True
eafc_7673,tm_1271,Z. McGraw,08.06.1997,Zac McGraw,08.06.1997,Canada,Canada,Portland Timbers,Portland Timbers,0.86,True
eafc_9274,tm_1007,I. Murphy,16.01.2000,Ian Murphy,16.01.2000,United States,United States,Cincinnati,FC Cincinnati,0.86,True
eafc_11067,tm_4616,E. Bilsel,04.01.2004,Ege Bilsel,04.01.2004,Azerbaijan,Turkey,Antalyaspor,Antalyaspor,0.86,True
eafc_8061,tm_1725,T. Köther,22.02.2001,Tim Köther,22.02.2001,Germany,Germany,MSV Duisburg,1.FC Heidenheim 1846,0.86,True
eafc_9405,tm_1299,M. Anchor,21.07.2004,Max Anchor,21.07.2004,Canada,Canada,Vancouver Whitecaps,Vancouver Whitecaps FC,0.86,True
eafc_5336,tm_1932,R. Preißinger,21.07.1996,Rico Preißinger,21.07.1996,Germany,Germany,Preußen Münster,Preußen Münster,0.86,True
eafc_4570,tm_10482,S. Muroya,05.04.1994,Sei Muroya,05.04.1994,Japan,Japan,Hannover 96,Hannover 96,0.86,True
eafc_1047,tm_7087,T. Heaton,15.04.1986,Tom Heaton,15.04.1986,England,England,Manchester United,Manchester United,0.86,True
eafc_7859,tm_8671,L. Lochoshvili,29.05.1998,Luka Lochoshvili,29.05.1998,Georgia,Georgia,Cremonese,US Cremonese,0.86875,True
eafc_9414,tm_3683,M. Eerdhuijzen,13.07.2000,Mike Eerdhuijzen,13.07.2000,Netherlands,Netherlands,Sparta Rotterdam,Sparta Rotterdam,0.86875,True
eafc_6553,tm_4022,Y. Verschaeren,12.07.2001,Yari Verschaeren,12.07.2001,Belgium,Belgium,Anderlecht,RSC Anderlecht,0.86875,True
eafc_6825,tm_9849,B. Cabango,30.05.2000,Ben Cabango,30.05.2000,Wales,Wales,Swansea City,Swansea City,0.872727273,True
eafc_6215,tm_8602,F. El Khoumisti,01.06.1993,Fahd El Khoumisti,01.06.1993,France,France,Concarneau,US Concarneau,0.876470588,True
eafc_2758,tm_7376,J. Rothwell,11.01.1995,Joe Rothwell,11.01.1995,England,England,AFC Bournemouth,AFC Bournemouth,0.883333333,True
eafc_5315,tm_10472,L. Weinkauf,07.07.1996,Leo Weinkauf,07.07.1996,Germany,Germany,Hannover 96,Hannover 96,0.883333333,True
eafc_4547,tm_10097,J. Latibeaudiere,06.01.2000,Joel Latibeaudiere,06.01.2000,Jamaica,Jamaica,Coventry City,Coventry City,0.883333333,True
eafc_7302,tm_9974,S. Greenwood,26.01.2002,Sam Greenwood,26.01.2002,England,England,Middlesbrough,Leeds United,0.892307692,True
eafc_2479,tm_2547,Júlio Tavares,19.11.1988,Julio Tavarès,19.11.1988,Cape Verde Islands,Cape Verde,Al Raed,Al-Raed SFC,0.892307692,True
eafc_11159,tm_7940,M. Finkgräfe,27.03.2004,Max Finkgräfe,27.03.2004,Germany,Germany,FC Köln,1.FC Köln,0.892307692,True
eafc_7442,tm_10035,J. Stansfield,24.11.2002,Jay Stansfield,24.11.2002,England,England,Birmingham City,Fulham FC,0.9,True
eafc_11194,tm_8615,I. Gelashvili,08.04.2001,Iva Gelashvili,08.04.2001,Georgia,Georgia,Spezia,,0.9,True
eafc_4898,tm_9217,Aleix Febas,22.02.1996,Aleix Febas,02.02.1996,Spain,Spain,Elche,Elche CF,0.9,True
eafc_5480,tm_10558,T. Handwerker,19.05.1998,Tim Handwerker,19.05.1998,Germany,Germany,Nürnberg,1.FC Nuremberg,0.9,True
eafc_7725,tm_7722,J. Olschowsky,18.11.2001,Jan Olschowsky,18.11.2001,Germany,Germany,Borussia Mönchengladbach,Borussia Mönchengladbach,0.9,True
eafc_5972,tm_2244,M. Adams,23.09.1996,Mo Adams,23.09.1996,England,England,Al Shabab,Al-Shabab FC,0.9125,True
eafc_8160,tm_9319,Alex Millán,07.11.1999,Álex Millán,07.11.1999,Spain,Spain,Real Oviedo,Real Oviedo,0.936363636,True
eafc_2501,tm_3377,A. Ateef,03.08.1992,Abdullah Otayf,03.08.1992,Saudi Arabia,Saudi Arabia,Al Ahli Jeddah,Al-Ahli SFC,0.5,True
eafc_8198,tm_6979,K. Gordon,05.10.2004,Samu Omorodion,05.05.2004,England,Spain,Liverpool,Atlético de Madrid,0.5,False
eafc_2608,tm_3419,A. Al Jadaani,06.10.1991,Abdullah Al-Jadani,06.03.1991,Saudi Arabia,Saudi Arabia,Al Ittihad,Al-Ittihad Club,0.5,True
eafc_7170,tm_9940,J. Austerfield,02.11.2001,Jay Matete,11.02.2001,England,England,Huddersfield Town,Sunderland AFC,0.5,False
eafc_8213,tm_3147,Jeong Sang Bin,01.04.2002,Liangkuan Jin,28.01.2002,Korea Republic,China,Minnesota United,Meizhou Hakka,0.5,False
eafc_8839,tm_8325,Pablo Valencia,16.03.2001,Sacha Bansé,16.03.2001,Spain,Burkina Faso,Osasuna,Standard Liège,0.5,False
eafc_3523,tm_2521,A. Al Ruhaili,06.10.1994,Ahmad Al-Harbi,06.10.1994,Saudi Arabia,Saudi Arabia,Al Raed,Al-Raed SFC,0.5,True
eafc_8073,tm_7685,Ayesa,02.04.2001,Ulysses Llanez,02.04.2001,Spain,United States,Real Sociedad,VfL Wolfsburg,0.5,False
eafc_11578,tm_2973,Han Dong,02.03.2001,Hao Fang,03.01.2000,China PR,China,Henan,Beijing Guoan,0.4975,False
eafc_11415,tm_2928,Wang Jie,14.01.1989,Xiang Ji,01.03.1990,China PR,China,Nantong Zhiyun,Shandong Taishan,0.4975,False
eafc_10677,tm_7345,R. Patterson,06.10.2003,Nathan Patterson,16.10.2001,England,Scotland,Birmingham City,Everton FC,0.4975,False
eafc_11305,tm_3029,Yi Teng,20.02.1990,Xin Tang,16.10.1990,China PR,China,Changchun Yatai,Chengdu Rongcheng,0.4975,False
eafc_2145,tm_8707,D. Stojanović,19.07.1993,Petar Stojanovic,07.10.1995,North Macedonia,Slovenia,Rheindorf Altach,FC Empoli,0.4975,False
eafc_11544,tm_2853,Zhu Chenjie,23.08.2000,Chenjie Zhu,23.08.2000,China PR,China,Shanghai Shenhua,Shanghai Shenhua,0.490909091,True
eafc_11658,tm_2983,Lai Jinfeng,31.12.1997,Jinfeng Lai,31.12.1997,China PR,China,Zhejiang,Zhejiang FC,0.490909091,True
eafc_11395,tm_2829,Cai Huikang,10.10.1989,Huikang Cai,10.10.1989,China PR,China,Shanghai Port,Shanghai Port,0.490909091,True
eafc_11324,tm_4647,Park Ji Soo,14.06.1994,Ali Sowe,14.06.1994,Korea Republic,The Gambia,Wuhan Three Towns,,0.490909091,False
eafc_11649,tm_3025,Gou Junchen,22.03.1990,Junchen Gou,22.03.1990,China PR,China,Chengdu Rongcheng,Chengdu Rongcheng,0.490909091,True
eafc_7951,tm_6913,L. Miguel,24.03.2001,Lucas Pires,24.03.2001,Netherlands,Brazil,Sporting Gijón,,0.490909091,False
eafc_11517,tm_2979,Wang Ziming,05.08.1996,Ziming Wang,05.08.1996,China PR,China,Beijing Guoan,Beijing Guoan,0.490909091,True
eafc_11391,tm_5038,Gan Chao,13.02.1995,Nuno Santos,13.02.1995,China PR,Portugal,Chengdu Rongcheng,Sporting CP,0.490909091,False
eafc_11340,tm_2955,Shao Puliang,06.07.1989,Shaowen Liang,12.06.2002,China PR,China,Cangzhou Mighty Lions,Beijing Guoan,0.490769231,False
eafc_4058,tm_6637,Adnan Vidual,29.02.1992,Adnan Januzaj,05.02.1995,Brazil,Belgium,Internacional,Sevilla FC,0.490769231,False
eafc_7592,tm_7371,A. Smith,11.09.2001,Adam Smith,29.04.1991,England,England,Hull City,AFC Bournemouth,0.49,False
eafc_10682,tm_5202,Kiko Vilas Boas,08.09.1999,Kiko,08.09.1999,Portugal,Portugal,Gil Vicente,Gil Vicente FC,0.486666667,False
eafc_8960,tm_9471,Jonatas Santos,16.12.2001,Jovanny Bolívar,16.12.2001,Brazil,Venezuela,Al Ain,Albacete Balompié,0.486666667,False
eafc_10709,tm_1958,G. Nesta,01.03.2000,Erik Majetschak,01.03.2000,Italy,Germany,Lecco,FC Erzgebirge Aue,0.486666667,False
eafc_5394,tm_2243,H. Al Qahtani,20.12.1994,Hussain Al-Monassar,20.12.1994,Saudi Arabia,Saudi Arabia,Al Shabab,Al-Shabab FC,0.484210526,True
eafc_10330,tm_8088,D. Ignatenko,11.01.2003,Danylo Ignatenko,13.03.1997,Ukraine,Ukraine,Dynamo Kyiv,FC Girondins Bordeaux,0.48125,True
eafc_8086,tm_1328,Marcelo Pitaluga,20.12.2002,Marcelo Silva,21.03.1989,Brazil,Uruguay,Liverpool,Real Salt Lake City,0.48125,False
eafc_2180,tm_5462,Bigas,15.09.1990,Kikas,17.09.1998,Spain,Portugal,Elche,CF Estrela Amadora SAD,0.48,False
eafc_4329,tm_4258,A. Filin,25.06.1995,Aleksandr Filin,25.06.1996,Ukraine,Russia,AS Eupen,KAS Eupen,0.476666667,True
eafc_5453,tm_10299,F. Flecker,29.10.1995,Ashley Fletcher,02.10.1995,Austria,England,LASK Linz,Watford FC,0.476666667,False
eafc_11459,tm_7301,Liu Shibo,20.05.1997,Kaoru Mitoma,20.05.1997,China PR,Japan,Shandong Taishan,Brighton & Hove Albion,0.475,False
eafc_10194,tm_4127,K. Chaban,06.01.2000,Adem Zorgane,06.01.2000,Algeria,Algeria,Albacete,RSC Charleroi,0.475,False
eafc_9383,tm_3811,K. Al Hashmi,18.03.1997,Mike Hauptmeijer,18.03.1997,United Arab Emirates,Netherlands,Al Ain,PEC Zwolle,0.475,False
eafc_11529,tm_2821,Li Shuai,18.06.1995,Shuai Li,18.06.1995,China PR,China,Shanghai Port,Shanghai Port,0.475,True
eafc_11698,tm_3317,Li Junju,17.01.2003,Junju Li,17.01.2003,China PR,China,Nantong Zhiyun,Nantong Zhiyun,0.475,True
eafc_11282,tm_2957,Yu Dabao,18.04.1988,Dabao Yu,18.04.1988,China PR,China,Beijing Guoan,Beijing Guoan,0.475,True
eafc_9708,tm_7077,M. Sellinger,06.05.2002,Cole Palmer,06.05.2002,Austria,England,Hartberg,Chelsea FC,0.475,False
eafc_11645,tm_1064,Hu Hetao,05.10.2003,Marcus Ferkranus,10.05.2003,China PR,United States,Chengdu Rongcheng,Los Angeles Galaxy,0.475,False
eafc_11630,tm_3138,He Youzu,26.10.1998,Youzu He,26.10.1998,China PR,China,Cangzhou Mighty Lions,Cangzhou Mighty Lions,0.475,True
eafc_11601,tm_9887,Yao Xuchen,11.09.1999,Regan Slater,11.09.1999,China PR,England,Cangzhou Mighty Lions,Hull City,0.475,False
eafc_10770,tm_4607,A. Harshan,01.01.2004,Mustafa Erdilman,01.01.2004,Saudi Arabia,Turkey,Al Okhdood,Antalyaspor,0.475,False
eafc_8289,tm_2101,A. Forson,31.12.2002,Ajani Fortune,30.12.2002,Ghana,Trinidad and Tobago,Salzburg,Atlanta United FC,0.473076923,False
eafc_11394,tm_2890,Wang Shenchao,08.02.1989,Hang Ren,23.02.1989,China PR,China,Shanghai Port,Wuhan Three Towns,0.473076923,False
eafc_4070,tm_6741,Jorge Carvallinho,29.02.1996,Jorge Herrando,28.02.2001,Brazil,Spain,América Mineiro,CA Osasuna,0.471764706,False
eafc_9956,tm_6775,Hugo Redón,19.04.2003,Hugo Sotelo,19.12.2003,Spain,Spain,Levante,Celta de Vigo,0.468181818,False
eafc_6960,tm_10760,M. Shaker,27.04.1997,Arne Sicker,17.04.1997,United Arab Emirates,Germany,Al Ain,SV 07 Elversberg,0.468181818,False
eafc_11489,tm_6692,Dai Weijun,25.07.1999,Dani Vivian,05.07.1999,China PR,Spain,Shanghai Shenhua,Athletic Bilbao,0.468181818,False
eafc_4143,tm_9407,Andeson Trigo,29.02.1988,Anderson Arroyo,27.09.1999,Brazil,Colombia,Fluminense,,0.466666667,False
eafc_9998,tm_7749,Jorrín,28.06.2002,Jordan,26.04.1996,Spain,United States,Racing Santander,1.FC Union Berlin,0.466666667,False
eafc_4208,tm_4605,Darinho Carioca,29.02.1996,Dario Saric,30.05.1997,Brazil,Bosnia-Herzegovina,São Paulo,Palermo FC,0.466666667,False
eafc_11132,tm_6745,Rubén de Gea,04.04.2000,Rubén Peña,18.07.1991,Spain,Spain,Burgos,CA Osasuna,0.466666667,False
eafc_10842,tm_8451,Joan Puig,16.11.2002,Jean Ruiz,06.04.1998,Spain,France,Espanyol,Pau FC,0.466666667,False
eafc_4231,tm_2634,Fábio Melitinho,29.02.1996,Fábio Martins,24.07.1993,Brazil,Portugal,Fluminense,Al-Khaleej FC,0.466666667,False
eafc_11128,tm_9451,Jorge Benito,01.01.2006,Jorge Pulido,08.04.1991,Spain,Spain,Getafe,SD Huesca,0.466666667,False
eafc_10142,tm_2267,A. Abdulqader,01.01.2002,Abdulrahman Oumar,01.01.2002,Saudi Arabia,Saudi Arabia,Al Ettifaq,Al-Ettifaq FC,0.464705882,False
eafc_6267,tm_8954,T. Rotter,27.01.1992,Stefano Pettinari,27.01.1992,Austria,Italy,Hartberg,AC Reggiana 1919,0.464705882,False
eafc_11511,tm_3364,Gao Tianyi,01.07.1998,Fahd Al-Hamad,01.07.1998,China PR,Saudi Arabia,Beijing Guoan,Al-Ahli SFC,0.461538462,False
eafc_4095,tm_3937,Tião Couteira,29.02.2000,Hugo Vetlesen,29.02.2000,Brazil,Norway,Athletico Paranaense,Club Brugge KV,0.461538462,False
eafc_4937,tm_10042,P. Gartler,10.03.1997,Scott Wharton,03.10.1997,Austria,England,Rapid Wien,Blackburn Rovers,0.461538462,False
eafc_4210,tm_4849,Luis Couprins,29.02.2000,Armin Hodzic,29.02.2000,Brazil,Bosnia-Herzegovina,Athletico Paranaense,Hatayspor,0.461538462,False
eafc_4187,tm_1993,Allison Sireo,29.02.2000,Cyrill Akono,29.02.2000,Brazil,Germany,Goiás,VfB Lübeck,0.461538462,False
eafc_11535,tm_5477,Zhou Xin,11.04.1998,Achraf Hakimi,04.11.1998,China PR,Morocco,Shenzhen,Paris Saint-Germain,0.461538462,False
eafc_9874,tm_10179,S. Finch,05.08.2005,Sam Field,08.05.1998,England,England,Middlesbrough,Queens Park Rangers,0.461111111,False
eafc_11575,tm_2844,Chen Pu,15.01.1997,Zhen Ma,01.06.1998,China PR,China,Shandong Taishan,Shanghai Shenhua,0.46,False
eafc_11648,tm_3013,Liu Tao,22.01.1985,Di Gao,06.01.1990,China PR,China,Chengdu Rongcheng,Zhejiang FC,0.46,False
eafc_10454,tm_2295,Clavijo,09.10.2003,Flávio,10.02.1996,Spain,Brazil,Villarreal II,Trabzonspor,0.46,False
eafc_4668,tm_7481,Sander Asevedo,29.02.1996,Sander Berge,14.02.1998,Brazil,Norway,Goiás,Burnley FC,0.46,False
eafc_11349,tm_2952,Wu Yake,03.02.1991,Yu Yan,03.11.2002,China PR,China,Changchun Yatai,Beijing Guoan,0.46,False
eafc_4027,tm_6387,Simão Donatinho,29.02.1996,Viktor Kovalenko,14.02.1996,Brazil,Ukraine,Corinthians,Atalanta BC,0.45625,False
eafc_8601,tm_6897,Ros,15.03.1996,José Pozo,15.03.1996,Spain,Spain,Albacete,Rayo Vallecano,0.455555556,False
eafc_4991,tm_9030,Marlion Rolim,29.02.1992,Mario Situm,04.04.1992,Brazil,Croatia,Bragantino,US Catanzaro,0.451923077,False
eafc_6932,tm_9929,J. Gölles,22.09.1999,Daniel Ballard,22.09.1999,Austria,Northern Ireland,Blau-Weiß Linz,Sunderland AFC,0.45,False
eafc_7717,tm_7613,J. Brooking,01.09.2002,Piero Hincapié,09.01.2002,England,Ecuador,Chelsea,Bayer 04 Leverkusen,0.45,False
eafc_8764,tm_9040,Y. Konoplia,26.08.1999,Tommaso Vitali,26.08.1999,Ukraine,Italy,Shakhtar Donetsk,Ternana Calcio,0.45,False
eafc_4206,tm_2584,Oswaldinato,29.02.1992,Jawad El Yamiq,29.02.1992,Brazil,Morocco,Flamengo,Al-Wehda FC,0.45,False
eafc_4131,tm_9689,Kaíquão Castro,29.02.1996,Manu Justo,09.02.1996,Brazil,Spain,Fluminense,Racing Ferrol,0.45,False
eafc_11481,tm_8274,Liu Ruofan,28.01.1999,Kalidou Sidibé,28.01.1999,China PR,France,Shanghai Shenhua,EA Guingamp,0.45,False
eafc_11434,tm_3061,Zhang Wentao,14.04.1993,Chengjian Liao,04.11.1993,China PR,China,Wuhan Three Towns,Changchun Yatai,0.45,False
eafc_7831,tm_10610,J. Naschberger,25.01.2000,Niklas Heeger,07.01.2000,Austria,Germany,WSG Tirol,1.FC Kaiserslautern,0.45,False
eafc_4265,tm_2941,Formosandrinho,29.02.1992,Fernandinho,16.03.1993,Brazil,Brazil,Atlético Mineiro,Shandong Taishan,0.45,False
eafc_10885,tm_5205,D. Castillo,24.03.2004,Jesús Castillo,11.06.2001,Ecuador,Peru,Shakhtar Donetsk,Gil Vicente FC,0.45,False
eafc_7067,tm_2431,S. Al Abbas,06.12.1993,Saleh Al-Abbas,15.04.1995,Saudi Arabia,Saudi Arabia,Al Riyadh,Al-Riyadh SC,0.45,True
eafc_10071,tm_1162,Joel Roca,07.06.2005,Noel Buck,05.04.2005,Spain,England,Girona,New England Revolution,0.448888889,False
eafc_10389,tm_1174,M. Braun,10.03.2005,Esmir Bajraktarevic,10.03.2005,Germany,United States,VfL Wolfsburg,New England Revolution,0.447368421,False
eafc_4090,tm_9217,Clayton Fildeiras,29.02.1996,Aleix Febas,02.02.1996,Brazil,Spain,Goiás,Elche CF,0.447058824,False
eafc_4254,tm_2941,Fachendinho,29.02.1992,Fernandinho,16.03.1993,Brazil,Brazil,Santos,Shandong Taishan,0.445454545,False
eafc_4834,tm_2697,P. Menzel,18.08.1998,Tony Menzel,06.03.2005,Germany,Germany,Austria Klagenfurt,SG Dynamo Dresden,0.445454545,False
eafc_10295,tm_7498,I. Foster,12.08.2003,Lyle Foster,03.09.2000,United States,South Africa,Cincinnati,Burnley FC,0.445454545,False
eafc_8263,tm_4339,W. Suzuki,31.01.2003,Zion Suzuki,21.08.2002,Japan,Japan,Girona,,0.445454545,False
eafc_4139,tm_5835,Jonas Damasto,29.02.1996,Romain Del Castillo,29.03.1996,Brazil,France,Athletico Paranaense,Stade Brestois 29,0.444736842,False
eafc_10031,tm_9630,Álvaro,14.07.2004,Álvaro Sanz,14.02.2001,Uruguay,Spain,Real Madrid,CD Mirandés,0.441818182,False
eafc_11410,tm_3237,Zhong Jinbao,25.11.1994,Chong Zhang,25.11.1987,China PR,China,Qingdao Hainiu,Dalian Professional,0.441666667,False
eafc_8391,tm_1131,S. Grehan,08.01.2004,Alex Freeman,09.08.2004,Republic of Ireland,United States,Crystal Palace,Orlando City SC,0.441666667,False
eafc_7098,tm_4537,K. Piątkowski,21.06.2000,Ismail Cokcalis,21.06.2000,Poland,Turkey,Salzburg,Adana Demirspor,0.44,False
eafc_10116,tm_6363,Luizão,08.03.2002,Lorenzo Colombo,08.03.2002,Brazil,Italy,West Ham United,AC Milan,0.44,False
eafc_11687,tm_3280,Wang Jianming,04.07.1993,Chien-ming Wang,04.07.1993,Chinese Taipei,Chinese Taipei,Qingdao Hainiu,Qingdao Hainiu,0.44,False
eafc_11533,tm_3145,Wen Junjie,16.04.1997,Junjie Wen,16.04.1997,China PR,China,Meizhou Hakka,Meizhou Hakka,0.44,False
eafc_7651,tm_6191,N. Hedl,17.03.2001,Pietro Pellegri,17.03.2001,Austria,Italy,Rapid Wien,Torino FC,0.44,False
eafc_10408,tm_8367,A. Diao Diaoune,07.09.2005,Moussa Soumano,09.07.2005,Spain,France,Real Betis,AC Ajaccio,0.44,False
eafc_4989,tm_9445,Ever Rodeiro,29.02.1996,Álvaro Romero,12.05.1996,Brazil,Spain,Goiás,CD Tenerife,0.436923077,False
eafc_4118,tm_9217,Adriano Junqueiras,29.02.1996,Aleix Febas,02.02.1996,Brazil,Spain,Corinthians,Elche CF,0.433333333,False
eafc_8932,tm_4481,J. Boselli,09.11.1999,Tonio Teklic,09.09.1999,Uruguay,Croatia,Gil Vicente,Trabzonspor,0.433333333,False
eafc_4133,tm_5817,Lino Essier,29.02.1992,Lilian Brassier,02.11.1999,Brazil,France,São Paulo,Stade Brestois 29,0.433333333,False
eafc_8691,tm_4029,J. Mullins,29.09.2004,Mario Stroeykens,29.09.2004,Republic of Ireland,Belgium,Brighton & Hove Albion,RSC Anderlecht,0.43125,False
eafc_9976,tm_6152,R. Smajić,02.05.2004,Lorenzo Amatucci,05.02.2004,Bosnia and Herzegovina,Italy,FC Köln,ACF Fiorentina,0.43125,False
eafc_4043,tm_5969,Botelhinonsa,29.02.2000,Jesper Lindstrøm,29.02.2000,Brazil,Denmark,Athletico Paranaense,SSC Napoli,0.43125,False
eafc_10335,tm_1187,R. van der Plaat,10.01.2003,Casey Walls,10.01.2003,Netherlands,United States,SC Heerenveen,San Jose Earthquakes,0.43125,False
eafc_10480,tm_3659,D. Gaucho Debohi,15.01.2001,Mathias Ross,15.01.2001,Côte d'Ivoire,Denmark,Caen,Galatasaray,0.43125,False
eafc_4181,tm_1550,Ailtio Coelho,29.02.1992,Alonso Coello,12.10.1999,Brazil,Spain,São Paulo,Toronto FC,0.430769231,False
eafc_4077,tm_9132,Enzo Chissano,29.02.1992,Lorenzo Carissoni,07.02.1997,Brazil,Italy,Palmeiras,AS Cittadella,0.430588235,False
eafc_6270,tm_1601,M. Schantl,17.08.2000,Micael,12.08.2000,Austria,Brazil,Blau-Weiß Linz,Houston Dynamo FC,0.43,False
eafc_4169,tm_9412,Helito Caldeira,29.02.1996,Sergio Molina,18.02.1996,Brazil,Spain,Fluminense,FC Andorra,0.43,False
eafc_8080,tm_4235,Zarzana,21.03.2002,Marco Kana,08.08.2002,Spain,Belgium,Sevilla,RSC Anderlecht,0.425,False
eafc_7188,tm_3137,A. Terzić,17.08.1999,Oscar Taty Maritu,17.08.1999,Serbia,DR Congo,Salzburg,Cangzhou Mighty Lions,0.423529412,False
eafc_9735,tm_7797,M. Fuseini,16.05.2002,Kiliann Sildillia,16.05.2002,Ghana,France,Sturm Graz,SC Freiburg,0.423529412,False
eafc_4031,tm_8533,Peter Abradanel,29.02.1984,Peter Ouaneh,04.04.1998,Brazil,France,América Mineiro,Stade Lavallois,0.42,False
eafc_4154,tm_1448,Germano Cuba,29.02.1996,Guzmán Corujo,02.08.1996,Brazil,Uruguay,Palmeiras,Charlotte FC,0.419230769,False
eafc_4148,tm_7198,Jeffmeirson,29.02.1992,Callum Wilson,27.02.1992,Brazil,England,Bragantino,Newcastle United,0.419230769,False
eafc_4050,tm_2929,Héniton Pires,29.02.1996,Hailong Li,02.08.1996,Brazil,China,Flamengo,Shandong Taishan,0.419230769,False
eafc_11225,tm_5308,Miki Bosch,09.06.2001,Nikola Bursac,11.09.2001,Spain,Serbia,Granada,FC Vizela,0.419230769,False
eafc_11460,tm_8112,Lu Ning,26.01.1998,Lamine Fomba,26.01.1998,China PR,France,Changchun Yatai,AS Saint-Étienne,0.416666667,False
eafc_4038,tm_9217,Túlio Changas,29.02.1996,Aleix Febas,02.02.1996,Brazil,Spain,Palmeiras,Elche CF,0.415384615,False
eafc_10843,tm_9806,B. Winter,16.05.2004,Kellen Fisher,05.05.2004,Germany,England,St. Pauli,Norwich City,0.415384615,False
eafc_7489,tm_1913,J. Arweiler,10.04.1997,Luca Marseiler,18.02.1997,Germany,Germany,Austria Klagenfurt,FC Viktoria Köln,0.41,False
eafc_9835,tm_9408,P. Leal,21.02.2003,Migue Leal,01.02.1997,United States,Spain,New England,FC Andorra,0.41,False
eafc_8191,tm_7006,Svensson,08.11.2001,Ederson,17.08.1993,Spain,Brazil,Osasuna,Manchester City,0.41,False
eafc_4061,tm_6325,Estevão Candeira,29.02.1996,Antonio Candreva,28.02.1987,Brazil,Italy,Flamengo,US Salernitana 1919,0.41,False
eafc_11385,tm_2903,Zhao Honglue,04.12.1989,Chao He,19.04.1995,China PR,China,Cangzhou Mighty Lions,Wuhan Three Towns,0.41,False
eafc_9294,tm_4262,D. Gore,26.09.2004,Jan Gorenc,26.07.1999,England,Slovenia,Manchester United,KAS Eupen,0.41,False
eafc_1733,tm_2661,M. Potzmann,07.12.1993,Ole Pohlmann,05.04.2001,Austria,Germany,Austria Wien,Borussia Dortmund,0.408333333,False
eafc_8799,tm_10207,B. Knight,14.06.2002,Jason Knight,13.02.2001,England,Ireland,Manchester City,Bristol City,0.408333333,False
eafc_7205,tm_1141,K. Al Blooshi,22.03.1999,Iván Angulo,22.03.1999,United Arab Emirates,Colombia,Al Ain,,0.407692308,False
eafc_7427,tm_9302,A. Bondarenko,21.08.2000,Abel Bretones,21.08.2000,Ukraine,Spain,Shakhtar Donetsk,Real Oviedo,0.407692308,False
eafc_10483,tm_8640,D. Mitrović,23.03.2001,Edoardo Corvi,23.03.2001,Serbia,Italy,Blau-Weiß Linz,Parma Calcio 1913,0.407692308,False
eafc_9391,tm_2209,M. Udebuluzor,01.04.2004,Cody Baker,04.01.2004,Hong Kong,United States,Ingolstadt,Seattle Sounders FC,0.407692308,False
eafc_6143,tm_3840,Lee Kang In,19.02.2001,Sava-Arandjel Cestic,19.02.2001,Korea Republic,Serbia,Paris Saint Germain,Heracles Almelo,0.405,False
eafc_11337,tm_2991,Zhang Xizhe,23.01.1991,Yang Wang,23.01.1993,China PR,China,Beijing Guoan,,0.404545455,False
eafc_9796,tm_4209,N. Savignac,20.07.2002,Nazinho,20.07.2003,France,Portugal,Rodez,,0.404545455,False
eafc_11315,tm_6931,Chow Tim,18.01.1994,Chris Ramos,18.01.1997,Chinese Taipei,Spain,Chengdu Rongcheng,Cádiz CF,0.404545455,False
eafc_4059,tm_2584,Mauri Borgho,29.02.1992,Jawad El Yamiq,29.02.1992,Brazil,Morocco,São Paulo,Al-Wehda FC,0.4,False
eafc_3340,tm_7555,L. Jäger,12.02.1994,Cauley Woodrow,02.12.1994,Austria,England,Rheindorf Altach,Luton Town,0.4,False
eafc_6365,tm_8915,O. Kiteishvili,26.03.1996,Mario Gargiulo,26.03.1996,Georgia,Italy,Sturm Graz,Modena FC,0.4,False
eafc_10261,tm_4348,O. Gloukh,01.04.2004,Alouis Diriken,01.04.2004,Israel,Belgium,Salzburg,Sint-Truidense VV,0.4,False
eafc_4859,tm_9899,C. Früchtl,28.01.2000,Aaron Connolly,28.01.2000,Germany,Ireland,Austria Wien,Hull City,0.4,False
eafc_4123,tm_2584,Gabri Prestão,29.02.1992,Jawad El Yamiq,29.02.1992,Brazil,Morocco,Internacional,Al-Wehda FC,0.4,False
eafc_5439,tm_6080,C. Gebauer,20.12.1993,Andrea Belotti,20.12.1993,Austria,Italy,Rheindorf Altach,AS Roma,0.4,False
eafc_10346,tm_5652,A. Aoraha,17.01.2003,Ibrahima Baldé,17.01.2003,Iraq,France,Queens Park Rangers,RC Lens,0.4,False
