df1,df2,name1,birthdate1,name2,birthdate2,nat1,nat2,club1,club2,score,match
tm_3874,tm_3874,Brian Plat,2000-04-05,Brian Plat,2000-04-05,Netherlands,Netherlands,FC Volendam,FC Volendam,1.0,True
tm_5250,tm_5250,Cassiano,1989-06-16,Cassiano,1989-06-16,Brazil,Brazil,GD Estoril Praia,GD Estoril Praia,1.0,True
tm_2026,tm_2026,Simon Dorfner,2004-09-22,Simon Dorfner,2004-09-22,Germany,Germany,SpVgg Unterhaching,SpVgg Unterhaching,1.0,True
tm_1713,tm_1713,Baran Mogultay,2004-05-18,Baran Mogultay,2004-05-18,Germany,Germany,MSV Duisburg,MSV Duisburg,1.0,True
tm_4080,tm_4080,Kamal Sowah,2000-01-09,Kamal Sowah,2000-01-09,Ghana,Ghana,Club Brugge KV,Club Brugge KV,1.0,True
tm_5950,tm_5950,Ibou Sané,2005-03-28,Ibou Sané,2005-03-28,Senegal,Senegal,FC Metz,FC Metz,1.0,True
tm_4905,tm_4905,Aytac Kara,1993-03-23,Aytac Kara,1993-03-23,Turkey,Turkey,Kasimpasa,Kasimpasa,1.0,True
tm_5625,tm_5625,Wuilker Fariñez,1998-02-15,Wuilker Fariñez,1998-02-15,Venezuela,Venezuela,RC Lens,RC Lens,1.0,True
tm_9000,tm_9000,Federico Zuccon,2003-04-01,Federico Zuccon,2003-04-01,Italy,Italy,Atalanta BC,Atalanta BC,1.0,True
tm_4064,tm_4064,Konstantinos Laifis,1993-05-19,Konstantinos Laifis,1993-05-19,Cyprus,Cyprus,Standard Liège,Standard Liège,1.0,True
tm_2915,tm_2915,Mustapa Tash,2003-03-01,Mustapa Tash,2003-03-01,China,China,Shandong Taishan,Shandong Taishan,1.0,True
tm_8791,tm_8791,Matteo Solini,1993-03-09,Matteo Solini,1993-03-09,Italy,Italy,Como 1907,Como 1907,1.0,True
tm_2880,tm_2880,Jiayu Guo,2004-08-27,Jiayu Guo,2004-08-27,China,China,Wuhan Three Towns,Wuhan Three Towns,1.0,True
tm_3638,tm_3638,Mats Egbring,2006-09-17,Mats Egbring,2006-09-17,Netherlands,Netherlands,,,1.0,True
tm_8013,tm_8013,Lys Mousset,1996-02-08,Lys Mousset,1996-02-08,France,France,VfL Bochum,VfL Bochum,1.0,True
tm_4375,tm_4375,Kaan Ayhan,1994-11-10,Kaan Ayhan,1994-11-10,Turkey,Turkey,Galatasaray,Galatasaray,1.0,True
tm_1872,tm_1872,Mustafa Kourouma,2003-01-09,Mustafa Kourouma,2003-01-09,Germany,Germany,Rot-Weiss Essen,Rot-Weiss Essen,1.0,True
tm_10517,tm_10517,Lukas Petkov,2000-11-01,Lukas Petkov,2000-11-01,Bulgaria,Bulgaria,FC Augsburg,FC Augsburg,1.0,True
tm_1265,tm_1265,Jacen Russell-Rowe,2002-09-13,Jacen Russell-Rowe,2002-09-13,Canada,Canada,Columbus Crew,Columbus Crew,1.0,True
tm_9252,tm_9252,Javi Sánchez,1997-03-14,Javi Sánchez,1997-03-14,Spain,Spain,Real Valladolid CF,Real Valladolid CF,1.0,True
tm_4272,tm_4272,Amadou Keita,2001-10-28,Amadou Keita,2001-10-28,Guinea,Guinea,KAS Eupen,KAS Eupen,1.0,True
tm_6833,tm_6833,Dominik Greif,1997-04-06,Dominik Greif,1997-04-06,Slovakia,Slovakia,RCD Mallorca,RCD Mallorca,1.0,True
tm_2803,tm_2803,Julius Biada,1992-11-03,Julius Biada,1992-11-03,Germany,Germany,1.FC Saarbrücken,1.FC Saarbrücken,1.0,True
tm_3328,tm_3328,Rubilio Castillo,1991-11-26,Rubilio Castillo,1991-11-26,Honduras,Honduras,Nantong Zhiyun,Nantong Zhiyun,1.0,True
tm_7464,tm_7464,Matheus Cunha,1999-05-27,Matheus Cunha,1999-05-27,Brazil,Brazil,Wolverhampton Wanderers,Wolverhampton Wanderers,1.0,True
tm_6687,tm_6687,Borja Iglesias,1993-01-17,Borja Iglesias,1993-01-17,Spain,Spain,Real Betis Balompié,Real Betis Balompié,1.0,True
tm_8573,tm_8573,Enzo Bardeli,2001-04-11,Enzo Bardeli,2001-04-11,France,France,USL Dunkerque,USL Dunkerque,1.0,True
tm_4463,tm_4463,Rayyan Baniya,1999-02-18,Rayyan Baniya,1999-02-18,Turkey,Turkey,Trabzonspor,Trabzonspor,1.0,True
tm_8360,tm_8360,Julien Benhaim,1996-10-25,Julien Benhaim,1996-10-25,France,France,AC Ajaccio,AC Ajaccio,1.0,True
tm_5866,tm_5866,Yanis Begraoui,2001-07-04,Yanis Begraoui,2001-07-04,Morocco,Morocco,FC Toulouse,FC Toulouse,1.0,True
tm_4795,tm_4795,Ryan Mendes,1990-01-08,Ryan Mendes,1990-01-08,Cape Verde,Cape Verde,Fatih Karagümrük,Fatih Karagümrük,1.0,True
tm_1000,tm_1000,Roman Celentano,2000-09-14,Roman Celentano,2000-09-14,United States,United States,FC Cincinnati,FC Cincinnati,1.0,True
tm_4949,tm_4949,Simon Deli,1991-10-27,Simon Deli,1991-10-27,Cote d'Ivoire,Cote d'Ivoire,Istanbulspor,Istanbulspor,1.0,True
tm_8770,tm_8770,Alessio Buttaro,2002-09-10,Alessio Buttaro,2002-09-10,Italy,Italy,Palermo FC,Palermo FC,1.0,True
tm_9504,tm_9504,Jonathan Silva,1994-06-29,Jonathan Silva,1994-06-29,Argentina,Argentina,Getafe CF,Getafe CF,1.0,True
tm_5630,tm_5630,Jonathan Gradit,1992-11-24,Jonathan Gradit,1992-11-24,France,France,RC Lens,RC Lens,1.0,True
tm_6756,tm_6756,Kike Barja,1997-04-01,Kike Barja,1997-04-01,Spain,Spain,CA Osasuna,CA Osasuna,1.0,True
tm_1349,tm_1349,Maikel Chang,1991-04-18,Maikel Chang,1991-04-18,Cuba,Cuba,Real Salt Lake City,Real Salt Lake City,1.0,True
tm_9333,tm_9333,Roque Mesa,1989-06-07,Roque Mesa,1989-06-07,Spain,Spain,Sporting Gijón,Sporting Gijón,1.0,True
tm_2877,tm_2877,Wei Zhang,2000-05-16,Wei Zhang,2000-05-16,China,China,Shanghai Shenhua,Shanghai Shenhua,1.0,True
tm_8073,tm_8073,Davy Rouyard,1999-08-17,Davy Rouyard,1999-08-17,Guadeloupe,Guadeloupe,FC Girondins Bordeaux,FC Girondins Bordeaux,1.0,True
tm_1457,tm_1457,Ashley Westwood,1990-04-01,Ashley Westwood,1990-04-01,England,England,Charlotte FC,Charlotte FC,1.0,True
tm_3886,tm_3886,Diego Gustavo,2004-06-19,Diego Gustavo,2004-06-19,Brazil,Brazil,FC Volendam,FC Volendam,1.0,True
tm_9432,tm_9432,Jérémy Mellot,1994-03-28,Jérémy Mellot,1994-03-28,France,France,CD Tenerife,CD Tenerife,1.0,True
tm_10000,tm_10000,Romaine Sawyers,1991-11-02,Romaine Sawyers,1991-11-02,St. Kitts & Nevis,St. Kitts & Nevis,Cardiff City,Cardiff City,1.0,True
tm_4595,tm_4595,Naldo,1988-08-25,Naldo,1988-08-25,Brazil,Brazil,Antalyaspor,Antalyaspor,1.0,True
tm_6199,tm_6199,Victor Kristiansen,2002-12-16,Victor Kristiansen,2002-12-16,Denmark,Denmark,Leicester City,Leicester City,1.0,True
tm_5720,tm_5720,Thomas Delaine,1992-03-24,Thomas Delaine,1992-03-24,France,France,RC Strasbourg Alsace,RC Strasbourg Alsace,1.0,True
tm_1131,tm_1131,Alex Freeman,2004-08-09,Alex Freeman,2004-08-09,United States,United States,Orlando City SC,Orlando City SC,1.0,True
tm_7909,tm_7909,Stefan Bell,1991-08-24,Stefan Bell,1991-08-24,Germany,Germany,1.FSV Mainz 05,1.FSV Mainz 05,1.0,True
tm_3115,tm_3115,Mile Skoric,1991-06-19,Mile Skoric,1991-06-19,Croatia,Croatia,Cangzhou Mighty Lions,Cangzhou Mighty Lions,1.0,True
tm_10586,tm_10586,Nico Carrera,2002-05-06,Nico Carrera,2002-05-06,United States,United States,Holstein Kiel,Holstein Kiel,1.0,True
tm_2726,tm_2726,Marco Wörner,2004-09-25,Marco Wörner,2004-09-25,Germany,Germany,SC Freiburg II,SC Freiburg II,1.0,True
tm_1960,tm_1960,Mirnes Pepic,1995-12-19,Mirnes Pepic,1995-12-19,Montenegro,Montenegro,FC Erzgebirge Aue,FC Erzgebirge Aue,1.0,True
tm_5765,tm_5765,Siriné Doucouré,2002-04-08,Siriné Doucouré,2002-04-08,France,France,FC Lorient,FC Lorient,1.0,True
tm_4045,tm_4045,Julien De Sart,1994-12-23,Julien De Sart,1994-12-23,Belgium,Belgium,KAA Gent,KAA Gent,1.0,True
tm_4527,tm_4527,Yilmaz Aktas,2003-05-12,Yilmaz Aktas,2003-05-12,Turkey,Turkey,Adana Demirspor,Adana Demirspor,1.0,True
tm_7584,tm_7584,Alexander Meyer,1991-04-13,Alexander Meyer,1991-04-13,Germany,Germany,Borussia Dortmund,Borussia Dortmund,1.0,True
tm_9642,tm_9642,Jonmi Magunagoitia,2000-08-06,Jonmi Magunagoitia,2000-08-06,Spain,Spain,SD Amorebieta,SD Amorebieta,1.0,True
tm_2071,tm_2071,Benja Cremaschi,2005-03-02,Benja Cremaschi,2005-03-02,United States,United States,Inter Miami CF,Inter Miami CF,1.0,True
tm_1567,tm_1567,Andreas Maxsö,1994-03-18,Andreas Maxsö,1994-03-18,Denmark,Denmark,Colorado Rapids,Colorado Rapids,1.0,True
tm_7605,tm_7605,Donyell Malen,1999-01-19,Donyell Malen,1999-01-19,Netherlands,Netherlands,Borussia Dortmund,Borussia Dortmund,1.0,True
tm_5201,tm_5201,Leonardo Buta,2002-06-05,Leonardo Buta,2002-06-05,Portugal,Portugal,Udinese Calcio,Udinese Calcio,1.0,True
tm_9388,tm_9388,Näis Djouahra,1999-11-23,Näis Djouahra,1999-11-23,France,France,,,1.0,True
tm_4473,tm_4473,Berat Özdemir,1998-05-23,Berat Özdemir,1998-05-23,Turkey,Turkey,Al-Ettifaq FC,Al-Ettifaq FC,1.0,True
tm_6909,tm_6909,Jorge Meré,1997-04-17,Jorge Meré,1997-04-17,Spain,Spain,,,1.0,True
tm_9964,tm_9964,Rav van den Berg,2004-07-07,Rav van den Berg,2004-07-07,Netherlands,Netherlands,Middlesbrough FC,Middlesbrough FC,1.0,True
tm_1647,tm_1647,Pedro Santos,1988-04-22,Pedro Santos,1988-04-22,Portugal,Portugal,D.C. United,D.C. United,1.0,True
tm_8495,tm_8495,Lucas Buades,1997-12-28,Lucas Buades,1997-12-28,France,France,Rodez AF,Rodez AF,1.0,True
tm_7648,tm_7648,Benjamin Henrichs,1997-02-23,Benjamin Henrichs,1997-02-23,Germany,Germany,RB Leipzig,RB Leipzig,1.0,True
tm_6547,tm_6547,Iñigo Martínez,1991-05-17,Iñigo Martínez,1991-05-17,Spain,Spain,FC Barcelona,FC Barcelona,1.0,True
tm_7169,tm_7169,Alejo Véliz,2003-09-19,Alejo Véliz,2003-09-19,Argentina,Argentina,Tottenham Hotspur,Tottenham Hotspur,1.0,True
tm_7361,tm_7361,Ionut Radu,1997-05-28,Ionut Radu,1997-05-28,Romania,Romania,Inter Milan,Inter Milan,1.0,True
tm_7066,tm_7066,Marc Cucurella,1998-07-22,Marc Cucurella,1998-07-22,Spain,Spain,Chelsea FC,Chelsea FC,1.0,True
tm_1735,tm_1735,Julius Schmid,2001-06-01,Julius Schmid,2001-06-01,Finland,Finland,TSV 1860 Munich,TSV 1860 Munich,1.0,True
tm_10548,tm_10548,Christian Mathenia,1992-03-31,Christian Mathenia,1992-03-31,Germany,Germany,1.FC Nuremberg,1.FC Nuremberg,1.0,True
tm_5029,tm_5029,Antonio Adán,1987-05-13,Antonio Adán,1987-05-13,Spain,Spain,Sporting CP,Sporting CP,1.0,True
tm_3420,tm_3420,Osama Al-Mermesh,2003-07-06,Osama Al-Mermesh,2003-07-06,Saudi Arabia,Saudi Arabia,,,1.0,True
tm_1316,tm_1316,Pedro Vite,2002-03-09,Pedro Vite,2002-03-09,Ecuador,Ecuador,Vancouver Whitecaps FC,Vancouver Whitecaps FC,1.0,True
tm_7902,tm_7902,Robin Zentner,1994-10-28,Robin Zentner,1994-10-28,Germany,Germany,1.FSV Mainz 05,1.FSV Mainz 05,1.0,True
tm_5157,tm_5157,Berna,2003-09-15,Berna,2003-09-15,Portugal,Portugal,Boavista FC,Boavista FC,1.0,True
tm_8544,tm_8544,Kevin Tapoko,1994-04-13,Kevin Tapoko,1994-04-13,France,France,Stade Lavallois,Stade Lavallois,1.0,True
tm_10094,tm_10094,Simon Moore,1990-05-19,Simon Moore,1990-05-19,England,England,Coventry City,Coventry City,1.0,True
tm_5333,tm_5333,Magrão,2000-05-15,Magrão,2000-05-15,Brazil,Brazil,Rio Ave FC,Rio Ave FC,1.0,True
tm_5372,tm_5372,Pedro Pinho,2000-04-06,Pedro Pinho,2000-04-06,Portugal,Portugal,GD Chaves,GD Chaves,1.0,True
tm_2369,tm_2369,Ahmed Abdu,1996-08-08,Ahmed Abdu,1996-08-08,Saudi Arabia,Saudi Arabia,Abha Club,Abha Club,1.0,True
tm_9919,tm_9919,Adam Reach,1993-02-03,Adam Reach,1993-02-03,England,England,West Bromwich Albion,West Bromwich Albion,1.0,True
tm_1103,tm_1103,Jhojan Valencia,1996-07-27,Jhojan Valencia,1996-07-27,Colombia,Colombia,Austin FC,Austin FC,1.0,True
tm_4485,tm_4485,Nicolas Pépé,1995-05-29,Nicolas Pépé,1995-05-29,Cote d'Ivoire,Cote d'Ivoire,Trabzonspor,Trabzonspor,1.0,True
tm_2794,tm_2794,Marcel Gaus,1989-08-02,Marcel Gaus,1989-08-02,Germany,Germany,1.FC Saarbrücken,1.FC Saarbrücken,1.0,True
tm_4710,tm_4710,Samil Öztürk,2005-05-09,Samil Öztürk,2005-05-09,Turkey,Turkey,Kayserispor,Kayserispor,1.0,True
tm_4781,tm_4781,Levent Mercan,2000-12-10,Levent Mercan,2000-12-10,Turkey,Turkey,Fatih Karagümrük,Fatih Karagümrük,1.0,True
tm_1799,tm_1799,Konrad Faber,1997-11-04,Konrad Faber,1997-11-04,Germany,Germany,SSV Jahn Regensburg,SSV Jahn Regensburg,1.0,True
tm_8457,tm_8457,Jean Lambert Evan's,1998-12-17,Jean Lambert Evan's,1998-12-17,France,France,Pau FC,Pau FC,1.0,True
tm_10683,tm_10683,David Kinsombi,1995-12-12,David Kinsombi,1995-12-12,Germany,Germany,SC Paderborn 07,SC Paderborn 07,1.0,True
tm_8453,tm_8453,Antoine Batisse,1995-01-13,Antoine Batisse,1995-01-13,France,France,Pau FC,Pau FC,1.0,True
tm_8883,tm_8883,Tom van de Looi,1999-07-02,Tom van de Looi,1999-07-02,Netherlands,Netherlands,Brescia Calcio,Brescia Calcio,1.0,True
tm_3484,tm_3484,Patrick van Aanholt,1990-08-29,Patrick van Aanholt,1990-08-29,Netherlands,Netherlands,Galatasaray,Galatasaray,1.0,True
tm_7639,tm_7639,Leopold Zingerle,1994-04-10,Leopold Zingerle,1994-04-10,Germany,Germany,RB Leipzig,RB Leipzig,1.0,True
tm_7092,tm_7092,Jonny Evans,1988-01-03,Jonny Evans,1988-01-03,Northern Ireland,Northern Ireland,Manchester United,Manchester United,1.0,True
tm_6914,tm_6914,Joseba Zaldua,1992-06-24,Joseba Zaldua,1992-06-24,Spain,Spain,Cádiz CF,Cádiz CF,1.0,True
tm_1014,tm_1014,Marco Angulo,2002-05-08,Marco Angulo,2002-05-08,Ecuador,Ecuador,FC Cincinnati,FC Cincinnati,1.0,True
tm_8947,tm_8947,Manolo Portanova,2000-06-02,Manolo Portanova,2000-06-02,Italy,Italy,Genoa CFC,Genoa CFC,1.0,True
tm_3464,tm_3464,Antoni Milambo,2005-04-03,Antoni Milambo,2005-04-03,Netherlands,Netherlands,Feyenoord Rotterdam,Feyenoord Rotterdam,1.0,True
tm_6623,tm_6623,Marcos Acuña,1991-10-28,Marcos Acuña,1991-10-28,Argentina,Argentina,Sevilla FC,Sevilla FC,1.0,True
tm_1795,tm_1795,Louis Breunig,2003-11-14,Louis Breunig,2003-11-14,Germany,Germany,1.FC Nuremberg,1.FC Nuremberg,1.0,True
tm_4646,tm_4646,Sirozhiddin Astanakulov,2006-01-26,Sirozhiddin Astanakulov,2006-01-26,Kyrgyzstan,Kyrgyzstan,MKE Ankaragücü,MKE Ankaragücü,1.0,True
tm_10116,tm_10116,David Cornell,1991-03-28,David Cornell,1991-03-28,Wales,Wales,Preston North End,Preston North End,1.0,True
tm_1510,tm_1510,Carlos Terán,2000-09-24,Carlos Terán,2000-09-24,Colombia,Colombia,Chicago Fire FC,Chicago Fire FC,1.0,True
tm_1321,tm_1321,Brian White,1996-02-03,Brian White,1996-02-03,United States,United States,Vancouver Whitecaps FC,Vancouver Whitecaps FC,1.0,True
tm_4146,tm_4146,Pietro Perdichizzi,1992-12-16,Pietro Perdichizzi,1992-12-16,Belgium,Belgium,KVC Westerlo,KVC Westerlo,1.0,True
tm_10833,tm_10833,Lars Kehl,2002-04-08,Lars Kehl,2002-04-08,Germany,Germany,VfL Osnabrück,VfL Osnabrück,1.0,True
tm_9456,tm_9456,Juanjo Nieto,1994-10-03,Juanjo Nieto,1994-10-03,Spain,Spain,SD Huesca,SD Huesca,1.0,True
tm_9439,tm_9439,Roberto López,2000-04-24,Roberto López,2000-04-24,Spain,Spain,Real Sociedad,Real Sociedad,1.0,True
tm_1576,tm_1576,Keegan Rosenberry,1993-12-11,Keegan Rosenberry,1993-12-11,United States,United States,Colorado Rapids,Colorado Rapids,1.0,True
tm_9431,tm_9431,Fernando Medrano,2000-03-26,Fernando Medrano,2000-03-26,Spain,Spain,CD Tenerife,CD Tenerife,1.0,True
tm_6290,tm_6290,Mattia Bani,1993-12-10,Mattia Bani,1993-12-10,Italy,Italy,Genoa CFC,Genoa CFC,1.0,True
tm_5081,tm_5081,Júnior Reis,2001-01-14,Júnior Reis,2001-01-14,Brazil,Brazil,FC Famalicão,FC Famalicão,1.0,True
tm_3540,tm_3540,Riechedly Bazoer,1996-10-12,Riechedly Bazoer,1996-10-12,Netherlands,Netherlands,AZ Alkmaar,AZ Alkmaar,1.0,True
tm_7321,tm_7321,Christian Nørgaard,1994-03-10,Christian Nørgaard,1994-03-10,Denmark,Denmark,Brentford FC,Brentford FC,1.0,True
tm_2222,tm_2222,Léo Chú,2000-04-06,Léo Chú,2000-04-06,Brazil,Brazil,Seattle Sounders FC,Seattle Sounders FC,1.0,True
tm_1655,tm_1655,Logan Ketterer,1993-11-09,Logan Ketterer,1993-11-09,United States,United States,CF Montréal,CF Montréal,1.0,True
tm_3737,tm_3737,Siemen Voet,2000-02-03,Siemen Voet,2000-02-03,Belgium,Belgium,,,1.0,True
tm_7360,tm_7360,Chermiti,2004-05-24,Chermiti,2004-05-24,Portugal,Portugal,Everton FC,Everton FC,1.0,True
tm_4502,tm_4502,Eren Karaagac,2004-05-24,Eren Karaagac,2004-05-24,Turkey,Turkey,Basaksehir FK,Basaksehir FK,1.0,True
tm_9500,tm_9500,Mohamed Djetei,1994-08-18,Mohamed Djetei,1994-08-18,Cameroon,Cameroon,Albacete Balompié,Albacete Balompié,1.0,True
tm_9108,tm_9108,Daouda Peeters,1999-01-26,Daouda Peeters,1999-01-26,Belgium,Belgium,,,1.0,True
tm_8785,tm_8785,Mauro Vigorito,1990-05-22,Mauro Vigorito,1990-05-22,Italy,Italy,Como 1907,Como 1907,1.0,True
tm_4142,tm_4142,Nick Gillekens,1995-07-05,Nick Gillekens,1995-07-05,Belgium,Belgium,KVC Westerlo,KVC Westerlo,1.0,True
tm_10767,tm_10767,Semih Sahin,1999-12-22,Semih Sahin,1999-12-22,Germany,Germany,SV 07 Elversberg,SV 07 Elversberg,1.0,True
tm_4205,tm_4205,Boris Popović,2000-02-26,Boris Popović,2000-02-26,Serbia,Serbia,Cercle Brugge,Cercle Brugge,1.0,True
tm_5914,tm_5914,Issa Soumaré,2000-10-10,Issa Soumaré,2000-10-10,Senegal,Senegal,Le Havre AC,Le Havre AC,1.0,True
tm_7876,tm_7876,Dennis Seimen,2005-12-01,Dennis Seimen,2005-12-01,Germany,Germany,VfB Stuttgart,VfB Stuttgart,1.0,True
tm_4544,tm_4544,Younès Belhanda,1990-02-25,Younès Belhanda,1990-02-25,Morocco,Morocco,Adana Demirspor,Adana Demirspor,1.0,True
tm_7855,tm_7855,Aaron Zehnter,2004-10-31,Aaron Zehnter,2004-10-31,Germany,Germany,FC Augsburg,FC Augsburg,1.0,True
tm_6508,tm_6508,Luca Garritano,1994-02-11,Luca Garritano,1994-02-11,Italy,Italy,Frosinone Calcio,Frosinone Calcio,1.0,True
tm_6828,tm_6828,Borja Mayoral,1997-04-05,Borja Mayoral,1997-04-05,Spain,Spain,Getafe CF,Getafe CF,1.0,True
tm_4316,tm_4316,Youssouf Koné,1995-07-05,Youssouf Koné,1995-07-05,Mali,Mali,RWD Molenbeek,RWD Molenbeek,1.0,True
tm_3742,tm_3742,Loreintz Rosier,1998-08-14,Loreintz Rosier,1998-08-14,France,France,Fortuna Sittard,Fortuna Sittard,1.0,True
tm_4065,tm_4065,Lucas Noubi,2005-01-15,Lucas Noubi,2005-01-15,Belgium,Belgium,Standard Liège,Standard Liège,1.0,True
tm_9406,tm_9406,Martí Vilà,1999-05-26,Martí Vilà,1999-05-26,Spain,Spain,FC Andorra,FC Andorra,1.0,True
tm_10309,tm_10309,Dan Scarr,1994-12-24,Dan Scarr,1994-12-24,England,England,Plymouth Argyle,Plymouth Argyle,1.0,True
tm_8116,tm_8116,Aimen Moueffek,2001-04-09,Aimen Moueffek,2001-04-09,Morocco,Morocco,AS Saint-Étienne,AS Saint-Étienne,1.0,True
tm_3304,tm_3304,Bressan,1993-01-15,Bressan,1993-01-15,Brazil,Brazil,Nantong Zhiyun,Nantong Zhiyun,1.0,True
tm_10104,tm_10104,Yasin Ayari,2003-10-06,Yasin Ayari,2003-10-06,Sweden,Sweden,Brighton & Hove Albion,Brighton & Hove Albion,1.0,True
tm_8988,tm_8988,Andrea Meroni,1997-01-09,Andrea Meroni,1997-01-09,Italy,Italy,Cosenza Calcio,Cosenza Calcio,1.0,True
tm_6837,tm_6837,Antonio Raíllo,1991-10-08,Antonio Raíllo,1991-10-08,Spain,Spain,RCD Mallorca,RCD Mallorca,1.0,True
tm_7250,tm_7250,Odysseas Vlachodimos,1994-04-26,Odysseas Vlachodimos,1994-04-26,Greece,Greece,Nottingham Forest,Nottingham Forest,1.0,True
tm_4202,tm_4202,Maxime Delanghe,2001-05-23,Maxime Delanghe,2001-05-23,Belgium,Belgium,Cercle Brugge,Cercle Brugge,1.0,True
tm_7380,tm_7380,Ryan Christie,1995-02-22,Ryan Christie,1995-02-22,Scotland,Scotland,AFC Bournemouth,AFC Bournemouth,1.0,True
tm_4885,tm_4885,Lazar Markovic,1994-03-02,Lazar Markovic,1994-03-02,Serbia,Serbia,Gaziantep FK,Gaziantep FK,1.0,True
tm_3574,tm_3574,Adrian Blake,2005-07-15,Adrian Blake,2005-07-15,England,England,FC Utrecht,FC Utrecht,1.0,True
tm_6506,tm_6506,Karlo Lulic,1996-05-10,Karlo Lulic,1996-05-10,Croatia,Croatia,Frosinone Calcio,Frosinone Calcio,1.0,True
tm_6361,tm_6361,Gianluca Caprari,1993-07-30,Gianluca Caprari,1993-07-30,Italy,Italy,AC Monza,AC Monza,1.0,True
tm_10592,tm_10592,Philipp Sander,1998-02-21,Philipp Sander,1998-02-21,Germany,Germany,Holstein Kiel,Holstein Kiel,1.0,True
tm_6279,tm_6279,Vivaldo Semedo,2005-01-28,Vivaldo Semedo,2005-01-28,Portugal,Portugal,Udinese Calcio,Udinese Calcio,1.0,True
tm_3412,tm_3412,Otávio,1995-02-09,Otávio,1995-02-09,Portugal,Portugal,Al-Nassr FC,Al-Nassr FC,1.0,True
tm_7599,tm_2661,Ole Pohlmann,2001-04-05,Ole Pohlmann,2001-04-05,Germany,Germany,Borussia Dortmund,Borussia Dortmund,1.0,True
tm_9205,tm_9205,Diego González,1995-01-28,Diego González,1995-01-28,Spain,Spain,Elche CF,Elche CF,1.0,True
tm_1637,tm_1637,Andy Nájar,1993-03-16,Andy Nájar,1993-03-16,Honduras,Honduras,D.C. United,D.C. United,1.0,True
tm_4909,tm_4909,Iron Gomis,1999-11-09,Iron Gomis,1999-11-09,France,France,Kasimpasa,Kasimpasa,1.0,True
tm_3098,tm_3098,Qiuming Wang,1993-01-09,Qiuming Wang,1993-01-09,China,China,Tianjin Jinmen Tiger,Tianjin Jinmen Tiger,1.0,True
tm_7537,tm_7537,Reece Burke,1996-09-02,Reece Burke,1996-09-02,England,England,Luton Town,Luton Town,1.0,True
tm_5504,tm_5504,Ismail Jakobs,1999-08-17,Ismail Jakobs,1999-08-17,Senegal,Senegal,AS Monaco,AS Monaco,1.0,True
tm_9210,tm_9210,Nicolás Fernández Mercau,2000-01-11,Nicolás Fernández Mercau,2000-01-11,Argentina,Argentina,Elche CF,Elche CF,1.0,True
tm_6982,tm_6982,Eric Curbelo,1994-01-14,Eric Curbelo,1994-01-14,Spain,Spain,UD Las Palmas,UD Las Palmas,1.0,True
tm_6612,tm_6612,Carlos Fernández,1996-05-22,Carlos Fernández,1996-05-22,Spain,Spain,Real Sociedad,Real Sociedad,1.0,True
tm_6351,tm_6351,Roberto Gagliardini,1994-04-07,Roberto Gagliardini,1994-04-07,Italy,Italy,AC Monza,AC Monza,1.0,True
tm_6723,tm_6723,Thierry Correia,1999-03-09,Thierry Correia,1999-03-09,Portugal,Portugal,Valencia CF,Valencia CF,1.0,True
tm_3375,tm_3375,Ali Al-Asmari,1997-01-12,Ali Al-Asmari,1997-01-12,Saudi Arabia,Saudi Arabia,Al-Ahli SFC,Al-Ahli SFC,1.0,True
tm_4574,tm_4574,Osman Celik,1991-11-27,Osman Celik,1991-11-27,Turkey,Turkey,Samsunspor,Samsunspor,1.0,True
tm_1782,tm_1782,Marco Wolf,2001-02-05,Marco Wolf,2001-02-05,Germany,Germany,Hallescher FC,Hallescher FC,1.0,True
tm_6965,tm_6965,Andoni Gorosabel,1996-08-04,Andoni Gorosabel,1996-08-04,Spain,Spain,Deportivo Alavés,Deportivo Alavés,1.0,True
tm_3515,tm_3515,Sivert Mannsverk,2002-05-08,Sivert Mannsverk,2002-05-08,Norway,Norway,Ajax Amsterdam,Ajax Amsterdam,1.0,True
tm_4464,tm_4464,Stefano Denswil,1993-05-07,Stefano Denswil,1993-05-07,Suriname,Suriname,Trabzonspor,Trabzonspor,1.0,True
tm_7248,tm_7248,Michail Antonio,1990-03-28,Michail Antonio,1990-03-28,Jamaica,Jamaica,West Ham United,West Ham United,1.0,True
tm_1856,tm_1856,Berkan Taz,1998-12-19,Berkan Taz,1998-12-19,Germany,Germany,SV Waldhof Mannheim,SV Waldhof Mannheim,1.0,True
tm_4653,tm_4653,Adil Demirbag,1997-12-10,Adil Demirbag,1997-12-10,Turkey,Turkey,Konyaspor,Konyaspor,1.0,True
tm_9935,tm_9935,Timothée Pembélé,2002-09-09,Timothée Pembélé,2002-09-09,France,France,Sunderland AFC,Sunderland AFC,1.0,True
tm_1330,tm_1330,Andrew Brody,1995-05-03,Andrew Brody,1995-05-03,United States,United States,Real Salt Lake City,Real Salt Lake City,1.0,True
tm_2479,tm_2479,Jamal Bajandooh,1992-08-12,Jamal Bajandooh,1992-08-12,Saudi Arabia,Saudi Arabia,Al-Tai FC,Al-Tai FC,1.0,True
tm_10181,tm_10181,Andre Dozzell,1999-05-02,Andre Dozzell,1999-05-02,England,England,Queens Park Rangers,Queens Park Rangers,1.0,True
tm_6216,tm_6216,Joshua Zirkzee,2001-05-22,Joshua Zirkzee,2001-05-22,Netherlands,Netherlands,Bologna FC 1909,Bologna FC 1909,1.0,True
tm_7556,tm_7556,Manuel Neuer,1986-03-27,Manuel Neuer,1986-03-27,Germany,Germany,Bayern Munich,Bayern Munich,1.0,True
tm_2383,tm_2383,Tawfiq Buhumaid,1987-10-29,Tawfiq Buhumaid,1987-10-29,Saudi Arabia,Saudi Arabia,Al-Fateh SC,Al-Fateh SC,1.0,True
tm_1144,tm_1144,Ramiro Enrique,2001-05-04,Ramiro Enrique,2001-05-04,Argentina,Argentina,Orlando City SC,Orlando City SC,1.0,True
tm_4070,tm_4070,Gilles Dewaele,1996-02-13,Gilles Dewaele,1996-02-13,Belgium,Belgium,Standard Liège,Standard Liège,1.0,True
tm_1367,tm_1367,D.J. Taylor,1997-08-26,D.J. Taylor,1997-08-26,United States,United States,Minnesota United FC,Minnesota United FC,1.0,True
tm_8405,tm_8405,Arial Mendy,1994-11-07,Arial Mendy,1994-11-07,Senegal,Senegal,Grenoble Foot 38,Grenoble Foot 38,1.0,True
tm_4057,tm_4057,Laurent Depoitre,1988-12-07,Laurent Depoitre,1988-12-07,Belgium,Belgium,KAA Gent,KAA Gent,1.0,True
tm_9923,tm_9923,Matt Phillips,1991-03-13,Matt Phillips,1991-03-13,Scotland,Scotland,West Bromwich Albion,West Bromwich Albion,1.0,True
tm_1333,tm_1333,Zack Farnsworth,2002-07-13,Zack Farnsworth,2002-07-13,United States,United States,Real Salt Lake City,Real Salt Lake City,1.0,True
tm_3423,tm_3423,Ahmed Hegazy,1991-01-25,Ahmed Hegazy,1991-01-25,Egypt,Egypt,Al-Ittihad Club,Al-Ittihad Club,1.0,True
tm_7637,tm_7637,Péter Gulácsi,1990-05-06,Péter Gulácsi,1990-05-06,Hungary,Hungary,RB Leipzig,RB Leipzig,1.0,True
tm_2599,tm_2599,Nawaf Al-Hawsawi,2000-12-03,Nawaf Al-Hawsawi,2000-12-03,Saudi Arabia,Saudi Arabia,Al-Wehda FC,Al-Wehda FC,1.0,True
tm_7330,tm_7330,Mikkel Damsgaard,2000-07-03,Mikkel Damsgaard,2000-07-03,Denmark,Denmark,Brentford FC,Brentford FC,1.0,True
tm_3957,tm_3957,Mujaid Sadick,2000-03-14,Mujaid Sadick,2000-03-14,Spain,Spain,KRC Genk,KRC Genk,1.0,True
tm_9631,tm_9631,Mathis Lachuer,2000-08-31,Mathis Lachuer,2000-08-31,France,France,CD Mirandés,CD Mirandés,1.0,True
tm_5065,tm_5065,Joe Mendes,2002-12-31,Joe Mendes,2002-12-31,Sweden,Sweden,SC Braga,SC Braga,1.0,True
tm_5687,tm_5687,Bastien Meupiyou,2006-03-19,Bastien Meupiyou,2006-03-19,France,France,FC Nantes,FC Nantes,1.0,True
tm_7995,tm_7995,Danilo Soares,1991-10-29,Danilo Soares,1991-10-29,Brazil,Brazil,VfL Bochum,VfL Bochum,1.0,True
tm_10384,tm_10384,Robert Glatzel,1994-01-08,Robert Glatzel,1994-01-08,Germany,Germany,Hamburger SV,Hamburger SV,1.0,True
tm_10725,tm_10725,Luc Castaignos,1992-09-27,Luc Castaignos,1992-09-27,Netherlands,Netherlands,1.FC Magdeburg,1.FC Magdeburg,1.0,True
tm_2671,tm_2671,Moses Otuali,2002-08-27,Moses Otuali,2002-08-27,Germany,Germany,Borussia Dortmund II,Borussia Dortmund II,1.0,True
tm_7384,tm_7384,Dango Ouattara,2002-02-11,Dango Ouattara,2002-02-11,Burkina Faso,Burkina Faso,AFC Bournemouth,AFC Bournemouth,1.0,True
tm_10635,tm_10635,Nils-Jonathan Körber,1996-11-13,Nils-Jonathan Körber,1996-11-13,Germany,Germany,FC Hansa Rostock,FC Hansa Rostock,1.0,True
tm_2068,tm_2068,Dixon Arroyo,1992-06-01,Dixon Arroyo,1992-06-01,Ecuador,Ecuador,Inter Miami CF,Inter Miami CF,1.0,True
tm_6338,tm_6338,Eugenio Lamanna,1989-08-07,Eugenio Lamanna,1989-08-07,Italy,Italy,AC Monza,AC Monza,1.0,True
tm_10117,tm_10117,Jordan Storey,1997-09-02,Jordan Storey,1997-09-02,England,England,Preston North End,Preston North End,1.0,True
tm_8016,tm_8016,Alexander Brunst,1995-07-07,Alexander Brunst,1995-07-07,Germany,Germany,SV Darmstadt 98,SV Darmstadt 98,1.0,True
tm_1286,tm_1286,Antony,2001-09-08,Antony,2001-09-08,Brazil,Brazil,Portland Timbers,Portland Timbers,1.0,True
tm_9995,tm_9995,Aaron Ramsey,1990-12-26,Aaron Ramsey,1990-12-26,Wales,Wales,Cardiff City,Cardiff City,1.0,True
tm_2496,tm_2496,Naif Asiri,2001-02-18,Naif Asiri,2001-02-18,Saudi Arabia,Saudi Arabia,Al-Okhdood Club,Al-Okhdood Club,1.0,True
tm_2919,tm_2919,Jianfei Zhao,1999-01-21,Jianfei Zhao,1999-01-21,China,China,Shandong Taishan,Shandong Taishan,1.0,True
tm_5738,tm_5738,Dominique Youfeigane,2000-02-07,Dominique Youfeigane,2000-02-07,Central African Republic,Central African Republic,FC Lorient,FC Lorient,1.0,True
tm_4091,tm_4091,Koki Machida,1997-08-25,Koki Machida,1997-08-25,Japan,Japan,Royale Union Saint-Gilloise,Royale Union Saint-Gilloise,1.0,True
tm_8204,tm_8204,Guédé Nadje,2003-11-12,Guédé Nadje,2003-11-12,France,France,Angers SCO,Angers SCO,1.0,True
tm_10518,tm_10518,Armindo Sieb,2003-02-17,Armindo Sieb,2003-02-17,Germany,Germany,SpVgg Greuther Fürth,SpVgg Greuther Fürth,1.0,True
tm_3088,tm_3088,Pengfei Han,1993-04-28,Pengfei Han,1993-04-28,China,China,Tianjin Jinmen Tiger,Tianjin Jinmen Tiger,1.0,True
tm_1563,tm_1563,Adama Diomande,1990-02-14,Adama Diomande,1990-02-14,Norway,Norway,Toronto FC,Toronto FC,1.0,True
tm_1291,tm_1291,Jaroslaw Niezgoda,1995-03-15,Jaroslaw Niezgoda,1995-03-15,Poland,Poland,Portland Timbers,Portland Timbers,1.0,True
tm_2737,tm_2737,Ryan Malone,1992-08-11,Ryan Malone,1992-08-11,United States,United States,FC Ingolstadt 04,FC Ingolstadt 04,1.0,True
tm_10092,tm_10092,Ben Wilson,1992-08-09,Ben Wilson,1992-08-09,England,England,Coventry City,Coventry City,1.0,True
tm_6404,tm_6404,Juan Cabal,2001-01-08,Juan Cabal,2001-01-08,Colombia,Colombia,Hellas Verona,Hellas Verona,1.0,True
tm_7815,tm_7815,Attila Szalai,1998-01-20,Attila Szalai,1998-01-20,Hungary,Hungary,TSG 1899 Hoffenheim,TSG 1899 Hoffenheim,1.0,True
tm_10021,tm_10021,Krystian Bielik,1998-01-04,Krystian Bielik,1998-01-04,Poland,Poland,Birmingham City,Birmingham City,1.0,True
tm_1267,tm_1267,Aljaz Ivacic,1993-12-29,Aljaz Ivacic,1993-12-29,Slovenia,Slovenia,Portland Timbers,Portland Timbers,1.0,True
tm_2112,tm_2112,Maxime Crépeau,1994-05-11,Maxime Crépeau,1994-05-11,Canada,Canada,Los Angeles FC,Los Angeles FC,1.0,True
tm_2087,tm_2087,Brad Guzan,1984-09-09,Brad Guzan,1984-09-09,United States,United States,Atlanta United FC,Atlanta United FC,1.0,True
tm_6067,tm_6067,Bryan Cristante,1995-03-03,Bryan Cristante,1995-03-03,Italy,Italy,AS Roma,AS Roma,1.0,True
tm_9083,tm_9083,Mattia Zennaro,2000-08-03,Mattia Zennaro,2000-08-03,Italy,Italy,Feralpisalò,Feralpisalò,1.0,True
tm_9005,tm_9005,Francesco Forte,1993-05-01,Francesco Forte,1993-05-01,Italy,Italy,Ascoli Calcio,Ascoli Calcio,1.0,True
tm_2056,tm_2056,Tomás Avilés,2004-02-03,Tomás Avilés,2004-02-03,Argentina,Argentina,Inter Miami CF,Inter Miami CF,1.0,True
tm_2513,tm_2513,Abdulaziz Hetalh,1999-02-10,Abdulaziz Hetalh,1999-02-10,Saudi Arabia,Saudi Arabia,,,1.0,True
tm_10728,tm_10728,Max Weiß,2004-06-15,Max Weiß,2004-06-15,Germany,Germany,Karlsruher SC,Karlsruher SC,1.0,True
tm_6706,tm_6706,Iker Muniain,1992-12-19,Iker Muniain,1992-12-19,Spain,Spain,Athletic Bilbao,Athletic Bilbao,1.0,True
tm_8900,tm_8900,Andrea Seculin,1990-07-14,Andrea Seculin,1990-07-14,Italy,Italy,Modena FC,Modena FC,1.0,True
tm_7517,tm_7517,James McAtee,2002-10-18,James McAtee,2002-10-18,England,England,Manchester City,Manchester City,1.0,True
tm_3029,tm_3029,Xin Tang,1990-10-16,Xin Tang,1990-10-16,China,China,Chengdu Rongcheng,Chengdu Rongcheng,1.0,True
tm_2084,tm_2084,Nicolás Stefanelli,1994-11-22,Nicolás Stefanelli,1994-11-22,Argentina,Argentina,Inter Miami CF,Inter Miami CF,1.0,True
tm_4761,tm_4761,Dal Varesanovic,2001-05-23,Dal Varesanovic,2001-05-23,Bosnia-Herzegovina,Bosnia-Herzegovina,Caykur Rizespor,Caykur Rizespor,1.0,True
tm_10110,tm_10110,Kasey Palmer,1996-11-09,Kasey Palmer,1996-11-09,Jamaica,Jamaica,Coventry City,Coventry City,1.0,True
tm_3689,tm_3689,Saïd Bakari,1994-09-22,Saïd Bakari,1994-09-22,Comoros,Comoros,Sparta Rotterdam,Sparta Rotterdam,1.0,True
tm_2741,tm_2741,Leon Guwara,1996-06-28,Leon Guwara,1996-06-28,The Gambia,The Gambia,FC Ingolstadt 04,FC Ingolstadt 04,1.0,True
tm_1789,tm_1789,Felix Gebhardt,2002-03-01,Felix Gebhardt,2002-03-01,Germany,Germany,SSV Jahn Regensburg,SSV Jahn Regensburg,1.0,True
tm_2413,tm_2413,Hussain Al-Nuweqi,1995-12-03,Hussain Al-Nuweqi,1995-12-03,Saudi Arabia,Saudi Arabia,Al-Riyadh SC,Al-Riyadh SC,1.0,True
tm_8001,tm_8001,Patrick Osterhage,2000-02-01,Patrick Osterhage,2000-02-01,Germany,Germany,VfL Bochum,VfL Bochum,1.0,True
tm_3210,tm_3210,Ziyi Tian,2001-01-27,Ziyi Tian,2001-01-27,China,China,Shenzhen FC,Shenzhen FC,1.0,True
tm_1971,tm_1971,Florian Kirschke,1992-05-24,Florian Kirschke,1992-05-24,Germany,Germany,VfB Lübeck,VfB Lübeck,1.0,True
tm_1169,tm_1169,Tomás Chancalay,1999-01-01,Tomás Chancalay,1999-01-01,Argentina,Argentina,,,1.0,True
tm_10271,tm_10271,Patrick Jones,2003-06-09,Patrick Jones,2003-06-09,Wales,Wales,Huddersfield Town,Huddersfield Town,1.0,True
tm_9771,tm_9771,Liam Cooper,1991-08-30,Liam Cooper,1991-08-30,Scotland,Scotland,Leeds United,Leeds United,1.0,True
tm_7004,tm_7004,Marc Cardona,1995-07-08,Marc Cardona,1995-07-08,Spain,Spain,UD Las Palmas,UD Las Palmas,1.0,True
tm_3868,tm_3868,Xavier Mbuyamba,2001-12-31,Xavier Mbuyamba,2001-12-31,Netherlands,Netherlands,FC Volendam,FC Volendam,1.0,True
tm_5238,tm_5238,Koba Koindredi,2001-10-27,Koba Koindredi,2001-10-27,Neukaledonien,Neukaledonien,Valencia CF,Valencia CF,1.0,True
tm_3221,tm_3221,Ning Li,2001-10-20,Ning Li,2001-10-20,China,China,Shenzhen FC,Shenzhen FC,1.0,True
tm_8724,tm_8724,Manuel De Luca,1998-07-17,Manuel De Luca,1998-07-17,Italy,Italy,UC Sampdoria,UC Sampdoria,1.0,True
tm_3907,tm_3907,Godfried Roemeratoe,1999-08-19,Godfried Roemeratoe,1999-08-19,Curacao,Curacao,RKC Waalwijk,RKC Waalwijk,1.0,True
tm_6812,tm_6812,Gastón Álvarez,2000-03-24,Gastón Álvarez,2000-03-24,Uruguay,Uruguay,Getafe CF,Getafe CF,1.0,True
tm_6992,tm_6992,Enzo Loiodice,2000-11-27,Enzo Loiodice,2000-11-27,France,France,UD Las Palmas,UD Las Palmas,1.0,True
tm_8957,tm_8957,Emiliano Viviano,1985-12-01,Emiliano Viviano,1985-12-01,Italy,Italy,Ascoli Calcio,Ascoli Calcio,1.0,True
tm_8452,tm_8452,Noé Sow,1998-12-18,Noé Sow,1998-12-18,France,France,Pau FC,Pau FC,1.0,True
tm_10678,tm_10678,Dawyn-Paul Donner,2002-08-06,Dawyn-Paul Donner,2002-08-06,Germany,Germany,SC Paderborn 07,SC Paderborn 07,1.0,True
tm_1447,tm_1447,Adilson Malanda,2001-10-29,Adilson Malanda,2001-10-29,France,France,Charlotte FC,Charlotte FC,1.0,True
tm_2683,tm_2683,Kyrylo Melichenko,1999-06-07,Kyrylo Melichenko,1999-06-07,Ukraine,Ukraine,SG Dynamo Dresden,SG Dynamo Dresden,1.0,True
tm_2618,tm_2618,Rayan Al-Dossary,2004-07-01,Rayan Al-Dossary,2004-07-01,Saudi Arabia,Saudi Arabia,Al-Khaleej FC,Al-Khaleej FC,1.0,True
tm_2626,tm_2626,Saeed Al-Hamsl,1996-04-18,Saeed Al-Hamsl,1996-04-18,Saudi Arabia,Saudi Arabia,Al-Khaleej FC,Al-Khaleej FC,1.0,True
tm_10741,tm_10741,Leon Jensen,1997-05-19,Leon Jensen,1997-05-19,Germany,Germany,Karlsruher SC,Karlsruher SC,1.0,True
tm_5638,tm_5638,Andy Diouf,2003-05-17,Andy Diouf,2003-05-17,France,France,RC Lens,RC Lens,1.0,True
tm_1683,tm_1683,Tim Knipping,1992-11-24,Tim Knipping,1992-11-24,Germany,Germany,SV Sandhausen,SV Sandhausen,1.0,True
tm_6702,tm_6702,Ander Herrera,1989-08-14,Ander Herrera,1989-08-14,Spain,Spain,Athletic Bilbao,Athletic Bilbao,1.0,True
tm_10349,tm_10349,Ciaran McGuckin,2003-12-30,Ciaran McGuckin,2003-12-30,Northern Ireland,Northern Ireland,Rotherham United,Rotherham United,1.0,True
tm_3018,tm_3018,Tao Jian,2001-06-22,Tao Jian,2001-06-22,China,China,Chengdu Rongcheng,Chengdu Rongcheng,1.0,True
tm_5271,tm_5271,Hélio Varela,2002-05-03,Hélio Varela,2002-05-03,Portugal,Portugal,Portimonense SC,Portimonense SC,1.0,True
tm_3777,tm_3777,Rajiv van La Parra,1991-06-04,Rajiv van La Parra,1991-06-04,Netherlands,Netherlands,Almere City FC,Almere City FC,1.0,True
tm_2595,tm_2595,Yousef Al-Harbi,1997-03-16,Yousef Al-Harbi,1997-03-16,Saudi Arabia,Saudi Arabia,Al-Fayha FC,Al-Fayha FC,1.0,True
tm_4833,tm_4833,Emir Dadük,2008-02-13,Emir Dadük,2008-02-13,Turkey,Turkey,Hatayspor,Hatayspor,1.0,True
tm_8918,tm_8918,Luca Tremolada,1991-11-25,Luca Tremolada,1991-11-25,Italy,Italy,Modena FC,Modena FC,1.0,True
tm_5393,tm_5393,Leonardo Lelo,2000-03-30,Leonardo Lelo,2000-03-30,Portugal,Portugal,Casa Pia AC,Casa Pia AC,1.0,True
tm_1315,tm_1315,Ryan Gauld,1995-12-16,Ryan Gauld,1995-12-16,Scotland,Scotland,Vancouver Whitecaps FC,Vancouver Whitecaps FC,1.0,True
tm_4438,tm_4438,Umut Meras,1995-12-20,Umut Meras,1995-12-20,Turkey,Turkey,Besiktas JK,Besiktas JK,1.0,True
tm_10308,tm_10308,Lewis Gibson,2000-07-19,Lewis Gibson,2000-07-19,England,England,Plymouth Argyle,Plymouth Argyle,1.0,True
tm_2730,tm_2730,Alessio Besio,2004-03-18,Alessio Besio,2004-03-18,Switzerland,Switzerland,SC Freiburg II,SC Freiburg II,1.0,True
tm_1245,tm_1245,Yevgen Cheberko,1998-01-23,Yevgen Cheberko,1998-01-23,Ukraine,Ukraine,Columbus Crew,Columbus Crew,1.0,True
tm_4006,tm_4006,Colin Coosemans,1992-08-03,Colin Coosemans,1992-08-03,Belgium,Belgium,RSC Anderlecht,RSC Anderlecht,1.0,True
tm_3319,tm_3319,Morelatto,1994-05-25,Morelatto,1994-05-25,Brazil,Brazil,Nantong Zhiyun,Nantong Zhiyun,1.0,True
tm_10212,tm_10212,Mark Sykes,1997-08-04,Mark Sykes,1997-08-04,Ireland,Ireland,Bristol City,Bristol City,1.0,True
tm_1050,tm_1050,Tarik Scott,2005-04-23,Tarik Scott,2005-04-23,United States,United States,FC Dallas,FC Dallas,1.0,True
tm_6244,tm_6244,Grégoire Defrel,1991-06-17,Grégoire Defrel,1991-06-17,France,France,US Sassuolo,US Sassuolo,1.0,True
tm_9090,tm_9090,Mattia Felici,2001-04-17,Mattia Felici,2001-04-17,Italy,Italy,,,1.0,True
tm_8391,tm_8391,Facinet Conte,2005-03-24,Facinet Conte,2005-03-24,Guinea,Guinea,SC Bastia,SC Bastia,1.0,True
tm_9442,tm_9442,Elady Zorrilla,1990-07-13,Elady Zorrilla,1990-07-13,Spain,Spain,CD Tenerife,CD Tenerife,1.0,True
tm_4181,tm_4181,Scotty Sadzoute,1998-04-29,Scotty Sadzoute,1998-04-29,France,France,Oud-Heverlee Leuven,Oud-Heverlee Leuven,1.0,True
tm_5634,tm_5634,Massadio Haidara,1992-12-02,Massadio Haidara,1992-12-02,Mali,Mali,RC Lens,RC Lens,1.0,True
tm_7340,tm_7340,Ben Godfrey,1998-01-15,Ben Godfrey,1998-01-15,England,England,Everton FC,Everton FC,1.0,True
tm_2543,tm_2543,Hamoud Bassam,2004-08-04,Hamoud Bassam,2004-08-04,Syria,Syria,Al-Raed SFC,Al-Raed SFC,1.0,True
tm_4963,tm_4963,Jackson,1999-04-24,Jackson,1999-04-24,Brazil,Brazil,Istanbulspor,Istanbulspor,1.0,True
tm_7336,tm_7336,Jordan Pickford,1994-03-07,Jordan Pickford,1994-03-07,England,England,Everton FC,Everton FC,1.0,True
tm_1248,tm_1248,Josh Williams,1988-04-18,Josh Williams,1988-04-18,United States,United States,Columbus Crew,Columbus Crew,1.0,True
tm_10860,tm_10860,Hyun-ju Lee,2003-02-07,Hyun-ju Lee,2003-02-07,"Korea, South","Korea, South",,,1.0,True
tm_8743,tm_8743,Idrissa Touré,1998-04-29,Idrissa Touré,1998-04-29,Germany,Germany,Pisa Sporting Club,Pisa Sporting Club,1.0,True
tm_2076,tm_2076,Santiago Morales,2007-02-09,Santiago Morales,2007-02-09,United States,United States,Inter Miami CF,Inter Miami CF,1.0,True
tm_3848,tm_3848,Sylian Mokono,1999-03-22,Sylian Mokono,1999-03-22,Netherlands,Netherlands,Heracles Almelo,Heracles Almelo,1.0,True
tm_8741,tm_8741,Miguel Veloso,1986-05-11,Miguel Veloso,1986-05-11,Portugal,Portugal,Pisa Sporting Club,Pisa Sporting Club,1.0,True
tm_2183,tm_2183,Keaton Parks,1997-08-06,Keaton Parks,1997-08-06,United States,United States,New York City FC,New York City FC,1.0,True
tm_1047,tm_1047,Alan Velasco,2002-07-27,Alan Velasco,2002-07-27,Argentina,Argentina,FC Dallas,FC Dallas,1.0,True
tm_5890,tm_5890,Shamar Nicholson,1997-03-16,Shamar Nicholson,1997-03-16,Jamaica,Jamaica,,,1.0,True
tm_9538,tm_9538,Ander Martín,2000-11-16,Ander Martín,2000-11-16,Spain,Spain,Burgos CF,Burgos CF,1.0,True
tm_6294,tm_6294,Stefano Sabelli,1993-01-13,Stefano Sabelli,1993-01-13,Italy,Italy,Genoa CFC,Genoa CFC,1.0,True
tm_6309,tm_6309,Benoît Costil,1987-07-03,Benoît Costil,1987-07-03,France,France,US Salernitana 1919,US Salernitana 1919,1.0,True
tm_8599,tm_8599,Axel Urie,1999-04-14,Axel Urie,1999-04-14,Central African Republic,Central African Republic,US Concarneau,US Concarneau,1.0,True
tm_1952,tm_1952,Ramzi Ferjani,2001-04-11,Ramzi Ferjani,2001-04-11,Tunisia,Tunisia,FC Erzgebirge Aue,FC Erzgebirge Aue,1.0,True
tm_8529,tm_8529,Zakaria Bengueddoudj,2000-02-21,Zakaria Bengueddoudj,2000-02-21,France,France,FC Annecy,FC Annecy,1.0,True
tm_6642,tm_6642,Pepe Reina,1982-08-31,Pepe Reina,1982-08-31,Spain,Spain,Villarreal CF,Villarreal CF,1.0,True
tm_3691,tm_3691,Jonathan de Guzmán,1987-09-13,Jonathan de Guzmán,1987-09-13,Netherlands,Netherlands,Sparta Rotterdam,Sparta Rotterdam,1.0,True
tm_3147,tm_3147,Liangkuan Jin,2002-01-28,Liangkuan Jin,2002-01-28,China,China,Meizhou Hakka,Meizhou Hakka,1.0,True
tm_4625,tm_4625,Nihad Mujakic,1998-04-15,Nihad Mujakic,1998-04-15,Bosnia-Herzegovina,Bosnia-Herzegovina,MKE Ankaragücü,MKE Ankaragücü,1.0,True
tm_4353,tm_4353,Frederic Ananou,1997-09-20,Frederic Ananou,1997-09-20,Togo,Togo,Sint-Truidense VV,Sint-Truidense VV,1.0,True
tm_10248,tm_10248,Lee Nicholls,1992-10-05,Lee Nicholls,1992-10-05,England,England,Huddersfield Town,Huddersfield Town,1.0,True
tm_6434,tm_6434,Kastriot Dermaku,1992-01-15,Kastriot Dermaku,1992-01-15,Albania,Albania,US Lecce,US Lecce,1.0,True
tm_10594,tm_10594,Nicolai Remberg,2000-06-19,Nicolai Remberg,2000-06-19,Germany,Germany,Holstein Kiel,Holstein Kiel,1.0,True
tm_7552,tm_7552,Carlton Morris,1995-12-16,Carlton Morris,1995-12-16,England,England,Luton Town,Luton Town,1.0,True
tm_5929,tm_5929,Sadibou Sané,2004-06-10,Sadibou Sané,2004-06-10,Senegal,Senegal,FC Metz,FC Metz,1.0,True
tm_8968,tm_8968,Brian Bayeye,2000-06-30,Brian Bayeye,2000-06-30,DR Congo,DR Congo,Torino FC,Torino FC,1.0,True
tm_5041,tm_5041,Ricardo Esgaio,1993-05-16,Ricardo Esgaio,1993-05-16,Portugal,Portugal,Sporting CP,Sporting CP,1.0,True
tm_3963,tm_3963,Bryan Heynen,1997-02-06,Bryan Heynen,1997-02-06,Belgium,Belgium,KRC Genk,KRC Genk,1.0,True
tm_5794,tm_5794,Joseph Okumu,1997-05-26,Joseph Okumu,1997-05-26,Kenya,Kenya,Stade Reims,Stade Reims,1.0,True
tm_5397,tm_5397,Rafael Brito,2002-01-19,Rafael Brito,2002-01-19,Portugal,Portugal,Casa Pia AC,Casa Pia AC,1.0,True
tm_2156,tm_2156,Leon Flach,2001-02-28,Leon Flach,2001-02-28,United States,United States,Philadelphia Union,Philadelphia Union,1.0,True
tm_5418,tm_5418,Talys,1999-02-10,Talys,1999-02-10,Brazil,Brazil,SC Farense,SC Farense,1.0,True
tm_1036,tm_1036,Sam Junqua,1996-11-09,Sam Junqua,1996-11-09,United States,United States,FC Dallas,FC Dallas,1.0,True
tm_6388,tm_6388,Nicolò Cambiaghi,2000-12-28,Nicolò Cambiaghi,2000-12-28,Italy,Italy,Atalanta BC,Atalanta BC,1.0,True
tm_6973,tm_6973,Luis Rioja,1993-10-16,Luis Rioja,1993-10-16,Spain,Spain,Deportivo Alavés,Deportivo Alavés,1.0,True
tm_6300,tm_6300,Filip Jagiello,1997-08-08,Filip Jagiello,1997-08-08,Poland,Poland,Genoa CFC,Genoa CFC,1.0,True
tm_10363,tm_10363,Guilherme Ramos,1997-08-11,Guilherme Ramos,1997-08-11,Portugal,Portugal,Hamburger SV,Hamburger SV,1.0,True
tm_5130,tm_5130,João Mendes,1994-10-21,João Mendes,1994-10-21,Portugal,Portugal,Vitória Guimarães SC,Vitória Guimarães SC,1.0,True
tm_9343,tm_9343,Juan Otero,1995-05-26,Juan Otero,1995-05-26,Colombia,Colombia,,,1.0,True
tm_2253,tm_2253,Abdullah Radif,2003-01-21,Abdullah Radif,2003-01-21,Saudi Arabia,Saudi Arabia,Al-Hilal SFC,Al-Hilal SFC,1.0,True
tm_1577,tm_1577,Sebastian Anderson,2002-08-08,Sebastian Anderson,2002-08-08,United States,United States,Colorado Rapids,Colorado Rapids,1.0,True
tm_8815,tm_8815,Giorgio Altare,1998-08-09,Giorgio Altare,1998-08-09,Italy,Italy,Cagliari Calcio,Cagliari Calcio,1.0,True
tm_7688,tm_7688,Jonas Wind,1999-02-07,Jonas Wind,1999-02-07,Denmark,Denmark,VfL Wolfsburg,VfL Wolfsburg,1.0,True
tm_7270,tm_7270,Danilo,2001-04-29,Danilo,2001-04-29,Brazil,Brazil,Nottingham Forest,Nottingham Forest,1.0,True
tm_10447,tm_10447,Keke Topp,2004-03-25,Keke Topp,2004-03-25,Germany,Germany,FC Schalke 04,FC Schalke 04,1.0,True
tm_2149,tm_2149,Kai Wagner,1997-02-15,Kai Wagner,1997-02-15,Germany,Germany,Philadelphia Union,Philadelphia Union,1.0,True
tm_2795,tm_2795,Calogero Rizzuto,1992-01-05,Calogero Rizzuto,1992-01-05,Germany,Germany,1.FC Saarbrücken,1.FC Saarbrücken,1.0,True
tm_1764,tm_1764,Jonas Nietfeld,1994-01-15,Jonas Nietfeld,1994-01-15,Germany,Germany,Hallescher FC,Hallescher FC,1.0,True
tm_3498,tm_3498,Ricardo Pepi,2003-01-09,Ricardo Pepi,2003-01-09,United States,United States,PSV Eindhoven,PSV Eindhoven,1.0,True
tm_7837,tm_7837,Mergim Berisha,1998-05-11,Mergim Berisha,1998-05-11,Germany,Germany,TSG 1899 Hoffenheim,TSG 1899 Hoffenheim,1.0,True
tm_4032,tm_4032,Luis Vázquez,2001-04-24,Luis Vázquez,2001-04-24,Argentina,Argentina,RSC Anderlecht,RSC Anderlecht,1.0,True
tm_8142,tm_8142,Danel Dongmo,2001-01-31,Danel Dongmo,2001-01-31,Cameroon,Cameroon,,,1.0,True
tm_5439,tm_5439,Bruno Brígido,1991-03-09,Bruno Brígido,1991-03-09,Brazil,Brazil,CF Estrela Amadora SAD,CF Estrela Amadora SAD,1.0,True
tm_5350,tm_5350,Emmanuel Boateng,1996-05-23,Emmanuel Boateng,1996-05-23,Ghana,Ghana,Rio Ave FC,Rio Ave FC,1.0,True
tm_10702,tm_10702,Cristiano Piccini,1992-09-26,Cristiano Piccini,1992-09-26,Italy,Italy,1.FC Magdeburg,1.FC Magdeburg,1.0,True
tm_1335,tm_1335,Emeka Eneli,1999-10-18,Emeka Eneli,1999-10-18,United States,United States,Real Salt Lake City,Real Salt Lake City,1.0,True
tm_2393,tm_2393,Nooh Al-Mousa,1991-02-23,Nooh Al-Mousa,1991-02-23,Saudi Arabia,Saudi Arabia,Al-Fateh SC,Al-Fateh SC,1.0,True
tm_7094,tm_7094,Tyrell Malacia,1999-08-17,Tyrell Malacia,1999-08-17,Netherlands,Netherlands,Manchester United,Manchester United,1.0,True
tm_2330,tm_2330,Sultan Mandash,1994-10-17,Sultan Mandash,1994-10-17,Saudi Arabia,Saudi Arabia,Al-Fayha FC,Al-Fayha FC,1.0,True
tm_3316,tm_3316,Jie Wang,1989-01-14,Jie Wang,1989-01-14,China,China,Nantong Zhiyun,Nantong Zhiyun,1.0,True
tm_6391,tm_6391,Francesco Caputo,1987-08-06,Francesco Caputo,1987-08-06,Italy,Italy,FC Empoli,FC Empoli,1.0,True
tm_3225,tm_3225,Shuai Pei,1993-01-14,Shuai Pei,1993-01-14,China,China,Shenzhen FC,Shenzhen FC,1.0,True
tm_1023,tm_1023,Brandon Vazquez,1998-10-14,Brandon Vazquez,1998-10-14,United States,United States,FC Cincinnati,FC Cincinnati,1.0,True
tm_7531,tm_7531,Thomas Kaminski,1992-10-23,Thomas Kaminski,1992-10-23,Belgium,Belgium,Luton Town,Luton Town,1.0,True
tm_4126,tm_4126,Thomas Lutte,2004-07-09,Thomas Lutte,2004-07-09,Belgium,Belgium,RSC Charleroi,RSC Charleroi,1.0,True
tm_5803,tm_5803,Valentin Atangana Edoa,2005-08-25,Valentin Atangana Edoa,2005-08-25,France,France,Stade Reims,Stade Reims,1.0,True
tm_1381,tm_1381,Teemu Pukki,1990-03-29,Teemu Pukki,1990-03-29,Finland,Finland,Minnesota United FC,Minnesota United FC,1.0,True
tm_8379,tm_8379,Dylan Tavares,1996-08-30,Dylan Tavares,1996-08-30,Cape Verde,Cape Verde,SC Bastia,SC Bastia,1.0,True
tm_8875,tm_8875,Davide Adorni,1992-08-09,Davide Adorni,1992-08-09,Italy,Italy,Brescia Calcio,Brescia Calcio,1.0,True
tm_3008,tm_3008,Junchi Xu,2005-01-09,Junchi Xu,2005-01-09,China,China,Zhejiang FC,Zhejiang FC,1.0,True
tm_7705,tm_7705,Rani Khedira,1994-01-27,Rani Khedira,1994-01-27,Germany,Germany,1.FC Union Berlin,1.FC Union Berlin,1.0,True
tm_8276,tm_8276,Jonathan Iglesias,1988-12-17,Jonathan Iglesias,1988-12-17,Uruguay,Uruguay,EA Guingamp,EA Guingamp,1.0,True
tm_7897,tm_7897,Jamie Leweling,2001-02-26,Jamie Leweling,2001-02-26,Germany,Germany,1.FC Union Berlin,1.FC Union Berlin,1.0,True
tm_8569,tm_8569,Julien Anziani,1999-06-23,Julien Anziani,1999-06-23,France,France,USL Dunkerque,USL Dunkerque,1.0,True
tm_8324,tm_8324,Julien Masson,1998-06-18,Julien Masson,1998-06-18,France,France,Valenciennes FC,Valenciennes FC,1.0,True
tm_7448,tm_7448,Craig Dawson,1990-05-06,Craig Dawson,1990-05-06,England,England,Wolverhampton Wanderers,Wolverhampton Wanderers,1.0,True
tm_6969,tm_6969,Carlos Benavidez,1998-03-30,Carlos Benavidez,1998-03-30,Uruguay,Uruguay,Deportivo Alavés,Deportivo Alavés,1.0,True
tm_2747,tm_2747,Benjamin Kanuric,2003-02-26,Benjamin Kanuric,2003-02-26,Austria,Austria,FC Ingolstadt 04,FC Ingolstadt 04,1.0,True
tm_8075,tm_8075,Grégoire Swiderski,2005-10-05,Grégoire Swiderski,2005-10-05,France,France,,,1.0,True
tm_1586,tm_1586,Sam Nicholson,1995-01-20,Sam Nicholson,1995-01-20,Scotland,Scotland,Colorado Rapids,Colorado Rapids,1.0,True
tm_7043,tm_7043,Jorginho,1991-12-20,Jorginho,1991-12-20,Italy,Italy,Arsenal FC,Arsenal FC,1.0,True
tm_4620,tm_4620,Adam Buksa,1996-07-12,Adam Buksa,1996-07-12,Poland,Poland,RC Lens,RC Lens,1.0,True
tm_7189,tm_7189,Sean Longstaff,1997-10-30,Sean Longstaff,1997-10-30,England,England,Newcastle United,Newcastle United,1.0,True
tm_6953,tm_6953,José Callejón,1987-02-11,José Callejón,1987-02-11,Spain,Spain,Granada CF,Granada CF,1.0,True
tm_9660,tm_9660,Javier Avilés,1997-08-17,Javier Avilés,1997-08-17,Spain,Spain,CD Leganés,CD Leganés,1.0,True
tm_8440,tm_8440,Pape Ousmane Sakho,1996-12-21,Pape Ousmane Sakho,1996-12-21,Senegal,Senegal,Quevilly - Rouen Métropole,Quevilly - Rouen Métropole,1.0,True
tm_5779,tm_5779,Jordan Ferri,1992-03-12,Jordan Ferri,1992-03-12,France,France,Montpellier HSC,Montpellier HSC,1.0,True
tm_6532,tm_6532,Federico Valverde,1998-07-22,Federico Valverde,1998-07-22,Uruguay,Uruguay,Real Madrid,Real Madrid,1.0,True
tm_10073,tm_10073,Ki-Jana Hoever,2002-01-18,Ki-Jana Hoever,2002-01-18,Netherlands,Netherlands,Wolverhampton Wanderers,Wolverhampton Wanderers,1.0,True
tm_10814,tm_10814,Oumar Diakhite,1993-12-09,Oumar Diakhite,1993-12-09,Senegal,Senegal,VfL Osnabrück,VfL Osnabrück,1.0,True
tm_10790,tm_10790,Jannis Nikolaou,1993-07-31,Jannis Nikolaou,1993-07-31,Germany,Germany,Eintracht Braunschweig,Eintracht Braunschweig,1.0,True
tm_5489,tm_5489,Ousmane Dembélé,1997-05-15,Ousmane Dembélé,1997-05-15,France,France,Paris Saint-Germain,Paris Saint-Germain,1.0,True
tm_4244,tm_4244,Martin Regali,1993-10-12,Martin Regali,1993-10-12,Slovakia,Slovakia,KV Kortrijk,KV Kortrijk,1.0,True
tm_3145,tm_3145,Junjie Wen,1997-04-16,Junjie Wen,1997-04-16,China,China,Meizhou Hakka,Meizhou Hakka,1.0,True
tm_10443,tm_10443,Kenan Karaman,1994-03-05,Kenan Karaman,1994-03-05,Turkey,Turkey,FC Schalke 04,FC Schalke 04,1.0,True
tm_7622,tm_7622,Timothy Fosu-Mensah,1998-01-02,Timothy Fosu-Mensah,1998-01-02,Netherlands,Netherlands,Bayer 04 Leverkusen,Bayer 04 Leverkusen,1.0,True
tm_9244,tm_9244,Ángel Troncho,2002-10-02,Ángel Troncho,2002-10-02,Spain,Spain,SD Eibar,SD Eibar,1.0,True
tm_4541,tm_4541,Badou Ndiaye,1990-10-27,Badou Ndiaye,1990-10-27,Senegal,Senegal,Adana Demirspor,Adana Demirspor,1.0,True
tm_3129,tm_3129,Yunqi Guo,1997-06-26,Yunqi Guo,1997-06-26,China,China,,,1.0,True
tm_8646,tm_8646,Cristian Ansaldi,1986-09-20,Cristian Ansaldi,1986-09-20,Argentina,Argentina,Parma Calcio 1913,Parma Calcio 1913,1.0,True
tm_6785,tm_6785,Juan Carlos,1988-01-20,Juan Carlos,1988-01-20,Spain,Spain,Girona FC,Girona FC,1.0,True
tm_2261,tm_2261,Saad Al-Mousa,2002-12-10,Saad Al-Mousa,2002-12-10,Saudi Arabia,Saudi Arabia,Al-Ettifaq FC,Al-Ettifaq FC,1.0,True
tm_1673,tm_1673,Ariel Lassiter,1994-09-27,Ariel Lassiter,1994-09-27,Costa Rica,Costa Rica,CF Montréal,CF Montréal,1.0,True
tm_10408,tm_10408,Myziane Maolida,1999-02-14,Myziane Maolida,1999-02-14,France,France,Hertha BSC,Hertha BSC,1.0,True
tm_6559,tm_6559,Ferran Torres,2000-02-29,Ferran Torres,2000-02-29,Spain,Spain,FC Barcelona,FC Barcelona,1.0,True
tm_10084,tm_10084,André Vidigal,1998-08-17,André Vidigal,1998-08-17,Portugal,Portugal,Stoke City,Stoke City,1.0,True
tm_8412,tm_8412,Bachirou Yaméogo,2004-08-19,Bachirou Yaméogo,2004-08-19,Burkina Faso,Burkina Faso,Grenoble Foot 38,Grenoble Foot 38,1.0,True
tm_3517,tm_3517,Silvano Vos,2005-03-16,Silvano Vos,2005-03-16,Netherlands,Netherlands,Ajax Amsterdam,Ajax Amsterdam,1.0,True
tm_7931,tm_7931,Jonas Nickisch,2004-05-21,Jonas Nickisch,2004-05-21,Germany,Germany,1.FC Köln,1.FC Köln,1.0,True
tm_1487,tm_1487,Juan Mina,2004-07-27,Juan Mina,2004-07-27,Colombia,Colombia,New York Red Bulls,New York Red Bulls,1.0,True
tm_3534,tm_3534,Maxim Dekker,2004-04-21,Maxim Dekker,2004-04-21,Netherlands,Netherlands,AZ Alkmaar,AZ Alkmaar,1.0,True
tm_7008,tm_7008,Zack Steffen,1995-04-02,Zack Steffen,1995-04-02,United States,United States,Manchester City,Manchester City,1.0,True
tm_5593,tm_5593,Sofiane Diop,2000-06-09,Sofiane Diop,2000-06-09,France,France,OGC Nice,OGC Nice,1.0,True
tm_5354,tm_5354,Zé Manuel,1990-10-23,Zé Manuel,1990-10-23,Portugal,Portugal,Rio Ave FC,Rio Ave FC,1.0,True
tm_6689,tm_6689,Unai Simón,1997-06-11,Unai Simón,1997-06-11,Spain,Spain,Athletic Bilbao,Athletic Bilbao,1.0,True
tm_2453,tm_2453,Abdulaziz Al-Shahrani,1994-10-29,Abdulaziz Al-Shahrani,1994-10-29,Saudi Arabia,Saudi Arabia,Damac FC,Damac FC,1.0,True
tm_2472,tm_2472,Hussain Qasim,1997-09-21,Hussain Qasim,1997-09-21,Saudi Arabia,Saudi Arabia,Al-Tai FC,Al-Tai FC,1.0,True
tm_10327,tm_10327,Ryan Hardie,1997-03-17,Ryan Hardie,1997-03-17,Scotland,Scotland,Plymouth Argyle,Plymouth Argyle,1.0,True
tm_6170,tm_6170,Alessandro Buongiorno,1999-06-06,Alessandro Buongiorno,1999-06-06,Italy,Italy,Torino FC,Torino FC,1.0,True
tm_5824,tm_5824,Kenny Lala,1991-10-03,Kenny Lala,1991-10-03,France,France,Stade Brestois 29,Stade Brestois 29,1.0,True
tm_7707,tm_7707,Alex Kral,1998-05-19,Alex Kral,1998-05-19,Czech Republic,Czech Republic,,,1.0,True
tm_2501,tm_2501,Abdulrahman Al-Rio,1994-05-15,Abdulrahman Al-Rio,1994-05-15,Saudi Arabia,Saudi Arabia,Al-Okhdood Club,Al-Okhdood Club,1.0,True
tm_5989,tm_5989,Davide Calabria,1996-12-06,Davide Calabria,1996-12-06,Italy,Italy,AC Milan,AC Milan,1.0,True
tm_10277,tm_10277,Dominic Iorfa,1995-06-24,Dominic Iorfa,1995-06-24,England,England,Sheffield Wednesday,Sheffield Wednesday,1.0,True
tm_4019,tm_4019,Thomas Delaney,1991-09-03,Thomas Delaney,1991-09-03,Denmark,Denmark,Sevilla FC,Sevilla FC,1.0,True
tm_2512,tm_2512,Mohamed Nayef,1998-11-29,Mohamed Nayef,1998-11-29,Saudi Arabia,Saudi Arabia,Al-Okhdood Club,Al-Okhdood Club,1.0,True
tm_3619,tm_3619,Simon Olsson,1997-09-14,Simon Olsson,1997-09-14,Sweden,Sweden,SC Heerenveen,SC Heerenveen,1.0,True
tm_1096,tm_1096,Kipp Keller,2000-07-14,Kipp Keller,2000-07-14,United States,United States,Austin FC,Austin FC,1.0,True
tm_8384,tm_8384,Christophe Vincent,1992-11-08,Christophe Vincent,1992-11-08,France,France,SC Bastia,SC Bastia,1.0,True
tm_1251,tm_1251,Will Sands,2000-07-06,Will Sands,2000-07-06,United States,United States,Columbus Crew,Columbus Crew,1.0,True
tm_8710,tm_8710,Gerard Yepes,2002-08-25,Gerard Yepes,2002-08-25,Spain,Spain,UC Sampdoria,UC Sampdoria,1.0,True
tm_7726,tm_7726,Maximilian Wöber,1998-02-04,Maximilian Wöber,1998-02-04,Austria,Austria,Leeds United,Leeds United,1.0,True
tm_9001,tm_9001,Mateusz Praszelik,2000-09-26,Mateusz Praszelik,2000-09-26,Poland,Poland,Hellas Verona,Hellas Verona,1.0,True
tm_7497,tm_7497,Zeki Amdouni,2000-12-04,Zeki Amdouni,2000-12-04,Switzerland,Switzerland,Burnley FC,Burnley FC,1.0,True
tm_2432,tm_2432,Abdulrahman Al-Yami,1997-06-19,Abdulrahman Al-Yami,1997-06-19,Saudi Arabia,Saudi Arabia,Al-Riyadh SC,Al-Riyadh SC,1.0,True
tm_8007,tm_8007,Moritz-Broni Kwarteng,1998-04-28,Moritz-Broni Kwarteng,1998-04-28,Germany,Germany,VfL Bochum,VfL Bochum,1.0,True
tm_7080,tm_7080,Noni Madueke,2002-03-10,Noni Madueke,2002-03-10,England,England,Chelsea FC,Chelsea FC,1.0,True
tm_2372,tm_2372,Waleed Al-Anzi,1996-07-06,Waleed Al-Anzi,1996-07-06,Saudi Arabia,Saudi Arabia,Al-Fateh SC,Al-Fateh SC,1.0,True
tm_5731,tm_5731,Ângelo,2004-12-21,Ângelo,2004-12-21,Brazil,Brazil,Chelsea FC,Chelsea FC,1.0,True
tm_8279,tm_8279,Théo Le Normand,2000-08-08,Théo Le Normand,2000-08-08,France,France,EA Guingamp,EA Guingamp,1.0,True
tm_5812,tm_5812,Oumar Diakité,2003-12-20,Oumar Diakité,2003-12-20,Cote d'Ivoire,Cote d'Ivoire,Stade Reims,Stade Reims,1.0,True
tm_9251,tm_9251,John Victor,1996-02-13,John Victor,1996-02-13,Brazil,Brazil,,,1.0,True
tm_9069,tm_9069,Michele Camporese,1992-05-19,Michele Camporese,1992-05-19,Italy,Italy,Feralpisalò,Feralpisalò,1.0,True
tm_5783,tm_5783,Sacha Delaye,2002-04-23,Sacha Delaye,2002-04-23,France,France,Montpellier HSC,Montpellier HSC,1.0,True
tm_5867,tm_5867,Frank Magri,1999-09-04,Frank Magri,1999-09-04,France,France,FC Toulouse,FC Toulouse,1.0,True
tm_8084,tm_8084,Yohan Cassubie,2000-10-18,Yohan Cassubie,2000-10-18,France,France,FC Girondins Bordeaux,FC Girondins Bordeaux,1.0,True
tm_2746,tm_2746,Lukas Fröde,1995-01-23,Lukas Fröde,1995-01-23,Germany,Germany,FC Ingolstadt 04,FC Ingolstadt 04,1.0,True
tm_10637,tm_10637,Elias Höftmann,2004-02-07,Elias Höftmann,2004-02-07,Germany,Germany,FC Hansa Rostock,FC Hansa Rostock,1.0,True
tm_10236,tm_10236,Cameron Humphreys,2003-10-30,Cameron Humphreys,2003-10-30,England,England,Ipswich Town,Ipswich Town,1.0,True
tm_1080,tm_1080,Tyler Boyd,1994-12-30,Tyler Boyd,1994-12-30,United States,United States,Los Angeles Galaxy,Los Angeles Galaxy,1.0,True
tm_8223,tm_8223,Owen Gene,2003-03-19,Owen Gene,2003-03-19,France,France,Amiens SC,Amiens SC,1.0,True
tm_3232,tm_3232,Yue Liu,1997-09-14,Yue Liu,1997-09-14,China,China,Shenzhen FC,Shenzhen FC,1.0,True
tm_5965,tm_5965,Frank Anguissa,1995-11-16,Frank Anguissa,1995-11-16,Cameroon,Cameroon,SSC Napoli,SSC Napoli,1.0,True
tm_9621,tm_9621,Tachi,1997-09-10,Tachi,1997-09-10,Spain,Spain,CD Mirandés,CD Mirandés,1.0,True
tm_8118,tm_8118,Dylan Chambost,1997-08-19,Dylan Chambost,1997-08-19,France,France,AS Saint-Étienne,AS Saint-Étienne,1.0,True
tm_1623,tm_1623,Ifunanyachi Achara,1997-09-28,Ifunanyachi Achara,1997-09-28,Nigeria,Nigeria,Houston Dynamo FC,Houston Dynamo FC,1.0,True
tm_5813,tm_5813,Adama Bojang,2004-05-28,Adama Bojang,2004-05-28,The Gambia,The Gambia,Stade Reims,Stade Reims,1.0,True
tm_9227,tm_9227,Yoel Rodríguez,1988-08-28,Yoel Rodríguez,1988-08-28,Spain,Spain,SD Eibar,SD Eibar,1.0,True
tm_9657,tm_9657,Àlex Carbonell,1997-09-15,Àlex Carbonell,1997-09-15,Spain,Spain,SD Amorebieta,SD Amorebieta,1.0,True
tm_1107,tm_1107,Sofiane Djeffal,1999-04-09,Sofiane Djeffal,1999-04-09,France,France,Austin FC,Austin FC,1.0,True
tm_4944,tm_4944,David Jensen,1992-03-25,David Jensen,1992-03-25,Denmark,Denmark,Istanbulspor,Istanbulspor,1.0,True
tm_3932,tm_3932,Kyriani Sabbe,2005-01-26,Kyriani Sabbe,2005-01-26,Belgium,Belgium,Club Brugge KV,Club Brugge KV,1.0,True
tm_2623,tm_2623,Mohammed Al-Khaibari,2002-04-18,Mohammed Al-Khaibari,2002-04-18,Saudi Arabia,Saudi Arabia,Al-Khaleej FC,Al-Khaleej FC,1.0,True
tm_9977,tm_9977,Morgan Rogers,2002-07-26,Morgan Rogers,2002-07-26,England,England,Middlesbrough FC,Middlesbrough FC,1.0,True
tm_8134,tm_8134,Ismaël Boura,2000-08-14,Ismaël Boura,2000-08-14,France,France,ESTAC Troyes,ESTAC Troyes,1.0,True
tm_7112,tm_7112,Amad Diallo,2002-07-11,Amad Diallo,2002-07-11,Cote d'Ivoire,Cote d'Ivoire,Manchester United,Manchester United,1.0,True
tm_6458,tm_6458,Simone Scuffet,1996-05-31,Simone Scuffet,1996-05-31,Italy,Italy,Cagliari Calcio,Cagliari Calcio,1.0,True
tm_4728,tm_4728,Miguel Cardoso,1994-06-19,Miguel Cardoso,1994-06-19,Portugal,Portugal,Kayserispor,Kayserispor,1.0,True
tm_5505,tm_5505,Vanderson,2001-06-21,Vanderson,2001-06-21,Brazil,Brazil,AS Monaco,AS Monaco,1.0,True
tm_5288,tm_5288,Dinis Pinto,2000-08-24,Dinis Pinto,2000-08-24,Portugal,Portugal,Moreirense FC,Moreirense FC,1.0,True
tm_6226,tm_6226,Marcus Pedersen,2000-07-16,Marcus Pedersen,2000-07-16,Norway,Norway,Feyenoord Rotterdam,Feyenoord Rotterdam,1.0,True
tm_3344,tm_3344,Abdulelah Al-Malki,1994-10-11,Abdulelah Al-Malki,1994-10-11,Saudi Arabia,Saudi Arabia,Al-Hilal SFC,Al-Hilal SFC,1.0,True
tm_1108,tm_1108,Memo Rodríguez,1995-12-27,Memo Rodríguez,1995-12-27,United States,United States,Austin FC,Austin FC,1.0,True
tm_10583,tm_10583,Timo Becker,1997-03-25,Timo Becker,1997-03-25,Germany,Germany,Holstein Kiel,Holstein Kiel,1.0,True
tm_1416,tm_1416,Kortne Ford,1996-01-26,Kortne Ford,1996-01-26,United States,United States,Sporting Kansas City,Sporting Kansas City,1.0,True
tm_9387,tm_9387,Iker Undabarrena,1995-05-18,Iker Undabarrena,1995-05-18,Spain,Spain,CD Leganés,CD Leganés,1.0,True
tm_2402,tm_2402,Abdullah Al-Mogren,1996-11-16,Abdullah Al-Mogren,1996-11-16,Saudi Arabia,Saudi Arabia,Al-Fateh SC,Al-Fateh SC,1.0,True
tm_8572,tm_8572,Rayan Ghrieb,1999-04-21,Rayan Ghrieb,1999-04-21,France,France,USL Dunkerque,USL Dunkerque,1.0,True
tm_4184,tm_4184,Joren Dom,1989-11-29,Joren Dom,1989-11-29,Belgium,Belgium,Oud-Heverlee Leuven,Oud-Heverlee Leuven,1.0,True
tm_9803,tm_9803,Dimitrios Giannoulis,1995-10-17,Dimitrios Giannoulis,1995-10-17,Greece,Greece,Norwich City,Norwich City,1.0,True
tm_8847,tm_8847,Giacomo Ricci,1996-09-02,Giacomo Ricci,1996-09-02,Italy,Italy,SSC Bari,SSC Bari,1.0,True
tm_10040,tm_10040,Dominic Hyam,1995-12-20,Dominic Hyam,1995-12-20,Scotland,Scotland,Blackburn Rovers,Blackburn Rovers,1.0,True
tm_2578,tm_2578,Yousef Al-Shammari,1997-12-09,Yousef Al-Shammari,1997-12-09,Saudi Arabia,Saudi Arabia,Al-Hazem SC,Al-Hazem SC,1.0,True
tm_9907,tm_9907,Kyle Bartley,1991-05-22,Kyle Bartley,1991-05-22,England,England,West Bromwich Albion,West Bromwich Albion,1.0,True
tm_5277,tm_5277,Paulinho,1999-09-21,Paulinho,1999-09-21,Portugal,Portugal,,,1.0,True
tm_1765,tm_1765,Niklas Landgraf,1996-03-01,Niklas Landgraf,1996-03-01,Germany,Germany,Hallescher FC,Hallescher FC,1.0,True
tm_5001,tm_5001,Cláudio Ramos,1991-11-16,Cláudio Ramos,1991-11-16,Portugal,Portugal,FC Porto,FC Porto,1.0,True
tm_4017,tm_4017,Majeed Ashimeru,1997-10-10,Majeed Ashimeru,1997-10-10,Ghana,Ghana,RSC Anderlecht,RSC Anderlecht,1.0,True
tm_10568,tm_10568,Taylan Duman,1997-07-30,Taylan Duman,1997-07-30,Germany,Germany,1.FC Nuremberg,1.FC Nuremberg,1.0,True
tm_4582,tm_4582,Moryké Fofana,1991-11-23,Moryké Fofana,1991-11-23,Cote d'Ivoire,Cote d'Ivoire,Samsunspor,Samsunspor,1.0,True
tm_1590,tm_1590,Jonathan Lewis,1997-06-04,Jonathan Lewis,1997-06-04,United States,United States,Colorado Rapids,Colorado Rapids,1.0,True
tm_8497,tm_8497,Jung-bin Park,1994-02-22,Jung-bin Park,1994-02-22,"Korea, South","Korea, South",Rodez AF,Rodez AF,1.0,True
tm_3392,tm_3392,Aymeric Laporte,1994-05-27,Aymeric Laporte,1994-05-27,Spain,Spain,Al-Nassr FC,Al-Nassr FC,1.0,True
tm_2339,tm_2339,Abdullah Al-Shammari,1991-11-24,Abdullah Al-Shammari,1991-11-24,Saudi Arabia,Saudi Arabia,Abha Club,Abha Club,1.0,True
tm_1970,tm_1970,Philipp Klewin,1993-09-30,Philipp Klewin,1993-09-30,Germany,Germany,VfB Lübeck,VfB Lübeck,1.0,True
tm_1088,tm_1088,Billy Sharp,1986-02-05,Billy Sharp,1986-02-05,England,England,Los Angeles Galaxy,Los Angeles Galaxy,1.0,True
tm_5880,tm_5880,Yohann Magnin,1997-06-21,Yohann Magnin,1997-06-21,France,France,Clermont Foot 63,Clermont Foot 63,1.0,True
tm_8018,tm_8018,Christoph Zimmermann,1993-01-12,Christoph Zimmermann,1993-01-12,Germany,Germany,SV Darmstadt 98,SV Darmstadt 98,1.0,True
tm_3614,tm_3614,Denzel Hall,2001-05-22,Denzel Hall,2001-05-22,Netherlands,Netherlands,SC Heerenveen,SC Heerenveen,1.0,True
tm_7440,tm_7440,Carlos Vinícius,1995-03-25,Carlos Vinícius,1995-03-25,Brazil,Brazil,Fulham FC,Fulham FC,1.0,True
tm_6382,tm_6382,Jacopo Fazzini,2003-03-16,Jacopo Fazzini,2003-03-16,Italy,Italy,FC Empoli,FC Empoli,1.0,True
tm_7377,tm_7377,Gavin Kilkenny,2000-02-01,Gavin Kilkenny,2000-02-01,Ireland,Ireland,AFC Bournemouth,AFC Bournemouth,1.0,True
tm_4886,tm_4886,Mustafa Eskihellac,1997-05-05,Mustafa Eskihellac,1997-05-05,Turkey,Turkey,Gaziantep FK,Gaziantep FK,1.0,True
tm_7383,tm_7383,Justin Kluivert,1999-05-05,Justin Kluivert,1999-05-05,Netherlands,Netherlands,AFC Bournemouth,AFC Bournemouth,1.0,True
tm_1483,tm_1483,Curtis Ofori,2005-11-20,Curtis Ofori,2005-11-20,United States,United States,New York Red Bulls,New York Red Bulls,1.0,True
tm_6464,tm_6464,Alberto Dossena,1998-10-13,Alberto Dossena,1998-10-13,Italy,Italy,Cagliari Calcio,Cagliari Calcio,1.0,True
tm_9944,tm_9944,Jobe Bellingham,2005-09-23,Jobe Bellingham,2005-09-23,England,England,Sunderland AFC,Sunderland AFC,1.0,True
tm_2078,tm_2078,Robbie Robinson,1998-12-17,Robbie Robinson,1998-12-17,United States,United States,Inter Miami CF,Inter Miami CF,1.0,True
tm_2349,tm_2349,Mohammed Al-Oufi,2002-08-08,Mohammed Al-Oufi,2002-08-08,Saudi Arabia,Saudi Arabia,Abha Club,Abha Club,1.0,True
tm_6362,tm_6362,Dany Mota,1998-05-02,Dany Mota,1998-05-02,Portugal,Portugal,AC Monza,AC Monza,1.0,True
tm_5454,tm_5454,Keliano Manuel,2003-01-16,Keliano Manuel,2003-01-16,Angola,Angola,CF Estrela Amadora SAD,CF Estrela Amadora SAD,1.0,True
tm_5377,tm_5377,Issah Abass,1998-09-26,Issah Abass,1998-09-26,Ghana,Ghana,GD Chaves,GD Chaves,1.0,True
tm_3698,tm_3698,Agustín Anello,2002-04-22,Agustín Anello,2002-04-22,United States,United States,Sparta Rotterdam,Sparta Rotterdam,1.0,True
tm_1106,tm_1106,Alexander Ring,1991-04-09,Alexander Ring,1991-04-09,Finland,Finland,Austin FC,Austin FC,1.0,True
tm_6266,tm_6266,Martín Payero,1998-09-11,Martín Payero,1998-09-11,Argentina,Argentina,Udinese Calcio,Udinese Calcio,1.0,True
tm_3522,tm_3522,Carlos Forbs,2004-03-19,Carlos Forbs,2004-03-19,Portugal,Portugal,Ajax Amsterdam,Ajax Amsterdam,1.0,True
tm_6639,tm_6639,Rafa Mir,1997-06-18,Rafa Mir,1997-06-18,Spain,Spain,Sevilla FC,Sevilla FC,1.0,True
tm_1500,tm_1500,Serge Ngoma,2005-07-09,Serge Ngoma,2005-07-09,United States,United States,New York Red Bulls,New York Red Bulls,1.0,True
tm_9337,tm_9337,Christian Rivera,1997-07-09,Christian Rivera,1997-07-09,Spain,Spain,Sporting Gijón,Sporting Gijón,1.0,True
tm_4033,tm_4033,Paul Nardi,1994-05-18,Paul Nardi,1994-05-18,France,France,KAA Gent,KAA Gent,1.0,True
tm_5281,tm_5281,Maracás,1994-04-27,Maracás,1994-04-27,Brazil,Brazil,Moreirense FC,Moreirense FC,1.0,True
tm_2188,tm_2188,Santiago Rodríguez,2000-01-08,Santiago Rodríguez,2000-01-08,Uruguay,Uruguay,New York City FC,New York City FC,1.0,True
tm_1850,tm_1850,Laurent Jans,1992-08-05,Laurent Jans,1992-08-05,Luxembourg,Luxembourg,SV Waldhof Mannheim,SV Waldhof Mannheim,1.0,True
tm_10614,tm_10614,Kevin Kraus,1992-08-12,Kevin Kraus,1992-08-12,Germany,Germany,1.FC Kaiserslautern,1.FC Kaiserslautern,1.0,True
tm_2208,tm_2208,Álex Roldán,1996-07-28,Álex Roldán,1996-07-28,El Salvador,El Salvador,Seattle Sounders FC,Seattle Sounders FC,1.0,True
tm_3943,tm_3943,Antonio Nusa,2005-04-17,Antonio Nusa,2005-04-17,Norway,Norway,Club Brugge KV,Club Brugge KV,1.0,True
tm_1033,tm_1033,Sebastien Ibeagha,1992-01-21,Sebastien Ibeagha,1992-01-21,United States,United States,FC Dallas,FC Dallas,1.0,True
tm_3602,tm_3602,Mitchell van Bergen,1999-08-27,Mitchell van Bergen,1999-08-27,Netherlands,Netherlands,Twente Enschede FC,Twente Enschede FC,1.0,True
tm_3348,tm_3348,Musab Al-Juwayr,2003-06-20,Musab Al-Juwayr,2003-06-20,Saudi Arabia,Saudi Arabia,Al-Hilal SFC,Al-Hilal SFC,1.0,True
tm_4891,tm_4891,Ilker Karakas,1999-01-11,Ilker Karakas,1999-01-11,Turkey,Turkey,Gaziantep FK,Gaziantep FK,1.0,True
tm_10509,tm_10509,Simon Asta,2001-01-25,Simon Asta,2001-01-25,Germany,Germany,SpVgg Greuther Fürth,SpVgg Greuther Fürth,1.0,True
tm_10014,tm_10014,Marc Roberts,1990-07-26,Marc Roberts,1990-07-26,England,England,Birmingham City,Birmingham City,1.0,True
tm_4319,tm_4319,Marsoni Sambu,1996-06-03,Marsoni Sambu,1996-06-03,Belgium,Belgium,RWD Molenbeek,RWD Molenbeek,1.0,True
tm_1304,tm_1304,Karifa Yao,2000-09-28,Karifa Yao,2000-09-28,Canada,Canada,Vancouver Whitecaps FC,Vancouver Whitecaps FC,1.0,True
tm_10414,tm_10414,Smail Prevljak,1995-05-10,Smail Prevljak,1995-05-10,Bosnia-Herzegovina,Bosnia-Herzegovina,Hertha BSC,Hertha BSC,1.0,True
tm_7591,tm_7591,Marius Wolf,1995-05-27,Marius Wolf,1995-05-27,Germany,Germany,Borussia Dortmund,Borussia Dortmund,1.0,True
tm_2090,tm_2090,Luis Abram,1996-02-27,Luis Abram,1996-02-27,Peru,Peru,Atlanta United FC,Atlanta United FC,1.0,True
tm_9930,tm_9930,Jenson Seelt,2003-05-23,Jenson Seelt,2003-05-23,Netherlands,Netherlands,Sunderland AFC,Sunderland AFC,1.0,True
tm_7504,tm_7504,Anel Ahmedhodzic,1999-03-26,Anel Ahmedhodzic,1999-03-26,Bosnia-Herzegovina,Bosnia-Herzegovina,Sheffield United,Sheffield United,1.0,True
tm_5629,tm_5629,Facundo Medina,1999-05-28,Facundo Medina,1999-05-28,Argentina,Argentina,RC Lens,RC Lens,1.0,True
tm_5205,tm_5205,Jesús Castillo,2001-06-11,Jesús Castillo,2001-06-11,Peru,Peru,Gil Vicente FC,Gil Vicente FC,1.0,True
tm_1532,tm_1532,Georgios Koutsias,2004-02-08,Georgios Koutsias,2004-02-08,Greece,Greece,Chicago Fire FC,Chicago Fire FC,1.0,True
tm_2111,tm_2111,Miguel Berry,1997-09-16,Miguel Berry,1997-09-16,Spain,Spain,Atlanta United FC,Atlanta United FC,1.0,True
tm_8033,tm_8033,Marvin Mehlem,1997-09-11,Marvin Mehlem,1997-09-11,Germany,Germany,SV Darmstadt 98,SV Darmstadt 98,1.0,True
tm_10289,tm_10289,Jeff Hendrick,1992-01-31,Jeff Hendrick,1992-01-31,Ireland,Ireland,Newcastle United,Newcastle United,1.0,True
tm_8058,tm_8058,Kevin Sessa,2000-07-06,Kevin Sessa,2000-07-06,Germany,Germany,1.FC Heidenheim 1846,1.FC Heidenheim 1846,1.0,True
tm_9482,tm_9482,Carlos Sánchez,2001-04-19,Carlos Sánchez,2001-04-19,Spain,Spain,,,1.0,True
tm_8169,tm_8169,Ousoumane Camara,1998-12-19,Ousoumane Camara,1998-12-19,France,France,AJ Auxerre,AJ Auxerre,1.0,True
tm_10675,tm_10675,Calvin Brackelmann,1999-08-22,Calvin Brackelmann,1999-08-22,Germany,Germany,SC Paderborn 07,SC Paderborn 07,1.0,True
tm_1388,tm_1388,Tim Parker,1993-02-23,Tim Parker,1993-02-23,United States,United States,St. Louis CITY SC,St. Louis CITY SC,1.0,True
tm_6617,tm_6617,Tanguy Nianzou,2002-06-07,Tanguy Nianzou,2002-06-07,France,France,Sevilla FC,Sevilla FC,1.0,True
tm_10722,tm_10722,Mohammed El Hankouri,1997-07-01,Mohammed El Hankouri,1997-07-01,Morocco,Morocco,1.FC Magdeburg,1.FC Magdeburg,1.0,True
tm_4288,tm_4288,Boli Bolingoli,1995-07-01,Boli Bolingoli,1995-07-01,Belgium,Belgium,KV Mechelen,KV Mechelen,1.0,True
tm_3275,tm_3275,Yibo Sha,1991-01-07,Yibo Sha,1991-01-07,China,China,Qingdao Hainiu,Qingdao Hainiu,1.0,True
tm_5267,tm_5267,Carlinhos,1994-06-22,Carlinhos,1994-06-22,Brazil,Brazil,Portimonense SC,Portimonense SC,1.0,True
tm_6474,tm_6474,Nahitan Nández,1995-12-28,Nahitan Nández,1995-12-28,Uruguay,Uruguay,Cagliari Calcio,Cagliari Calcio,1.0,True
tm_3199,tm_3199,Zichang Huang,1997-04-04,Zichang Huang,1997-04-04,China,China,Henan FC,Henan FC,1.0,True
tm_7708,tm_7708,Aljoscha Kemlein,2004-08-02,Aljoscha Kemlein,2004-08-02,Germany,Germany,1.FC Union Berlin,1.FC Union Berlin,1.0,True
tm_7027,tm_7027,Oscar Bobb,2003-07-12,Oscar Bobb,2003-07-12,Norway,Norway,Manchester City,Manchester City,1.0,True
tm_2441,tm_2441,Abdulrahman Al-Obaid,1993-04-30,Abdulrahman Al-Obaid,1993-04-30,Saudi Arabia,Saudi Arabia,Damac FC,Damac FC,1.0,True
tm_2963,tm_2963,Souza,1989-02-11,Souza,1989-02-11,Brazil,Brazil,Beijing Guoan,Beijing Guoan,1.0,True
tm_1439,tm_1439,Willy Agada,1999-09-17,Willy Agada,1999-09-17,Nigeria,Nigeria,Sporting Kansas City,Sporting Kansas City,1.0,True
tm_6028,tm_6028,Marcus Thuram,1997-08-06,Marcus Thuram,1997-08-06,France,France,Inter Milan,Inter Milan,1.0,True
tm_6816,tm_6816,Diego Rico,1993-02-23,Diego Rico,1993-02-23,Spain,Spain,Real Sociedad,Real Sociedad,1.0,True
tm_4853,tm_4853,Ömer Beyaz,2003-08-29,Ömer Beyaz,2003-08-29,Turkey,Turkey,VfB Stuttgart,VfB Stuttgart,1.0,True
tm_6853,tm_6853,Cyle Larin,1995-04-17,Cyle Larin,1995-04-17,Canada,Canada,RCD Mallorca,RCD Mallorca,1.0,True
tm_5562,tm_5562,Emran Soglo,2005-07-11,Emran Soglo,2005-07-11,England,England,Olympique Marseille,Olympique Marseille,1.0,True
tm_8074,tm_8074,Alane Bedfian,2005-06-25,Alane Bedfian,2005-06-25,France,France,,,1.0,True
tm_3150,tm_3150,Weihui Rao,1989-03-25,Weihui Rao,1989-03-25,China,China,Meizhou Hakka,Meizhou Hakka,1.0,True
tm_6076,tm_6076,Paulo Dybala,1993-11-15,Paulo Dybala,1993-11-15,Argentina,Argentina,AS Roma,AS Roma,1.0,True
tm_6729,tm_6729,Selim Amallah,1996-11-15,Selim Amallah,1996-11-15,Morocco,Morocco,Real Valladolid CF,Real Valladolid CF,1.0,True
tm_6165,tm_6165,M'Bala Nzola,1996-08-18,M'Bala Nzola,1996-08-18,Angola,Angola,ACF Fiorentina,ACF Fiorentina,1.0,True
tm_5329,tm_5329,Samuel Essende,1998-01-23,Samuel Essende,1998-01-23,France,France,SM Caen,SM Caen,1.0,True
tm_8845,tm_8845,Emmanuele Matino,1998-10-07,Emmanuele Matino,1998-10-07,Italy,Italy,SSC Bari,SSC Bari,1.0,True
tm_2509,tm_2509,Florin Tanase,1994-12-30,Florin Tanase,1994-12-30,Romania,Romania,Al-Okhdood Club,Al-Okhdood Club,1.0,True
tm_7734,tm_7734,Joe Scally,2002-12-31,Joe Scally,2002-12-31,United States,United States,Borussia Mönchengladbach,Borussia Mönchengladbach,1.0,True
tm_3149,tm_3149,Wei Wang,1989-06-22,Wei Wang,1989-06-22,China,China,Meizhou Hakka,Meizhou Hakka,1.0,True
tm_4011,tm_4011,Ludwig Augustinsson,1994-04-21,Ludwig Augustinsson,1994-04-21,Sweden,Sweden,Sevilla FC,Sevilla FC,1.0,True
tm_9491,tm_9491,David Ferreiro,1988-04-01,David Ferreiro,1988-04-01,Spain,Spain,FC Cartagena,FC Cartagena,1.0,True
tm_1360,tm_1360,Bakaye Dibassy,1989-08-11,Bakaye Dibassy,1989-08-11,Mali,Mali,Minnesota United FC,Minnesota United FC,1.0,True
tm_7039,tm_7039,Takehiro Tomiyasu,1998-11-05,Takehiro Tomiyasu,1998-11-05,Japan,Japan,Arsenal FC,Arsenal FC,1.0,True
tm_10698,tm_10698,Julian Pollersbeck,1994-08-16,Julian Pollersbeck,1994-08-16,Germany,Germany,1.FC Magdeburg,1.FC Magdeburg,1.0,True
tm_8300,tm_8300,Paul Lasne,1989-01-16,Paul Lasne,1989-01-16,France,France,Paris FC,Paris FC,1.0,True
tm_7535,tm_7535,Mads Andersen,1997-12-27,Mads Andersen,1997-12-27,Denmark,Denmark,Luton Town,Luton Town,1.0,True
tm_9980,tm_9980,Isaiah Jones,1999-06-26,Isaiah Jones,1999-06-26,England,England,Middlesbrough FC,Middlesbrough FC,1.0,True
tm_9752,tm_9752,Carlos Alcaraz,2002-11-30,Carlos Alcaraz,2002-11-30,Argentina,Argentina,Southampton FC,Southampton FC,1.0,True
tm_10111,tm_10111,Haji Wright,1998-03-27,Haji Wright,1998-03-27,United States,United States,Coventry City,Coventry City,1.0,True
tm_10428,tm_10428,Ibrahima Cissé,2001-02-15,Ibrahima Cissé,2001-02-15,Mali,Mali,FC Schalke 04,FC Schalke 04,1.0,True
tm_9780,tm_9780,Glen Kamara,1995-10-28,Glen Kamara,1995-10-28,Finland,Finland,Leeds United,Leeds United,1.0,True
tm_1039,tm_1039,Ema Twumasi,1997-05-18,Ema Twumasi,1997-05-18,Ghana,Ghana,FC Dallas,FC Dallas,1.0,True
tm_1518,tm_1518,Jonathan Dean,1997-05-15,Jonathan Dean,1997-05-15,United States,United States,Chicago Fire FC,Chicago Fire FC,1.0,True
tm_2655,tm_2655,Lion Semic,2003-09-13,Lion Semic,2003-09-13,Germany,Germany,Borussia Dortmund II,Borussia Dortmund II,1.0,True
tm_7558,tm_7558,Sven Ulreich,1988-08-03,Sven Ulreich,1988-08-03,Germany,Germany,Bayern Munich,Bayern Munich,1.0,True
tm_6205,tm_6205,Nikola Moro,1998-03-12,Nikola Moro,1998-03-12,Croatia,Croatia,Bologna FC 1909,Bologna FC 1909,1.0,True
tm_4844,tm_4844,Kerim Alici,1997-06-24,Kerim Alici,1997-06-24,Turkey,Turkey,Hatayspor,Hatayspor,1.0,True
tm_9589,tm_9589,Andrés Martín,1999-07-11,Andrés Martín,1999-07-11,Spain,Spain,Rayo Vallecano,Rayo Vallecano,1.0,True
tm_9297,tm_9297,Leo Román,2000-07-06,Leo Román,2000-07-06,Spain,Spain,Real Oviedo,Real Oviedo,1.0,True
tm_5074,tm_5074,Ricardo Horta,1994-09-15,Ricardo Horta,1994-09-15,Portugal,Portugal,SC Braga,SC Braga,1.0,True
tm_9369,tm_9369,Mohamed Bouldini,1995-11-27,Mohamed Bouldini,1995-11-27,Morocco,Morocco,Levante UD,Levante UD,1.0,True
tm_3688,tm_3688,Djevencio van der Kust,2001-04-30,Djevencio van der Kust,2001-04-30,Suriname,Suriname,Sparta Rotterdam,Sparta Rotterdam,1.0,True
tm_1029,tm_1029,Jimmy Maurer,1988-10-14,Jimmy Maurer,1988-10-14,United States,United States,FC Dallas,FC Dallas,1.0,True
tm_2691,tm_2691,Jong-min Seo,2002-05-09,Jong-min Seo,2002-05-09,"Korea, South","Korea, South",SG Dynamo Dresden,SG Dynamo Dresden,1.0,True
tm_2758,tm_2758,Jeroen Krupa,2003-04-26,Jeroen Krupa,2003-04-26,Germany,Germany,FC Ingolstadt 04,FC Ingolstadt 04,1.0,True
tm_5313,tm_5313,Matheus Pereira,2000-12-21,Matheus Pereira,2000-12-21,Brazil,Brazil,FC Vizela,FC Vizela,1.0,True
tm_3748,tm_3748,Ragnar Oratmangoen,1998-01-21,Ragnar Oratmangoen,1998-01-21,Netherlands,Netherlands,,,1.0,True
tm_10623,tm_10623,Marlon Ritter,1994-10-15,Marlon Ritter,1994-10-15,Germany,Germany,1.FC Kaiserslautern,1.FC Kaiserslautern,1.0,True
tm_6265,tm_6265,Roberto Pereyra,1991-01-07,Roberto Pereyra,1991-01-07,Argentina,Argentina,Udinese Calcio,Udinese Calcio,1.0,True
tm_2142,tm_2142,Andre Blake,1990-11-21,Andre Blake,1990-11-21,Jamaica,Jamaica,Philadelphia Union,Philadelphia Union,1.0,True
tm_10535,tm_10535,Marcel Hartel,1996-01-19,Marcel Hartel,1996-01-19,Germany,Germany,FC St. Pauli,FC St. Pauli,1.0,True
tm_5597,tm_5597,Terem Moffi,1999-05-25,Terem Moffi,1999-05-25,Nigeria,Nigeria,OGC Nice,OGC Nice,1.0,True
tm_6595,tm_6595,Hamari Traoré,1992-01-27,Hamari Traoré,1992-01-27,Mali,Mali,Real Sociedad,Real Sociedad,1.0,True
tm_7989,tm_7989,Keven Schlotterbeck,1997-04-28,Keven Schlotterbeck,1997-04-28,Germany,Germany,SC Freiburg,SC Freiburg,1.0,True
tm_8261,tm_8261,Baptiste Roux,1999-11-26,Baptiste Roux,1999-11-26,France,France,EA Guingamp,EA Guingamp,1.0,True
tm_2245,tm_2245,Nasser Al-Bishi,2002-06-03,Nasser Al-Bishi,2002-06-03,Saudi Arabia,Saudi Arabia,Al-Shabab FC,Al-Shabab FC,1.0,True
tm_3882,tm_3882,Joey Antonioli,2003-12-15,Joey Antonioli,2003-12-15,Netherlands,Netherlands,FC Volendam,FC Volendam,1.0,True
tm_9797,tm_9797,George Long,1993-11-05,George Long,1993-11-05,England,England,Norwich City,Norwich City,1.0,True
tm_9466,tm_9466,Manu Rico,2003-01-10,Manu Rico,2003-01-10,Spain,Spain,,,1.0,True
tm_7045,tm_7045,Martin Ødegaard,1998-12-17,Martin Ødegaard,1998-12-17,Norway,Norway,Arsenal FC,Arsenal FC,1.0,True
tm_2569,tm_2569,Tozé,1993-01-14,Tozé,1993-01-14,Portugal,Portugal,Al-Hazem SC,Al-Hazem SC,1.0,True
tm_1303,tm_1303,Matteo Campagna,2004-06-27,Matteo Campagna,2004-06-27,Canada,Canada,Vancouver Whitecaps FC,Vancouver Whitecaps FC,1.0,True
tm_6990,tm_6990,Máximo Perrone,2003-01-07,Máximo Perrone,2003-01-07,Argentina,Argentina,Manchester City,Manchester City,1.0,True
tm_6125,tm_6125,André Anderson,1999-09-23,André Anderson,1999-09-23,Italy,Italy,SS Lazio,SS Lazio,1.0,True
tm_2658,tm_2658,Abdoulaye Kamara,2004-11-06,Abdoulaye Kamara,2004-11-06,France,France,Borussia Dortmund II,Borussia Dortmund II,1.0,True
tm_5661,tm_5661,Henrique Silva,1994-04-25,Henrique Silva,1994-04-25,Brazil,Brazil,Olympique Lyon,Olympique Lyon,1.0,True
tm_7810,tm_7810,Michael Gregoritsch,1994-04-18,Michael Gregoritsch,1994-04-18,Austria,Austria,SC Freiburg,SC Freiburg,1.0,True
tm_8620,tm_8620,Christian Cugnata,2005-01-13,Christian Cugnata,2005-01-13,Italy,Italy,Spezia Calcio,Spezia Calcio,1.0,True
tm_1543,tm_1543,Shane O'Neill,1993-09-02,Shane O'Neill,1993-09-02,United States,United States,Toronto FC,Toronto FC,1.0,True
tm_10633,tm_10633,Richmond Tachie,1999-04-21,Richmond Tachie,1999-04-21,Germany,Germany,1.FC Kaiserslautern,1.FC Kaiserslautern,1.0,True
tm_3389,tm_3389,Nawaf Al-Aqidi,2000-05-10,Nawaf Al-Aqidi,2000-05-10,Saudi Arabia,Saudi Arabia,Al-Nassr FC,Al-Nassr FC,1.0,True
tm_3122,tm_3122,Xiangshuo Zhang,2001-06-22,Xiangshuo Zhang,2001-06-22,China,China,Cangzhou Mighty Lions,Cangzhou Mighty Lions,1.0,True
tm_5092,tm_5092,Dani Morer,1998-02-05,Dani Morer,1998-02-05,Spain,Spain,FC Famalicão,FC Famalicão,1.0,True
tm_6060,tm_6060,Diego Llorente,1993-08-16,Diego Llorente,1993-08-16,Spain,Spain,Leeds United,Leeds United,1.0,True
tm_5174,tm_5174,Tiago Esgaio,1995-08-01,Tiago Esgaio,1995-08-01,Portugal,Portugal,SC Braga,SC Braga,1.0,True
tm_7510,tm_7510,Yasser Larouci,2001-01-01,Yasser Larouci,2001-01-01,France,France,ESTAC Troyes,ESTAC Troyes,1.0,True
tm_10089,tm_10089,Wesley Moraes,1996-11-24,Wesley Moraes,1996-11-24,Brazil,Brazil,Stoke City,Stoke City,1.0,True
tm_1263,tm_1263,Max Arfsten,2001-04-19,Max Arfsten,2001-04-19,United States,United States,Columbus Crew,Columbus Crew,1.0,True
tm_7025,tm_7025,Jack Grealish,1995-09-10,Jack Grealish,1995-09-10,England,England,Manchester City,Manchester City,1.0,True
tm_2760,tm_2760,Jonas Kersken,2000-09-01,Jonas Kersken,2000-09-01,Germany,Germany,Borussia Mönchengladbach,Borussia Mönchengladbach,1.0,True
tm_10565,tm_10565,Johannes Geis,1993-08-17,Johannes Geis,1993-08-17,Germany,Germany,1.FC Nuremberg,1.FC Nuremberg,1.0,True
tm_2155,tm_2155,Jesús Bueno,1999-04-15,Jesús Bueno,1999-04-15,Venezuela,Venezuela,Philadelphia Union,Philadelphia Union,1.0,True
tm_9231,tm_9231,Anaitz Arbilla,1987-05-15,Anaitz Arbilla,1987-05-15,Spain,Spain,SD Eibar,SD Eibar,1.0,True
tm_7291,tm_7291,Joël Veltman,1992-01-15,Joël Veltman,1992-01-15,Netherlands,Netherlands,Brighton & Hove Albion,Brighton & Hove Albion,1.0,True
tm_2768,tm_2768,Tom Geerkens,2000-10-07,Tom Geerkens,2000-10-07,Germany,Germany,Arminia Bielefeld,Arminia Bielefeld,1.0,True
tm_4749,tm_4749,Taha Sahin,2000-10-22,Taha Sahin,2000-10-22,Turkey,Turkey,Caykur Rizespor,Caykur Rizespor,1.0,True
tm_7128,tm_7128,Wataru Endo,1993-02-09,Wataru Endo,1993-02-09,Japan,Japan,Liverpool FC,Liverpool FC,1.0,True
tm_3862,tm_3862,Mario Engels,1993-10-22,Mario Engels,1993-10-22,Germany,Germany,Heracles Almelo,Heracles Almelo,1.0,True
tm_7107,tm_7107,Shola Shoretire,2004-02-02,Shola Shoretire,2004-02-02,England,England,Manchester United,Manchester United,1.0,True
tm_3954,tm_3954,Vic Chambaere,2003-01-10,Vic Chambaere,2003-01-10,Belgium,Belgium,KRC Genk,KRC Genk,1.0,True
tm_4673,tm_4673,Gökhan Töre,1992-01-20,Gökhan Töre,1992-01-20,Turkey,Turkey,Konyaspor,Konyaspor,1.0,True
tm_8329,tm_8329,David Kruse,2002-05-15,David Kruse,2002-05-15,Denmark,Denmark,Valenciennes FC,Valenciennes FC,1.0,True
tm_10749,tm_10749,Budu Zivzivadze,1994-03-10,Budu Zivzivadze,1994-03-10,Georgia,Georgia,Karlsruher SC,Karlsruher SC,1.0,True
tm_9461,tm_9461,Iker Kortajarena,2000-06-21,Iker Kortajarena,2000-06-21,Spain,Spain,SD Huesca,SD Huesca,1.0,True
tm_7984,tm_7984,Manuel Riemann,1988-09-09,Manuel Riemann,1988-09-09,Germany,Germany,VfL Bochum,VfL Bochum,1.0,True
tm_9061,tm_9061,Filippo Distefano,2003-08-28,Filippo Distefano,2003-08-28,Italy,Italy,ACF Fiorentina,ACF Fiorentina,1.0,True
tm_10537,tm_10537,Carlo Boukhalfa,1999-05-03,Carlo Boukhalfa,1999-05-03,Germany,Germany,FC St. Pauli,FC St. Pauli,1.0,True
tm_7351,tm_7351,Idrissa Gueye,1989-09-26,Idrissa Gueye,1989-09-26,Senegal,Senegal,Everton FC,Everton FC,1.0,True
tm_1135,tm_1135,Júnior Urso,1989-03-10,Júnior Urso,1989-03-10,Brazil,Brazil,Orlando City SC,Orlando City SC,1.0,True
tm_4817,tm_4817,Gökcan Kaya,1995-08-07,Gökcan Kaya,1995-08-07,Turkey,Turkey,Pendikspor,Pendikspor,1.0,True
tm_8877,tm_8877,Mohamed Salim Fares,1996-02-15,Mohamed Salim Fares,1996-02-15,Algeria,Algeria,SS Lazio,SS Lazio,1.0,True
tm_8796,tm_8796,Oliver Abildgaard,1996-06-10,Oliver Abildgaard,1996-06-10,Denmark,Denmark,Como 1907,Como 1907,1.0,True
tm_8333,tm_8333,Ibrahima Diallo,2003-06-04,Ibrahima Diallo,2003-06-04,Senegal,Senegal,,,1.0,True
tm_5983,tm_5983,Pierre Kalulu,2000-06-05,Pierre Kalulu,2000-06-05,France,France,AC Milan,AC Milan,1.0,True
tm_10421,tm_10421,Justin Heekeren,2000-11-27,Justin Heekeren,2000-11-27,Germany,Germany,FC Schalke 04,FC Schalke 04,1.0,True
tm_6465,tm_6465,Elio Capradossi,1996-03-11,Elio Capradossi,1996-03-11,Italy,Italy,Cagliari Calcio,Cagliari Calcio,1.0,True
tm_6993,tm_6993,Javi Muñoz,1995-02-28,Javi Muñoz,1995-02-28,Spain,Spain,UD Las Palmas,UD Las Palmas,1.0,True
tm_9949,tm_9949,Jack Clarke,2000-11-23,Jack Clarke,2000-11-23,England,England,Sunderland AFC,Sunderland AFC,1.0,True
tm_8278,tm_8278,Mehdi Merghem,1997-07-19,Mehdi Merghem,1997-07-19,France,France,EA Guingamp,EA Guingamp,1.0,True
tm_3794,tm_3794,Pim Saathof,2003-12-28,Pim Saathof,2003-12-28,Netherlands,Netherlands,Go Ahead Eagles,Go Ahead Eagles,1.0,True
tm_9422,tm_9422,Pablo Moreno,2002-05-03,Pablo Moreno,2002-05-03,Spain,Spain,FC Andorra,FC Andorra,1.0,True
tm_5382,tm_5382,Héctor Hernández,1995-09-14,Héctor Hernández,1995-09-14,Spain,Spain,GD Chaves,GD Chaves,1.0,True
tm_8826,tm_8826,Gianluca Busio,2002-05-28,Gianluca Busio,2002-05-28,United States,United States,Venezia FC,Venezia FC,1.0,True
tm_3110,tm_3110,Weijun Xie,1997-11-14,Weijun Xie,1997-11-14,China,China,Tianjin Jinmen Tiger,Tianjin Jinmen Tiger,1.0,True
tm_9334,tm_9334,Giovanni Zarfino,1991-08-10,Giovanni Zarfino,1991-08-10,Uruguay,Uruguay,Sporting Gijón,Sporting Gijón,1.0,True
tm_5626,tm_5626,Jean-Louis Leca,1985-09-21,Jean-Louis Leca,1985-09-21,France,France,RC Lens,RC Lens,1.0,True
tm_2107,tm_2107,Xande Silva,1997-03-16,Xande Silva,1997-03-16,Portugal,Portugal,,,1.0,True
tm_4125,tm_4125,Marco Ilaimaharitra,1995-07-26,Marco Ilaimaharitra,1995-07-26,Madagascar,Madagascar,RSC Charleroi,RSC Charleroi,1.0,True
tm_6254,tm_6254,Axel Guessand,2004-11-06,Axel Guessand,2004-11-06,France,France,Udinese Calcio,Udinese Calcio,1.0,True
tm_6809,tm_6809,David Soria,1993-04-04,David Soria,1993-04-04,Spain,Spain,Getafe CF,Getafe CF,1.0,True
tm_9897,tm_9897,Vaughn Covil,2003-07-26,Vaughn Covil,2003-07-26,United States,United States,Hull City,Hull City,1.0,True
tm_4235,tm_4235,Marco Kana,2002-08-08,Marco Kana,2002-08-08,Belgium,Belgium,RSC Anderlecht,RSC Anderlecht,1.0,True
tm_1346,tm_1346,Jefferson Savarino,1996-11-11,Jefferson Savarino,1996-11-11,Venezuela,Venezuela,Real Salt Lake City,Real Salt Lake City,1.0,True
tm_10342,tm_10342,Curtis Durose,2003-10-25,Curtis Durose,2003-10-25,England,England,Rotherham United,Rotherham United,1.0,True
tm_8998,tm_8998,Idriz Voca,1997-05-15,Idriz Voca,1997-05-15,Kosovo,Kosovo,Cosenza Calcio,Cosenza Calcio,1.0,True
tm_3922,tm_3922,Simon Mignolet,1988-03-06,Simon Mignolet,1988-03-06,Belgium,Belgium,Club Brugge KV,Club Brugge KV,1.0,True
tm_9473,tm_9473,Marc Martínez,1990-04-04,Marc Martínez,1990-04-04,Spain,Spain,FC Cartagena,FC Cartagena,1.0,True
tm_5745,tm_5745,Darlin Yongwa,2000-09-22,Darlin Yongwa,2000-09-22,Cameroon,Cameroon,FC Lorient,FC Lorient,1.0,True
tm_3291,tm_3291,Xinli Peng,1991-07-22,Xinli Peng,1991-07-22,China,China,Shanghai Shenhua,Shanghai Shenhua,1.0,True
tm_1003,tm_1003,Paul Walters,2004-04-11,Paul Walters,2004-04-11,United States,United States,FC Cincinnati,FC Cincinnati,1.0,True
tm_5395,tm_5395,Gaizka Larrazabal,1997-12-17,Gaizka Larrazabal,1997-12-17,Spain,Spain,Casa Pia AC,Casa Pia AC,1.0,True
tm_10264,tm_10264,Ben Wiles,1999-04-17,Ben Wiles,1999-04-17,England,England,Huddersfield Town,Huddersfield Town,1.0,True
tm_1568,tm_1568,Lalas Abubakar,1994-12-25,Lalas Abubakar,1994-12-25,Ghana,Ghana,Colorado Rapids,Colorado Rapids,1.0,True
tm_9575,tm_9575,Saúl García,1994-11-09,Saúl García,1994-11-09,Spain,Spain,Racing Santander,Racing Santander,1.0,True
tm_8990,tm_8990,Michael Venturi,1999-01-23,Michael Venturi,1999-01-23,Italy,Italy,Cosenza Calcio,Cosenza Calcio,1.0,True
tm_1290,tm_1290,Yimmi Chará,1991-04-02,Yimmi Chará,1991-04-02,Colombia,Colombia,Portland Timbers,Portland Timbers,1.0,True
tm_9569,tm_9569,Jokin Ezkieta,1996-08-17,Jokin Ezkieta,1996-08-17,Spain,Spain,Racing Santander,Racing Santander,1.0,True
tm_5560,tm_5560,Jordan Veretout,1993-03-01,Jordan Veretout,1993-03-01,France,France,Olympique Marseille,Olympique Marseille,1.0,True
tm_1621,tm_1621,Corey Baird,1996-01-30,Corey Baird,1996-01-30,United States,United States,Houston Dynamo FC,Houston Dynamo FC,1.0,True
tm_9542,tm_9542,Miguel Ángel Morro,2000-09-11,Miguel Ángel Morro,2000-09-11,Spain,Spain,Rayo Vallecano,Rayo Vallecano,1.0,True
tm_8507,tm_8507,Kévin Mouanga,2000-07-24,Kévin Mouanga,2000-07-24,France,France,FC Annecy,FC Annecy,1.0,True
tm_9176,tm_9176,Lorenzo Pinzauti,1994-09-09,Lorenzo Pinzauti,1994-09-09,Italy,Italy,Calcio Lecco 1912,Calcio Lecco 1912,1.0,True
tm_7773,tm_7773,Marcel Wenig,2004-05-04,Marcel Wenig,2004-05-04,Germany,Germany,Eintracht Frankfurt,Eintracht Frankfurt,1.0,True
tm_2175,tm_2175,Nico Benalcázar,2001-06-06,Nico Benalcázar,2001-06-06,United States,United States,New York City FC,New York City FC,1.0,True
tm_1958,tm_1958,Erik Majetschak,2000-03-01,Erik Majetschak,2000-03-01,Germany,Germany,FC Erzgebirge Aue,FC Erzgebirge Aue,1.0,True
tm_2606,tm_2606,Hussain Al-Eisa,2000-12-29,Hussain Al-Eisa,2000-12-29,Saudi Arabia,Saudi Arabia,Al-Wehda FC,Al-Wehda FC,1.0,True
tm_10660,tm_10660,Christian Kinsombi,1999-08-24,Christian Kinsombi,1999-08-24,Germany,Germany,FC Hansa Rostock,FC Hansa Rostock,1.0,True
tm_9564,tm_9564,Víctor Moreno,2005-09-30,Víctor Moreno,2005-09-30,Spain,Spain,Villarreal CF B,Villarreal CF B,1.0,True
tm_9595,tm_9595,Piña,1994-10-30,Piña,1994-10-30,Spain,Spain,CD Eldense,CD Eldense,1.0,True
tm_3651,tm_3651,Thomas Buitink,2000-06-14,Thomas Buitink,2000-06-14,Netherlands,Netherlands,Vitesse Arnhem,Vitesse Arnhem,1.0,True
tm_5140,tm_5140,Chidozie Awaziem,1997-01-01,Chidozie Awaziem,1997-01-01,Nigeria,Nigeria,Boavista FC,Boavista FC,1.0,True
tm_9929,tm_9929,Daniel Ballard,1999-09-22,Daniel Ballard,1999-09-22,Northern Ireland,Northern Ireland,Sunderland AFC,Sunderland AFC,1.0,True
tm_1092,tm_1092,Leo Väisänen,1997-07-23,Leo Väisänen,1997-07-23,Finland,Finland,Austin FC,Austin FC,1.0,True
tm_1119,tm_1119,Mason Stajduhar,1997-12-02,Mason Stajduhar,1997-12-02,United States,United States,Orlando City SC,Orlando City SC,1.0,True
tm_2247,tm_2247,Hattan Bahebri,1992-07-16,Hattan Bahebri,1992-07-16,Saudi Arabia,Saudi Arabia,Al-Shabab FC,Al-Shabab FC,1.0,True
tm_6478,tm_6478,Jakub Jankto,1996-01-19,Jakub Jankto,1996-01-19,Czech Republic,Czech Republic,Cagliari Calcio,Cagliari Calcio,1.0,True
tm_4263,tm_4263,Luca Chavet,2004-01-11,Luca Chavet,2004-01-11,Belgium,Belgium,KAS Eupen,KAS Eupen,1.0,True
tm_8739,tm_8739,Ádám Nagy,1995-06-17,Ádám Nagy,1995-06-17,Hungary,Hungary,Pisa Sporting Club,Pisa Sporting Club,1.0,True
tm_5513,tm_5513,Eliesse Ben Seghir,2005-02-16,Eliesse Ben Seghir,2005-02-16,France,France,AS Monaco,AS Monaco,1.0,True
tm_4931,tm_4931,Roman Kvet,1997-12-17,Roman Kvet,1997-12-17,Czech Republic,Czech Republic,,,1.0,True
tm_3889,tm_3889,Garang Kuol,2004-09-15,Garang Kuol,2004-09-15,Australia,Australia,Newcastle United,Newcastle United,1.0,True
tm_3002,tm_3002,Jiaqi Zhang,1991-12-09,Jiaqi Zhang,1991-12-09,China,China,Zhejiang FC,Zhejiang FC,1.0,True
tm_8940,tm_8940,Filippo Melegoni,1999-02-18,Filippo Melegoni,1999-02-18,Italy,Italy,Genoa CFC,Genoa CFC,1.0,True
tm_1932,tm_1932,Rico Preißinger,1996-07-21,Rico Preißinger,1996-07-21,Germany,Germany,Preußen Münster,Preußen Münster,1.0,True
tm_3455,tm_3455,Quilindschy Hartman,2001-11-14,Quilindschy Hartman,2001-11-14,Netherlands,Netherlands,Feyenoord Rotterdam,Feyenoord Rotterdam,1.0,True
tm_9193,tm_9193,José Gragera,2000-05-14,José Gragera,2000-05-14,Spain,Spain,RCD Espanyol Barcelona,RCD Espanyol Barcelona,1.0,True
tm_4043,tm_4043,Archie Brown,2002-05-28,Archie Brown,2002-05-28,England,England,KAA Gent,KAA Gent,1.0,True
tm_8199,tm_8199,Zinedine Ferhat,1993-03-01,Zinedine Ferhat,1993-03-01,Algeria,Algeria,Angers SCO,Angers SCO,1.0,True
tm_3751,tm_3751,Milan Robberechts,2004-03-04,Milan Robberechts,2004-03-04,Belgium,Belgium,Fortuna Sittard,Fortuna Sittard,1.0,True
tm_8503,tm_8503,Florian Escales,1996-02-03,Florian Escales,1996-02-03,France,France,FC Annecy,FC Annecy,1.0,True
tm_7666,tm_7666,Philipp Schulze,2003-01-29,Philipp Schulze,2003-01-29,Germany,Germany,VfL Wolfsburg,VfL Wolfsburg,1.0,True
tm_6096,tm_6096,Nadir Zortea,1999-06-19,Nadir Zortea,1999-06-19,Italy,Italy,Atalanta BC,Atalanta BC,1.0,True
tm_8720,tm_8720,Fabio Borini,1991-03-29,Fabio Borini,1991-03-29,Italy,Italy,UC Sampdoria,UC Sampdoria,1.0,True
tm_4550,tm_4550,Yusuf Sari,1998-11-20,Yusuf Sari,1998-11-20,Turkey,Turkey,Adana Demirspor,Adana Demirspor,1.0,True
tm_10703,tm_10703,Daniel Heber,1994-07-04,Daniel Heber,1994-07-04,Germany,Germany,1.FC Magdeburg,1.FC Magdeburg,1.0,True
tm_6931,tm_6931,Chris Ramos,1997-01-18,Chris Ramos,1997-01-18,Spain,Spain,Cádiz CF,Cádiz CF,1.0,True
tm_6467,tm_6467,Tommaso Augello,1994-08-30,Tommaso Augello,1994-08-30,Italy,Italy,Cagliari Calcio,Cagliari Calcio,1.0,True
tm_9891,tm_9891,Scott Twine,1999-07-14,Scott Twine,1999-07-14,England,England,Burnley FC,Burnley FC,1.0,True
tm_1794,tm_1794,Robin Ziegele,1997-03-13,Robin Ziegele,1997-03-13,Germany,Germany,SSV Jahn Regensburg,SSV Jahn Regensburg,1.0,True
tm_5588,tm_5588,Khéphren Thuram,2001-03-26,Khéphren Thuram,2001-03-26,France,France,OGC Nice,OGC Nice,1.0,True
tm_4703,tm_4703,Pione Sisto,1995-02-04,Pione Sisto,1995-02-04,Denmark,Denmark,Alanyaspor,Alanyaspor,1.0,True
tm_10638,tm_10638,Jonas David,2000-03-08,Jonas David,2000-03-08,Germany,Germany,Hamburger SV,Hamburger SV,1.0,True
tm_1311,tm_1311,J.C. Ngando,1999-11-20,J.C. Ngando,1999-11-20,France,France,Vancouver Whitecaps FC,Vancouver Whitecaps FC,1.0,True
tm_8779,tm_8779,Roberto Insigne,1994-05-11,Roberto Insigne,1994-05-11,Italy,Italy,Palermo FC,Palermo FC,1.0,True
tm_5871,tm_5871,Théo Borne,2002-07-15,Théo Borne,2002-07-15,France,France,Clermont Foot 63,Clermont Foot 63,1.0,True
tm_10041,tm_10041,Hayden Carter,1999-12-17,Hayden Carter,1999-12-17,England,England,Blackburn Rovers,Blackburn Rovers,1.0,True
tm_10046,tm_10046,Callum Brittain,1998-03-12,Callum Brittain,1998-03-12,England,England,Blackburn Rovers,Blackburn Rovers,1.0,True
tm_6072,tm_6072,Riccardo Pagano,2004-11-28,Riccardo Pagano,2004-11-28,Italy,Italy,AS Roma,AS Roma,1.0,True
tm_6960,tm_6960,Nikola Maras,1995-12-19,Nikola Maras,1995-12-19,Serbia,Serbia,Deportivo Alavés,Deportivo Alavés,1.0,True
tm_5043,tm_5043,Dário Essugo,2005-03-14,Dário Essugo,2005-03-14,Portugal,Portugal,Sporting CP,Sporting CP,1.0,True
tm_4279,tm_4279,Alfred Finnbogason,1989-02-01,Alfred Finnbogason,1989-02-01,Iceland,Iceland,KAS Eupen,KAS Eupen,1.0,True
tm_6044,tm_6044,Weston McKennie,1998-08-28,Weston McKennie,1998-08-28,United States,United States,Juventus FC,Juventus FC,1.0,True
tm_8182,tm_8182,Ousmane Camara,2003-03-06,Ousmane Camara,2003-03-06,France,France,Angers SCO,Angers SCO,1.0,True
tm_6204,tm_6204,Lorenzo De Silvestri,1988-05-23,Lorenzo De Silvestri,1988-05-23,Italy,Italy,Bologna FC 1909,Bologna FC 1909,1.0,True
tm_3377,tm_3377,Abdullah Otayf,1992-08-03,Abdullah Otayf,1992-08-03,Saudi Arabia,Saudi Arabia,Al-Ahli SFC,Al-Ahli SFC,1.0,True
tm_7794,tm_7794,Max Rosenfelder,2003-02-10,Max Rosenfelder,2003-02-10,Germany,Germany,SC Freiburg,SC Freiburg,1.0,True
tm_2123,tm_2123,Ryan Hollingshead,1991-04-16,Ryan Hollingshead,1991-04-16,United States,United States,Los Angeles FC,Los Angeles FC,1.0,True
tm_3012,tm_3012,Nyasha Mushekwi,1987-08-21,Nyasha Mushekwi,1987-08-21,Zimbabwe,Zimbabwe,Zhejiang FC,Zhejiang FC,1.0,True
tm_6628,tm_6628,Fernando,1987-07-25,Fernando,1987-07-25,Brazil,Brazil,Sevilla FC,Sevilla FC,1.0,True
tm_6162,tm_6162,Jonathan Ikoné,1998-05-02,Jonathan Ikoné,1998-05-02,France,France,ACF Fiorentina,ACF Fiorentina,1.0,True
tm_5326,tm_5326,Matías Lacava,2002-10-24,Matías Lacava,2002-10-24,Venezuela,Venezuela,,,1.0,True
tm_6145,tm_6145,Fabiano Parisi,2000-11-09,Fabiano Parisi,2000-11-09,Italy,Italy,ACF Fiorentina,ACF Fiorentina,1.0,True
tm_4282,tm_4282,Oskar Annell,2005-02-15,Oskar Annell,2005-02-15,Belgium,Belgium,KV Mechelen,KV Mechelen,1.0,True
tm_10439,tm_10439,Blendi Idrizi,1998-05-02,Blendi Idrizi,1998-05-02,Kosovo,Kosovo,FC Schalke 04,FC Schalke 04,1.0,True
tm_1965,tm_1965,Omar Sijaric,2001-11-02,Omar Sijaric,2001-11-02,Germany,Germany,FC Erzgebirge Aue,FC Erzgebirge Aue,1.0,True
tm_8751,tm_8751,Marco D'Alessandro,1991-02-17,Marco D'Alessandro,1991-02-17,Italy,Italy,AC Monza,AC Monza,1.0,True
tm_4428,tm_4428,Mert Günok,1989-03-01,Mert Günok,1989-03-01,Turkey,Turkey,Besiktas JK,Besiktas JK,1.0,True
tm_1761,tm_1761,Sven Müller,1996-02-16,Sven Müller,1996-02-16,Germany,Germany,Hallescher FC,Hallescher FC,1.0,True
tm_4107,tm_4107,Gustaf Nilsson,1997-05-23,Gustaf Nilsson,1997-05-23,Sweden,Sweden,Royale Union Saint-Gilloise,Royale Union Saint-Gilloise,1.0,True
tm_9111,tm_9111,Lorenzo Lonardi,1999-02-10,Lorenzo Lonardi,1999-02-10,Italy,Italy,FC Südtirol,FC Südtirol,1.0,True
tm_6831,tm_6831,Jaime Mata,1988-10-24,Jaime Mata,1988-10-24,Spain,Spain,Getafe CF,Getafe CF,1.0,True
tm_10065,tm_10065,Jack Bonham,1993-09-14,Jack Bonham,1993-09-14,Ireland,Ireland,Stoke City,Stoke City,1.0,True
tm_4979,tm_4979,Morato,2001-06-30,Morato,2001-06-30,Brazil,Brazil,SL Benfica,SL Benfica,1.0,True
tm_7715,tm_7715,Sheraldo Becker,1995-02-09,Sheraldo Becker,1995-02-09,Suriname,Suriname,1.FC Union Berlin,1.FC Union Berlin,1.0,True
tm_7314,tm_7314,Ben Mee,1989-09-21,Ben Mee,1989-09-21,England,England,Brentford FC,Brentford FC,1.0,True
tm_7155,tm_7155,Pierre-Emile Højbjerg,1995-08-05,Pierre-Emile Højbjerg,1995-08-05,Denmark,Denmark,Tottenham Hotspur,Tottenham Hotspur,1.0,True
tm_7911,tm_7911,Anthony Caci,1997-07-01,Anthony Caci,1997-07-01,France,France,1.FSV Mainz 05,1.FSV Mainz 05,1.0,True
tm_5210,tm_5210,Kanya Fujimoto,1999-07-01,Kanya Fujimoto,1999-07-01,Japan,Japan,Gil Vicente FC,Gil Vicente FC,1.0,True
tm_5792,tm_5792,Ludovic Butelle,1983-04-03,Ludovic Butelle,1983-04-03,France,France,Stade Reims,Stade Reims,1.0,True
tm_3335,tm_3335,Ali Al-Boleahi,1989-11-21,Ali Al-Boleahi,1989-11-21,Saudi Arabia,Saudi Arabia,Al-Hilal SFC,Al-Hilal SFC,1.0,True
tm_6120,tm_6120,Luis Alberto,1992-09-28,Luis Alberto,1992-09-28,Spain,Spain,SS Lazio,SS Lazio,1.0,True
tm_4286,tm_4286,David Bates,1996-10-05,David Bates,1996-10-05,Scotland,Scotland,KV Mechelen,KV Mechelen,1.0,True
tm_4044,tm_4044,Noah Fadiga,1999-12-03,Noah Fadiga,1999-12-03,Senegal,Senegal,KAA Gent,KAA Gent,1.0,True
tm_9124,tm_9124,Luca Maniero,1995-06-12,Luca Maniero,1995-06-12,Italy,Italy,AS Cittadella,AS Cittadella,1.0,True
tm_1733,tm_1733,Marco Hiller,1997-02-20,Marco Hiller,1997-02-20,Germany,Germany,TSV 1860 Munich,TSV 1860 Munich,1.0,True
tm_3303,tm_3303,Qinghao Xue,2000-09-26,Qinghao Xue,2000-09-26,China,China,Shanghai Shenhua,Shanghai Shenhua,1.0,True
tm_3685,tm_3685,Tijs Velthuis,2002-01-12,Tijs Velthuis,2002-01-12,Netherlands,Netherlands,Sparta Rotterdam,Sparta Rotterdam,1.0,True
tm_8336,tm_8336,Makabi Lilepo,1997-07-27,Makabi Lilepo,1997-07-27,DR Congo,DR Congo,Valenciennes FC,Valenciennes FC,1.0,True
tm_4685,tm_4685,Nuno Lima,2001-03-16,Nuno Lima,2001-03-16,Portugal,Portugal,Alanyaspor,Alanyaspor,1.0,True
tm_9171,tm_9171,Vittorio Agostinelli,2002-02-21,Vittorio Agostinelli,2002-02-21,Italy,Italy,ACF Fiorentina,ACF Fiorentina,1.0,True
tm_9730,tm_9730,Marc Albrighton,1989-11-18,Marc Albrighton,1989-11-18,England,England,Leicester City,Leicester City,1.0,True
tm_3067,tm_3067,Peter Zulj,1993-06-09,Peter Zulj,1993-06-09,Austria,Austria,Changchun Yatai,Changchun Yatai,1.0,True
tm_10705,tm_10705,Belal Halbouni,1999-12-29,Belal Halbouni,1999-12-29,Syria,Syria,1.FC Magdeburg,1.FC Magdeburg,1.0,True
tm_7586,tm_7586,Niklas Süle,1995-09-03,Niklas Süle,1995-09-03,Germany,Germany,Borussia Dortmund,Borussia Dortmund,1.0,True
tm_7220,tm_7220,Moussa Diaby,1999-07-07,Moussa Diaby,1999-07-07,France,France,Aston Villa,Aston Villa,1.0,True
tm_3754,tm_3754,Mouhamed Belkheir,1999-01-02,Mouhamed Belkheir,1999-01-02,Algeria,Algeria,Fortuna Sittard,Fortuna Sittard,1.0,True
tm_4873,tm_4873,Ömürcan Artan,1999-07-27,Ömürcan Artan,1999-07-27,Turkey,Turkey,Gaziantep FK,Gaziantep FK,1.0,True
tm_10573,tm_10573,Benjamin Goller,1999-01-01,Benjamin Goller,1999-01-01,Germany,Germany,1.FC Nuremberg,1.FC Nuremberg,1.0,True
tm_10449,tm_10449,Florian Kastenmeier,1997-06-28,Florian Kastenmeier,1997-06-28,Germany,Germany,Fortuna Düsseldorf,Fortuna Düsseldorf,1.0,True
tm_2199,tm_2199,Stefan Frei,1986-04-20,Stefan Frei,1986-04-20,United States,United States,Seattle Sounders FC,Seattle Sounders FC,1.0,True
tm_2482,tm_2482,Virgil Misidjan,1993-07-24,Virgil Misidjan,1993-07-24,Netherlands,Netherlands,Al-Tai FC,Al-Tai FC,1.0,True
tm_5233,tm_5233,Raúl Parra,1999-11-26,Raúl Parra,1999-11-26,Spain,Spain,GD Estoril Praia,GD Estoril Praia,1.0,True
tm_7759,tm_7759,Hrvoje Smolcic,2000-08-17,Hrvoje Smolcic,2000-08-17,Croatia,Croatia,Eintracht Frankfurt,Eintracht Frankfurt,1.0,True
tm_5087,tm_5087,Justin de Haas,2000-02-01,Justin de Haas,2000-02-01,Netherlands,Netherlands,FC Famalicão,FC Famalicão,1.0,True
