df1,df2,name1,birthdate1,name2,birthdate2,nat1,nat2,club1,club2,score,match
fm_11753,eafc_6611,Vakoun Issouf Bayo,1997-01-10,V. Bayo,1997-01-10,CIV,Côte d'Ivoire,Watford,Watford,0.5,
fm_16641,eafc_8005,Arnau Pradas,2006-03-24,Arnau Tenas,2001-05-30,ESP,Spain,Barcelona,Paris Saint Germain,0.5,
fm_10527,eafc_10886,Saqr Mamdouh,1998-10-03,M. Mamadou,1998-10-04,KSA,Senegal,Al-Batin,İstanbulspor,0.5,
fm_17845,eafc_1742,Paco Mathis,2005-09-04,Marco Matias,1989-05-10,FRA,Portugal,Bordeaux,Farense,0.5,
fm_13899,eafc_6569,Lewis Salmon,2001-11-02,C. Kelman,2001-11-02,ENG,United States,Nottm Forest,Queens Park Rangers,0.5,
fm_17742,eafc_10670,Luís Gerardo,2000-04-26,Luís Semedo,2003-08-11,POR,Portugal,MRT,Sunderland,0.5,
fm_1971,eafc_7338,Abdou Diallo,1996-05-04,A. Diallo,2002-07-11,SEN,Côte d'Ivoire,RB Leipzig,Manchester United,0.5,
fm_16590,eafc_2435,Ricardo Nóbrega,2004-03-13,Ricardo Pereira,1993-10-06,POR,Portugal,Benfica,Leicester City,0.5,
fm_11154,eafc_11334,Kang Mingjie,1999-02-27,Fang Jingqi,1993-01-17,CHN,China PR,HeB FC,Tianjin Jinmen Tiger,0.5,
fm_16352,eafc_7083,Hianga'a Mbock,1999-12-29,H. Mbock,1999-12-28,FRA,France,SM Caen,Caen,0.5,
fm_7311,eafc_2388,Antonio Narciso,1980-10-01,Antônio Carlos,1993-03-07,ITA,Brazil,Modena,Orlando City,0.5,
fm_14133,eafc_2492,Josh Mazfari,2005-09-15,José Mari,1987-12-06,ENG,Spain,Huddersfield,Cádiz,0.5,
fm_1450,eafc_9114,Max Alves,2001-05-12,Max,2001-05-12,BRA,Brazil,Colorado,Colorado Rapids,0.5,
fm_8070,eafc_6984,Samuele Pumo,2006-07-19,Samuel Lino,1999-12-23,ITA,Brazil,Sassuolo,Atlético Madrid,0.5,
fm_15723,eafc_2279,Lucas Barros,1999-08-21,Lucas Torró,1994-07-19,BRA,Spain,Gil Vicente,Osasuna,0.5,
fm_3622,eafc_7931,Yannic Voigt,2002-10-27,Gabri Veiga,2002-05-27,GER,Spain,FSV Zwickau,Al Ahli Jeddah,0.5,
fm_8247,eafc_2302,Andrea Prete,2005-06-18,Andreas Pereira,1996-01-01,ITA,Brazil,Torino,Fulham,0.5,
fm_5328,eafc_4046,Leander Popp,2005-06-26,Leander Baia,1988-02-29,GER,Brazil,Hertha Berlin,Atlético Mineiro,0.5,
fm_13776,eafc_9236,Rio Martucci,2005-05-03,A. Marcucci,1999-07-31,ENG,United States,Luton,New York RB,0.5,
fm_17875,eafc_2155,João Pacheco,2004-01-20,João Paulo,1991-03-08,POR,Brazil,VIZ,Seattle Sounders,0.5,
fm_7153,eafc_8347,Larsson Coulibaly,2003-01-01,S. Coulibaly,2003-10-14,CIV,France,Lazio,Antwerp,0.5036764705882353,
fm_7958,eafc_7022,Francesco Raccosta,2005-10-08,Francisco Moura,1999-08-16,ITA,Portugal,Brianza,Famalicão,0.5083333333333334,
fm_13414,eafc_9029,Daniel Pike,2002-01-09,Daniel Queipo,2002-05-22,ENG,Spain,Blackburn,Sporting Gijón,0.5115384615384616,
fm_14661,eafc_4977,Joãozinho,1989-07-02,João Bardinho,1996-02-29,POR,Brazil,Estoril Praia,América Mineiro,0.5115384615384616,
fm_17920,eafc_4112,Gustavo António,2005-05-05,Gustavo Pastinho,1992-02-29,POR,Brazil,BVT,Internacional,0.515625,
fm_17989,eafc_6247,Gabriel Carvalho,2004-01-11,Gabriel Brazão,2000-10-05,POR,Brazil,A. Madrid,Ternana,0.515625,
fm_8107,eafc_9453,Leonardo Personi,2005-05-25,Leonardo Lelo,2000-03-30,ITA,Portugal,Verona,Casa Pia,0.515625,
fm_17329,eafc_4147,Jordan Monteiro,2004-01-21,Jonaldo Monteiro,2000-02-29,POR,Brazil,BRG,Fortaleza,0.515625,
fm_4077,eafc_4965,Gabriel Gonzalez,2006-06-14,Mario González,1996-02-25,SUI,Spain,FC Bayern,Los Angeles FC,0.515625,
fm_15206,eafc_8474,Andrés Sarmiento,1998-01-15,Andrés Caro,2004-02-01,COL,Spain,VIZ,Real Betis,0.51875,
fm_5935,eafc_4269,Benjamin Krist,2004-02-11,Benjamin Meseira,1996-02-29,GER,Brazil,FC Augsburg,Athletico Paranaense,0.51875,
fm_11141,eafc_11402,Han Xuan,1995-01-13,He Guan,1993-01-25,CHN,China PR,Wuhan Changjiang,Wuhan Three Towns,0.51875,
fm_1019,eafc_3877,Christian Fuchs,1986-04-07,Christian Rivera,1997-07-09,AUT,Spain,Charlotte FC,Sporting Gijón,0.51875,
fm_13025,eafc_4458,Elyh Harrison,2006-02-19,J. Harrison,1996-11-20,ENG,England,Man UFC,Everton,0.5192307692307692,
fm_4784,eafc_4601,Cole Campbell,2006-02-20,A. Campbell,1998-07-04,ISL,Scotland,Borussia Dortmund,Millwall,0.5192307692307692,
fm_10881,eafc_11329,Yan Bingliang,2000-04-03,Yang Mingyang,1995-07-11,CHN,Switzerland,Tianjin,Nantong Zhiyun,0.5192307692307692,
fm_11009,eafc_11656,Xiong Guohong,2003-03-01,Liang Nuoheng,1994-11-14,CHN,Hong Kong,DL Pro,Zhejiang,0.5192307692307692,
fm_16671,eafc_4743,Diogo Prioste,2004-03-26,Diogo Leite,1999-01-23,POR,Portugal,Benfica,FC Union Berlin,0.5192307692307692,
fm_16755,eafc_10137,Nathan Zeze,2005-06-18,N. Zézé,2005-06-18,FRA,France,FC Nantes,Nantes,0.5227272727272727,
fm_5344,eafc_10562,Dries Martens,2005-08-08,Cris Montes,1997-08-10,NED,Spain,Go Ahead Eagles,Eldense,0.5240384615384616,
fm_15998,eafc_2782,Bruno Almeida,1996-09-09,Bruno Brígido,1991-03-09,POR,Brazil,Santa Clara,Estrela Amadora,0.5240384615384616,
fm_10994,eafc_11654,Han Yalin,2004-03-12,Yang Yilin,1999-02-23,CHN,China PR,Beijing,Meizhou Hakka,0.5249999999999999,
fm_16111,eafc_7898,Rui Gomes,1997-09-04,Toti Gomes,1999-01-16,POR,Portugal,PTM,Wolverhampton Wanderers,0.5249999999999999,
fm_11484,eafc_6297,Carlos Vinícius,1995-03-25,Vinícius,1995-03-22,BRA,Brazil,Fulham,Fulham,0.525,
fm_3267,eafc_7129,Patrick Möschl,1993-03-06,Patrick William,1997-06-03,AUT,Brazil,VfB Oldenburg,Rio Ave,0.525,
fm_10985,eafc_11461,Lyu Shihao,2002-07-16,Piao Shihao,1991-07-09,CHN,China PR,Guangzhou,Cangzhou Mighty Lions,0.5272727272727273,
fm_11845,eafc_2903,Nick Powell,1994-03-23,A. Powell,1994-07-18,ENG,Jamaica,Stoke,Cincinnati,0.5272727272727273,
fm_10972,eafc_11274,Jiang Weiyi,2004-01-19,Jiang Ning,1986-09-01,CHN,China PR,Beijing,Qingdao Hainiu,0.5272727272727273,
fm_2429,eafc_9141,Janni Serra,1998-04-13,Javi Guerra,2003-05-13,GER,Spain,Arminia Bielefeld,Valencia,0.5272727272727273,
fm_10883,eafc_11409,Wang Junbo,2002-05-21,Wang Jianan,1993-05-31,CHN,China PR,CZ Mighty Lions,Tianjin Jinmen Tiger,0.5272727272727273,
fm_16455,eafc_1001,Cristian Canales,2004-03-03,Cristiano Ronaldo,1985-02-05,ESP,Portugal,Real San Sebastián,Al Nassr,0.5294117647058822,
fm_8623,eafc_7022,Francesco Moratti,2006-02-07,Francisco Moura,1999-08-16,ITA,Portugal,SPAL,Famalicão,0.5294117647058822,
fm_14106,eafc_3417,Narel Phillips,2004-10-02,K. Phillips,1995-12-02,ENG,England,West Brom,Manchester City,0.5321428571428571,
fm_7113,eafc_2302,Andrea Errico,1999-01-01,Andreas Pereira,1996-01-01,ITA,Brazil,Frosinone,Fulham,0.5333333333333333,
fm_14775,eafc_5333,Rodrigo Conceição,2000-01-02,Rodrigo Becão,1996-01-19,POR,Brazil,FC Porto,Fenerbahçe,0.5352941176470588,
fm_12503,eafc_9688,Yago Santiago,2003-04-15,Yellu Santiago,2004-05-25,ESP,Spain,Tottenham,Valencia,0.5357142857142857,
fm_7442,eafc_2124,Umberto Morleo,2005-01-20,Alberto Moreno,1992-07-05,ITA,Spain,Juventus,Villarreal,0.5357142857142857,
fm_5720,eafc_7182,Olaf Kozłowski,2005-06-06,K. Kozłowski,2003-10-16,POL,Poland,Union SG,Vitesse,0.5357142857142857,
fm_14905,eafc_3075,Joseba Zaldua,1992-06-24,Zaldúa,1992-06-24,ESP,Spain,Cádiz,Cádiz,0.5384615384615384,
fm_12295,eafc_6797,Luke Matheson,2002-10-03,I. Maatsen,2002-03-10,ENG,Netherlands,Wolves,Chelsea,0.5384615384615384,
fm_4429,eafc_10959,Enes Yılmaz,2005-01-08,A. Yılmaz,2004-01-01,GER,Turkey,Bayer 04,Trabzonspor,0.5397727272727273,
fm_7149,eafc_9789,Samuele Righetti,2001-10-10,Samuel Lobato,2001-10-19,ITA,Portugal,Perugia,Famalicão,0.5416666666666666,
fm_10957,eafc_11349,Zou Yafei,2001-02-03,Wu Yake,1991-02-03,CHN,China PR,DL Pro,Changchun Yatai,0.5416666666666667,
fm_10468,eafc_5885,Abdullah Al-Hamdan,1999-09-12,A. Al Hamdan,1999-09-13,KSA,Saudi Arabia,Al-Hilal (KSA),Al Hilal,0.5416666666666667,
fm_16337,eafc_11062,André Mesquita,1997-10-10,André Seruca,2000-10-20,POR,Portugal,Santa Clara,Farense,0.5446428571428571,
fm_7822,eafc_3091,Diego Russo,2005-04-20,Diego Rico,1993-02-23,ITA,Spain,Udinese,Getafe,0.5454545454545454,
fm_13998,eafc_1645,Sam Bentley,2005-03-24,D. Bentley,1993-07-13,ENG,England,Luton,Wolverhampton Wanderers,0.5454545454545454,
fm_16840,eafc_8685,Pablo Lomas,2005-04-14,Pablo Tomeo,2000-01-23,ESP,Spain,R. Santander,Mirandés,0.5454545454545454,
fm_16564,eafc_5802,Rafael Luís,2005-02-18,Rafael Leão,1999-06-10,POR,Portugal,Benfica,Milan,0.5454545454545454,
fm_14741,eafc_2999,Pedro Bigas,1990-05-15,Pedro Tiba,1988-08-31,ESP,Portugal,Elche,Gil Vicente,0.5454545454545454,
fm_1099,eafc_7320,Leonardo Campana,2000-07-24,L. Campana,2000-06-24,ECU,Ecuador,Inter Miami,Inter Miami,0.546875,
fm_12242,eafc_6833,Karl Jakob Hein,2002-04-13,K. Hein,2002-04-13,EST,Estonia,Arsenal,Arsenal,0.55,
fm_14624,eafc_5593,Fernando Calero,1995-09-14,Calero,1995-09-14,ESP,Spain,Espanyol,Espanyol,0.55,
fm_16510,eafc_9626,Diyaeddine Abzi,1998-11-23,D. Abzi,1998-11-23,CAN,Canada,Pau FC,Leganés,0.55,
fm_12630,eafc_8198,Kyron Gordon,2002-05-24,K. Gordon,2004-10-05,ENG,England,Sheff Utd,Liverpool,0.55,
fm_5548,eafc_5209,Mico Schmidt,2005-02-16,D. Schmidt,1992-02-03,GER,Japan,Hannover,Sint-Truiden,0.55,
fm_12840,eafc_8977,Vonnte Williams,2005-07-02,Loïc Williams,2002-01-07,ENG,Spain,Crystal Palace,Tenerife,0.55,
fm_10842,eafc_11386,Zhang Jingxiang,2001-03-18,Wang Jinxian,1996-01-12,CHN,China PR,CZ Mighty Lions,Changchun Yatai,0.55,
fm_4402,eafc_7343,Miguel Lemke,2004-02-09,Migue Leal,1997-02-01,GER,Spain,Hansa Rostock,FC Andorra,0.55,
fm_16470,eafc_2120,Álvaro Ginés,2005-03-15,Álvaro Lemos,1993-03-30,ESP,Spain,R. Madrid,Las Palmas,0.55,
fm_1290,eafc_6720,Hassani Dotson,1997-08-16,H. Dotson,1997-08-06,USA,United States,Minnesota,Minnesota United,0.5535714285714286,
fm_15789,eafc_10914,Adrián Diéguez,1996-02-04,Adrián Liso,2005-04-02,ESP,Spain,Ponferrada,Real Zaragoza,0.5535714285714286,
fm_16458,eafc_9692,Abraham Del Moral,2001-07-05,Abraham,2001-07-05,ESP,Spain,Villarreal B,Villarreal II,0.5588235294117647,
fm_10845,eafc_11625,Chen Jinyu,2003-03-26,Chen Xiangyu,2002-02-17,CHN,China PR,Guangzhou,Shenzhen,0.5625,
fm_16701,eafc_9365,César Fernández,2004-09-28,Álvaro Fernández,2003-03-23,ESP,Spain,Vigo,Granada,0.5625,
fm_12852,eafc_3146,David Aziaya,2004-08-03,David Raya,1995-09-15,ENG,Spain,Norwich,Arsenal,0.5625,
fm_14061,eafc_11128,George Grant,2006-01-01,Jorge Benito,2006-01-01,ENG,Spain,Middlesbrough,Getafe,0.5625,
fm_5373,eafc_6984,Samuel Dikoš,2006-03-13,Samuel Lino,1999-12-23,SVK,Brazil,FC Groningen,Atlético Madrid,0.5625,
fm_16518,eafc_4531,Mateusão,2002-05-02,Mateus,1994-09-11,BRA,Brazil,PTM,Al Taawon,0.5625,
fm_12831,eafc_7203,Vaughn Covil,2003-07-27,V. Covil,2003-07-26,USA,United States,Hull,Hull City,0.5625,
fm_7334,eafc_6984,Samuel Iling,2003-10-04,Samuel Lino,1999-12-23,ENG,Brazil,Juventus,Atlético Madrid,0.5625,
fm_10801,eafc_11684,Zhao Jihan,2001-10-16,Zhao Jia'nan,2004-08-11,CHN,China PR,Henan,Dalian Professional,0.5625,
fm_18294,eafc_11128,Jorge Oreiro,2006-05-19,Jorge Benito,2006-01-01,ESP,Spain,R. Madrid,Getafe,0.5625,
fm_16669,eafc_3277,Xavi Pleguezuelo,2003-01-14,Pleguezuelo,1997-01-26,ESP,Spain,Real Hispalis,Plymouth Argyle,0.565625,
fm_17174,eafc_4722,Dinis Rodrigues,2005-01-12,Thiago Rodrigues,1996-06-12,POR,Brazil,FC Porto,Arouca,0.565625,
fm_1937,eafc_4771,Konstantinos Laifis,1993-05-19,K. Laifis,1993-05-19,CYP,Cyprus,Standard,Standard Liège,0.5657894736842105,
fm_3641,eafc_8018,Ole ter Haar Romeny,2000-06-20,O. Romeny,2000-06-20,NED,Netherlands,FC Emmen,FC Utrecht,0.5657894736842105,
fm_7306,eafc_9946,Alessandro Fontanarosa,2003-02-07,A. Fontanarosa,2003-01-07,ITA,Italy,Inter,Cosenza,0.5681818181818181,
fm_10785,eafc_11625,Shen Xiangtao,1999-02-27,Chen Xiangyu,2002-02-17,CHN,China PR,Henan,Shenzhen,0.5692307692307692,
fm_17959,eafc_1194,Naké Youssouf,2006-03-04,M. Youssouf,1988-03-26,FRA,Comoros,OGC Nice,Ajaccio,0.5692307692307692,
fm_15835,eafc_3845,Kenji-Van Boto,1996-03-07,K. Boto,1996-03-07,FRA,Madagascar,AJ Auxerre,Pau,0.5714285714285714,
fm_15338,eafc_1401,Alfredo Ortuño,1991-01-21,Ortuño,1991-01-21,ESP,Spain,Cartagena,FC Cartagena,0.5714285714285714,
fm_16389,eafc_3698,Sebastian Ring,1995-04-18,S. Ring,1995-04-18,SWE,Sweden,Amiens SC,Amiens SC,0.5714285714285714,
fm_11224,eafc_11610,Sun Zixuan,2000-04-22,Sun Qinhan,2000-03-21,CHN,China PR,Tianjin,Cangzhou Mighty Lions,0.575,
fm_9570,eafc_2144,Stefano Denswil,1994-05-07,S. Denswil,1993-05-07,NED,Suriname,Trabzonspor,Trabzonspor,0.575,
fm_13034,eafc_4019,Jack Thompson,2005-05-05,J. Thompson,1997-01-03,ENG,Northern Ireland,Nottm Forest,Stoke City,0.5769230769230769,
fm_10750,eafc_11329,Yang Jingfan,1999-09-29,Yang Mingyang,1995-07-11,CHN,Switzerland,Changchun,Nantong Zhiyun,0.5769230769230769,
fm_17598,eafc_4042,Enzo Cantero,2005-05-15,Enzo Marteiro,1992-02-29,FRA,Brazil,Clermont,Flamengo,0.5769230769230769,
fm_10545,eafc_11699,Zhong Haoran,1994-07-15,Zheng Haoqian,1998-11-16,CHN,China PR,Zhejiang,Nantong Zhiyun,0.5769230769230769,
fm_11228,eafc_11434,Zhang Wenxuan,2004-08-23,Zhang Wentao,1993-04-14,CHN,China PR,Guangzhou,Wuhan Three Towns,0.5769230769230769,
fm_7423,eafc_10051,Benjamin Tahirovic,2003-03-03,B. Tahirović,2003-03-09,SWE,Bosnia and Herzegovina,Capitoline,Ajax,0.5833333333333334,
fm_10896,eafc_11659,Xie Jie,2001-02-01,Yin Jie,2001-09-25,CHN,China PR,HeB FC,Zhejiang,0.5857142857142857,
fm_2730,eafc_4806,Gaetan Coucke,1998-11-03,G. Coucke,1998-12-03,BEL,Belgium,KV Mechelen,Mechelen,0.5865384615384616,
fm_14651,eafc_1740,David Timor,1989-10-17,Timor,1989-10-17,ESP,Spain,Huesca,Eldense,0.5909090909090909,
fm_10925,eafc_11713,Ma Junjie,2004-12-10,Yuan Junjie,2005-10-03,CHN,China PR,Changchun,Shenzhen,0.5954545454545455,
fm_6896,eafc_9346,Giovanni Zaro,1994-05-12,G. Zaro,1994-05-12,ITA,Italy,Südtirol,Modena,0.5961538461538461,
fm_6412,eafc_3595,George Puşcaş,1996-04-08,G. Pușcaș,1996-04-08,ROU,Romania,Genoa,Genoa,0.5961538461538461,
fm_14212,eafc_3410,Sergio Canales,1991-02-16,Sergi Canós,1997-02-02,ESP,Spain,Real Hispalis,Valencia,0.5982142857142857,
fm_9873,eafc_9389,Hayrullah Erkip,2003-06-20,H. Erkip,2003-06-20,TUR,Turkey,Kayserispor,Kayserispor,0.6,
fm_17602,eafc_2584,Álex Muñiz,2004-11-15,Alex Muñoz,1994-07-30,ESP,Spain,Oviedo,Levante,0.6000000000000001,
fm_10660,eafc_11529,Li Shuaihu,1999-02-10,Li Shuai,1995-06-18,CHN,China PR,HeB FC,Shanghai Port,0.6000000000000001,
fm_18117,eafc_5131,Hugo Hernández,2005-05-21,Cucho Hernández,1999-04-22,ESP,Colombia,Elche,Columbus Crew,0.6000000000000001,
fm_1059,eafc_1196,Maximiliano Moralez,1987-02-27,M. Moralez,1987-02-27,ARG,Argentina,NYCFC,New York City,0.6052631578947368,
fm_5977,eafc_10925,Gabriel Demian,2004-12-04,Gabriel Pirani,2002-04-12,SVN,Brazil,Nürnberg,DC United,0.6071428571428571,
fm_10393,eafc_11460,Liu Jing,1997-01-17,Lu Ning,1998-01-26,CHN,China PR,HeB FC,Changchun Yatai,0.6125,
fm_17326,eafc_6444,Miguel Soto,2004-09-30,Miguel Morro,2000-09-11,ESP,Spain,Getafe,Villarreal II,0.6125,
fm_18233,eafc_5851,Manu,2004-01-05,Nanu,1994-05-17,ESP,Guinea Bissau,Málaga,Samsunspor,0.6125,
fm_17995,eafc_7674,Tiago Gomes,2004-07-29,Tiago Tomás,2002-06-16,POR,Portugal,Gil Vicente,VfL Wolfsburg,0.6136363636363635,
fm_9607,eafc_7022,Francisco Montero,1999-01-14,Francisco Moura,1999-08-16,ESP,Portugal,Beşiktaş,Famalicão,0.6235294117647059,
fm_3830,eafc_10041,Daniel Pérez,2002-01-17,Dani Pérez,2005-07-26,VEN,Spain,Club Brugge,Real Betis,0.625,
fm_2065,eafc_6446,Georginio Rutter,2002-04-20,G. Rutter,2002-04-20,FRA,France,Hoffenheim,Leeds United,0.625,
fm_10303,eafc_3070,Mohammed Kanno,1994-09-22,M. Kanno,1994-09-22,KSA,Saudi Arabia,Al-Hilal (KSA),Al Hilal,0.625,
fm_2355,eafc_5483,Wilfried Kanga,1998-02-21,W. Kanga,1998-02-21,CIV,Côte d'Ivoire,Hertha Berlin,Standard Liège,0.625,
fm_9195,eafc_11055,Edoardo Alloisio,2005-03-18,Edgar Alcañiz,2005-03-18,ITA,Spain,Genoa,Levante,0.625,
fm_1928,eafc_6374,Mohammed Kudus,2000-08-02,M. Kudus,2000-08-02,GHA,Ghana,Ajax,West Ham United,0.625,
fm_15097,eafc_2711,Róber Pier,1995-02-16,Róber,1995-02-16,ESP,Spain,Levante,Sporting Gijón,0.625,
fm_1101,eafc_1420,Alejandro Bedoya,1987-04-29,A. Bedoya,1987-04-29,USA,United States,Philadelphia,Philadelphia Union,0.625,
fm_16052,eafc_5355,Mickaël Nadé,1999-03-04,M. Nadé,1999-03-04,FRA,France,ASSE,Saint-Étienne,0.625,
fm_10604,eafc_11342,Yang Ting,1993-06-04,Wang Tong,1993-02-12,CHN,China PR,CD Rongcheng,Shandong Taishan,0.6333333333333334,
fm_6535,eafc_8936,Mikael Egill Ellertsson,2002-03-11,M. Ellertsson,2002-03-11,ISL,Iceland,Spezia,Venezia,0.6413043478260869,
fm_6667,eafc_3323,Andrija Novaković,1996-09-21,A. Novakovich,1996-09-21,USA,United States,Venezia,Lecco,0.6470588235294118,
fm_15885,eafc_9483,Alberto Del Moral,2000-07-20,Del Moral,2000-07-20,ESP,Spain,Villarreal B,Villarreal II,0.6470588235294118,
fm_11496,eafc_3300,Marvelous Nakamba,1994-01-19,M. Nakamba,1994-01-19,ZIM,Zimbabwe,Aston Villa,Luton Town,0.6470588235294118,
fm_14434,eafc_3008,Víctor Camarasa,1994-05-28,Camarasa,1994-05-28,ESP,Spain,Real Hispalis,Real Oviedo,0.65,
fm_16971,eafc_9393,Alejandro Primo,2004-07-10,Álex Primo,2004-07-10,ESP,Spain,Levante,Levante,0.65,
fm_7572,eafc_11043,Catalin Burnete,2004-01-31,R. Burnete,2004-01-31,ROU,Romania,Salento,Lecce,0.65,
fm_15542,eafc_2511,César De la Hoz,1992-03-30,De La Hoz,1992-03-30,ESP,Spain,Almería,Real Valladolid,0.65,
fm_15957,eafc_1201,Matthieu Dreyer,1989-03-20,M. Dreyer,1989-03-20,FRA,France,ASSE,Saint-Étienne,0.65,
fm_11513,eafc_5123,Boubacar Kamara,1999-11-23,B. Kamara,1999-11-23,FRA,France,Aston Villa,Aston Villa,0.65,
fm_6805,eafc_2140,Raffaele Pucino,1991-05-03,R. Pucino,1991-05-03,ITA,Italy,Bari,Bari 1908,0.65,
fm_15839,eafc_4585,Stéphane Diarra,1998-12-09,S. Diarra,1998-12-09,CIV,Côte d'Ivoire,FC Lorient,Saint-Étienne,0.65,
fm_15553,eafc_4005,Vital N'Simba,1993-07-08,V. Nsimba,1993-07-08,COD,Congo DR,Bordeaux,Bordeaux,0.6538461538461539,
fm_2470,eafc_5840,Stanley Nsoki,1999-04-09,S. Nsoki,1999-04-09,FRA,France,Hoffenheim,TSG Hoffenheim,0.6538461538461539,
fm_1621,eafc_9265,Jackson Ragen,1998-09-24,J. Ragen,1998-09-24,USA,United States,Seattle,Seattle Sounders,0.6538461538461539,
fm_12567,eafc_8168,Patrick Jones,2003-06-09,P. Jones,2003-06-09,WAL,Wales,Huddersfield,Huddersfield Town,0.6538461538461539,
fm_2261,eafc_1574,Florian Kainz,1992-10-24,F. Kainz,1992-10-24,AUT,Austria,1. FC Köln,FC Köln,0.6538461538461539,
fm_9372,eafc_1581,Jeffrey Bruma,1991-11-13,J. Bruma,1991-11-13,NED,Netherlands,Kasımpaşa,RKC Waalwijk,0.6538461538461539,
fm_14948,eafc_4618,Amath N'Diaye,1996-07-16,A. Ndiaye,1996-07-16,SEN,Senegal,Mallorca,Mallorca,0.6538461538461539,
fm_11368,eafc_3709,Wilfred Ndidi,1996-12-16,W. Ndidi,1996-12-16,NGA,Nigeria,Leicester,Leicester City,0.6538461538461539,
fm_9950,eafc_6888,Mustafa Bozan,2000-08-23,M. Bozan,2000-08-23,TUR,Turkey,Gaziantep FK,Gaziantep F.K.,0.6538461538461539,
fm_1003,eafc_1069,Carlos Vela,1989-03-01,C. Vela,1989-03-01,MEX,Mexico,LAFC,Los Angeles FC,0.6590909090909091,
fm_16588,eafc_7684,Rafiki Saïd,2000-03-15,R. Saïd,2000-03-15,COM,Comoros,Nîmes,Troyes,0.6590909090909091,
fm_15919,eafc_9903,Désiré Doué,2005-06-03,D. Doué,2005-06-03,FRA,France,Rennes,Rennes,0.6590909090909091,
fm_1970,eafc_6379,Jordan Teze,1999-09-30,J. Teze,1999-09-30,NED,Netherlands,PSV,PSV,0.6590909090909091,
fm_11567,eafc_4931,Ebere Eze,1998-06-29,E. Eze,1998-06-29,ENG,England,Crystal Palace,Crystal Palace,0.6666666666666667,
fm_2981,eafc_7322,Conor Noß,2001-01-01,C. Noß,2001-01-01,IRL,Republic of Ireland,Borussia M'gladbach,Blau-Weiß Linz,0.6666666666666667,
fm_16788,eafc_8133,Youssouf Assogba,2001-08-21,Y. Assogba,2001-08-21,BEN,Benin,Amiens SC,Amiens SC,0.671875,
fm_3319,eafc_6053,Frederik Winther,2001-01-04,F. Winther,2001-01-04,DEN,Denmark,FC Augsburg,FC Augsburg,0.671875,
fm_11384,eafc_6133,William Saliba,2001-03-24,W. Saliba,2001-03-24,FRA,France,Arsenal,Arsenal,0.6785714285714286,
fm_12492,eafc_9368,Romaine Mundle,2003-04-24,R. Mundle,2003-04-24,ENG,England,Tottenham,Standard Liège,0.6785714285714286,
fm_14587,eafc_2113,Anthony Lozano,1993-04-25,A. Lozano,1993-04-25,HON,Honduras,Cádiz,Getafe,0.6785714285714286,
fm_16264,eafc_7073,Rassoul Ndiaye,2001-12-11,R. Ndiaye,2001-12-11,SEN,France,FCSM,Le Havre,0.6785714285714286,
fm_3270,eafc_8093,Nicolás Castro,2000-11-01,N. Castro,2000-11-01,ARG,Argentina,KRC Genk,Elche,0.6785714285714286,
fm_4545,eafc_8610,Junior Marsoni,1996-06-03,J. Mansoni,1996-06-03,BEL,Belgium,Seraing FC,RWDM,0.6785714285714286,
fm_1431,eafc_7584,Cameron Harper,2001-11-19,C. Harper,2001-11-19,USA,United States,New York,New York RB,0.6785714285714286,
fm_6194,eafc_2491,Elseid Hysaj,1994-02-02,E. Hysaj,1994-02-02,ALB,Albania,Lazio,Lazio,0.6875,
fm_6222,eafc_3335,Andrea Conti,1994-03-02,A. Conti,1994-03-02,ITA,Italy,Sampdoria,Sampdoria,0.6875,
fm_10919,eafc_11625,Chen Xiong,2002-06-17,Chen Xiangyu,2002-02-17,CHN,China PR,CZ Mighty Lions,Shenzhen,0.6875,
fm_16244,eafc_5800,Jerome Opoku,1998-10-14,J. Opoku,1998-10-14,ENG,England,Arouca,Arouca,0.6875,
fm_12304,eafc_8684,Callum Doyle,2003-10-03,C. Doyle,2003-10-03,ENG,England,Coventry,Leicester City,0.6875,
fm_2121,eafc_1161,Damien Marcq,1988-12-08,D. Marcq,1988-12-08,FRA,France,Charleroi,Sporting Charleroi,0.6875,
fm_13493,eafc_7534,Pedro Amadou,2005-10-28,Pedro Amador,1998-12-18,FRA,Portugal,Norwich,Moreirense,0.6875,
fm_15080,eafc_3021,Jordan Amavi,1994-03-09,J. Amavi,1994-03-09,FRA,France,Getafe,Brest,0.6875,
fm_6361,eafc_5954,Ionuţ Nedelcearu,1996-04-25,I. Nedelcearu,1996-04-24,ROU,Romania,Palermo,Palermo,0.6875,
fm_11255,eafc_2867,N'Golo Kanté,1991-03-29,N. Kanté,1991-03-29,FRA,France,Chelsea,Al Ittihad,0.6875,
fm_1123,eafc_3259,Andrés Cubas,1996-05-22,A. Cubas,1996-05-22,PAR,Paraguay,Vancouver,Vancouver Whitecaps,0.6875,
fm_9440,eafc_4921,Berkay Özcan,1998-02-15,B. Özcan,1998-02-15,TUR,Turkey,Başakşehir FK,İstanbul Başakşehir,0.6875,
fm_6227,eafc_2532,Gianluca Lapadula,1990-02-07,G. Lapadula,1990-02-07,PER,Peru,Cagliari,Cagliari,0.6911764705882353,
fm_6549,eafc_5175,Grigoris Kastanos,1998-01-30,G. Kastanos,1998-01-30,CYP,Cyprus,Salernitana,Salernitana,0.6911764705882353,
fm_1900,eafc_6230,Jonathan Burkardt,2000-07-11,J. Burkardt,2000-07-11,GER,Germany,Mainz 05,FSV Mainz 05,0.6911764705882353,
fm_11316,eafc_1936,Emiliano Martínez,1992-09-02,E. Martínez,1992-09-02,ARG,Argentina,Aston Villa,Aston Villa,0.6911764705882353,
fm_10128,eafc_11347,Nebojša Kosović,1995-02-24,N. Kosović,1995-02-24,MNE,Montenegro,Meizhou,Meizhou Hakka,0.7,
fm_9731,eafc_6045,Hüseyin Türkmen,1998-01-01,H. Türkmen,1998-01-01,TUR,Turkey,Trabzonspor,Trabzonspor,0.7,
fm_6903,eafc_9598,Niccolò Corrado,2000-03-19,N. Corrado,2000-03-19,ITA,Italy,Ternana,Ternana,0.7,
fm_6245,eafc_1487,Roberto Pereyra,1991-01-07,R. Pereyra,1991-01-07,ARG,Argentina,Udinese,Udinese,0.7,
fm_11897,eafc_2541,Jamal Lowe,1994-07-21,J. Lowe,1994-07-21,JAM,Jamaica,Bournemouth,Swansea City,0.7,
fm_6936,eafc_9037,Samuele Vignato,2004-02-24,S. Vignato,2004-02-24,ITA,Italy,Brianza,Monza,0.7,
fm_6566,eafc_3099,Antonio Barreca,1995-03-18,A. Barreca,1995-03-18,ITA,Italy,Cagliari,Sampdoria,0.7,
fm_11868,eafc_2509,Darragh Lenihan,1994-03-16,D. Lenihan,1994-03-16,IRL,Republic of Ireland,Middlesbrough,Middlesbrough,0.7,
fm_14441,eafc_1965,Terence Kongolo,1994-02-14,T. Kongolo,1994-02-14,NED,Netherlands,Havre AC,Rapid Wien,0.7,
fm_9642,eafc_9515,Emrecan Uzunhan,2001-02-26,E. Uzunhan,2001-02-26,TUR,Turkey,Beşiktaş,Beşiktaş,0.7,
fm_8200,eafc_9922,Sebas Wade,2003-04-09,S. Wade,2003-04-09,ENG,England,Torino,Torino,0.7,
fm_3184,eafc_9435,Nicolas Kristof,1999-12-20,N. Kristof,1999-12-20,AUT,Austria,SV Elversberg,Elversberg,0.7,
fm_1795,eafc_5652,Ridle Baku,1998-04-08,R. Baku,1998-04-08,GER,Germany,VfL Wolfsburg,VfL Wolfsburg,0.7,
fm_12524,eafc_9684,Kristian Šekularac,2003-12-07,K. Šekularac,2003-12-07,SUI,Switzerland,Fulham,Fulham,0.7083333333333334,
fm_3025,eafc_7588,Jesper Daland,2000-01-06,J. Daland,2000-01-06,NOR,Norway,Cercle Brugge,Cercle Brugge,0.7115384615384616,
fm_1047,eafc_3608,Miguel Trauco,1992-08-25,M. Trauco,1992-08-25,PER,Peru,San Jose,San Jose Earthquakes,0.7115384615384616,
fm_12405,eafc_6360,Joseph Hungbo,2000-01-15,J. Hungbo,2000-01-15,ENG,England,Watford,Nürnberg,0.7115384615384616,
fm_16093,eafc_2666,Johann Obiang,1993-07-05,J. Obiang,1993-07-05,GAB,Gabon,SM Caen,Pau,0.7115384615384616,
fm_6732,eafc_9299,Daniel Boloca,1998-12-22,D. Boloca,1998-12-22,ROU,Romania,Frosinone,Sassuolo,0.7115384615384616,
fm_6771,eafc_3347,Junior Sambia,1996-09-07,J. Sambia,1996-09-07,FRA,France,Salernitana,Salernitana,0.7115384615384616,
fm_6612,eafc_6237,Adrian Šemper,1998-01-12,A. Šemper,1998-01-12,CRO,Croatia,Genoa,Como,0.7115384615384616,
fm_11498,eafc_5042,Marcos Senesi,1997-05-10,M. Senesi,1997-05-10,ARG,Argentina,Bournemouth,AFC Bournemouth,0.7115384615384616,
fm_16225,eafc_8105,Alonso Aceves,2001-03-28,A. Aceves,2001-03-28,MEX,Mexico,Oviedo,Chicago Fire,0.7115384615384616,
fm_9470,eafc_7277,Attila Szalai,1998-01-20,A. Szalai,1998-01-20,HUN,Hungary,Fenerbahçe,TSG Hoffenheim,0.7115384615384616,
fm_16380,eafc_6924,Pierre Dwomoh,2004-06-21,P. Dwomoh,2004-06-21,BEL,Belgium,BRG,RWDM,0.7115384615384616,
fm_6942,eafc_7921,Botond Balogh,2002-06-06,B. Balogh,2002-06-06,HUN,Hungary,Parma,Parma,0.7115384615384616,
fm_12573,eafc_9744,Connor McAvoy,2002-02-16,C. McAvoy,2002-02-16,SCO,Scotland,Fulham,Fulham,0.7115384615384616,
fm_16081,eafc_2621,Mikkel Desler,1995-02-19,M. Desler,1995-02-19,DEN,Denmark,Toulouse FC,Toulouse,0.7115384615384616,
fm_12054,eafc_4887,Jordan Storey,1997-09-02,J. Storey,1997-09-02,ENG,England,Preston,Preston North End,0.7115384615384616,
fm_11950,eafc_8182,Morgan Rogers,2002-07-26,M. Rogers,2002-07-26,ENG,England,Man City,Middlesbrough,0.7115384615384616,
fm_2039,eafc_4695,Roland Sallai,1997-05-22,R. Sallai,1997-05-22,HUN,Hungary,SC Freiburg,SC Freiburg,0.7115384615384616,
fm_9630,eafc_3493,Tayfur Bingöl,1993-01-11,T. Bingöl,1993-01-11,TUR,Turkey,Beşiktaş,Beşiktaş,0.7115384615384616,
fm_1960,eafc_5877,Christoph Baumgartner,1999-08-01,C. Baumgartner,1999-08-01,AUT,Austria,Hoffenheim,RB Leipzig,0.7142857142857143,
fm_3039,eafc_3733,Michael Zetterer,1995-07-12,M. Zetterer,1995-07-12,GER,Germany,SV Werder,Werder Bremen,0.71875,
fm_3054,eafc_8371,Mathias Fixelles,1996-08-11,M. Fixelles,1996-08-11,BEL,Belgium,Westerlo,Westerlo,0.71875,
fm_16208,eafc_6921,Lassine Sinayoko,1999-12-08,L. Sinayoko,1999-12-08,MLI,Mali,AJ Auxerre,Auxerre,0.71875,
fm_15934,eafc_8650,Williot Swedberg,2004-02-01,W. Swedberg,2004-02-01,SWE,Sweden,Vigo,Celta de Vigo,0.71875,
fm_10392,eafc_11672,Nemanja Bosančić,1995-03-01,N. Bosančić,1995-03-01,SRB,Serbia,DL Pro,Dalian Professional,0.71875,
fm_15167,eafc_9726,Mor Ndiaye,2000-11-22,M. Ndiaye,2000-11-21,SEN,Senegal,Estoril Praia,Estoril,0.7250000000000001,
fm_3250,eafc_2313,Kolja Pusch,1993-02-12,K. Pusch,1993-02-12,GER,Germany,MSV Duisburg,MSV Duisburg,0.7272727272727273,
fm_9500,eafc_5532,Yunus Akgün,2000-07-07,Y. Akgün,2000-07-07,TUR,Turkey,Galatasaray,Leicester City,0.7272727272727273,
fm_14531,eafc_4919,Abdul Mumin,1998-06-06,A. Mumin,1998-06-06,GHA,Ghana,Vallecano,Rayo Vallecano,0.7272727272727273,
fm_6139,eafc_3703,André Onana,1996-04-02,A. Onana,1996-04-02,CMR,Cameroon,Inter,Manchester United,0.7272727272727273,
fm_11780,eafc_2551,Lewis Baker,1995-04-25,L. Baker,1995-04-25,ENG,England,Stoke,Stoke City,0.7272727272727273,
fm_2783,eafc_6009,Kevin Sessa,2000-07-06,K. Sessa,2000-07-06,GER,Germany,Heidenheim,Heidenheim,0.7272727272727273,
fm_13396,eafc_9908,Alfie Chang,2002-09-04,A. Chang,2002-09-04,ENG,England,Birmingham,Birmingham City,0.7272727272727273,
fm_10096,eafc_3193,Jacob Rinne,1993-06-20,J. Rinne,1993-06-20,SWE,Sweden,Al-Fateh,Al Fateh,0.7272727272727273,
fm_9910,eafc_11209,Deniz Ertaş,2005-03-20,D. Ertaş,2005-03-20,TUR,Turkey,Konyaspor,Konyaspor,0.7272727272727273,
fm_4099,eafc_8574,Tjark Ernst,2003-03-15,T. Ernst,2003-03-15,GER,Germany,Hertha Berlin,Hertha BSC,0.7272727272727273,
fm_1346,eafc_5264,Paxton Pomykal,1999-12-17,P. Pomykal,1999-12-17,USA,United States,FC Dallas,Dallas,0.7321428571428571,
fm_6763,eafc_5670,Mattéo Tramoni,2000-01-20,M. Tramoni,2000-01-20,FRA,France,Pisa,Pisa,0.7321428571428571,
fm_15332,eafc_7835,Nikita Iosifov,2001-04-11,N. Iosifov,2001-04-11,RUS,Russia,Villarreal B,Mirandés,0.7321428571428571,
fm_6748,eafc_8108,Matteo Ruggeri,2002-07-11,M. Ruggeri,2002-07-11,ITA,Italy,Atalanta,Atalanta,0.7321428571428571,
fm_10073,eafc_4830,Brayan Riascos,1994-10-10,B. Riascos,1994-10-10,COL,Colombia,Al-Khaleej (KSA),Gaziantep F.K.,0.7321428571428571,
fm_6981,eafc_7768,Daouda Peeters,1999-01-26,D. Peeters,1999-01-26,BEL,Belgium,Juventus,Südtirol,0.7321428571428571,
fm_1828,eafc_2245,Yussuf Poulsen,1994-06-15,Y. Poulsen,1994-06-15,DEN,Denmark,RB Leipzig,RB Leipzig,0.7321428571428571,
fm_6165,eafc_1852,Nicola Sansone,1991-09-10,N. Sansone,1991-09-10,ITA,Italy,Bologna,Lecce,0.7321428571428571,
fm_9768,eafc_8766,Gökhan Sazdağı,1994-09-20,G. Sazdağı,1994-09-20,TUR,Turkey,Kayserispor,Kayserispor,0.7321428571428571,
fm_1980,eafc_1593,Marvin Ducksch,1994-03-07,M. Ducksch,1994-03-07,GER,Germany,SV Werder,Werder Bremen,0.7321428571428571,
fm_12034,eafc_2661,Callum O'Dowda,1995-04-23,C. O'Dowda,1995-04-23,IRL,Republic of Ireland,Cardiff,Cardiff City,0.7321428571428571,
fm_11481,eafc_4331,Miguel Almirón,1994-02-10,M. Almirón,1994-02-10,PAR,Paraguay,Newcastle,Newcastle United,0.7321428571428571,
fm_6841,eafc_4498,Nicola Falasco,1993-10-05,N. Falasco,1993-10-05,ITA,Italy,Ascoli,Ascoli,0.7321428571428571,
fm_1907,eafc_6689,Edmond Tapsoba,1999-02-02,E. Tapsoba,1999-02-02,BFA,Burkina Faso,Bayer 04,Bayer 04 Leverkusen,0.7321428571428571,
fm_6572,eafc_3683,Andrea Favilli,1997-05-17,A. Favilli,1997-05-17,ITA,Italy,Ternana,Ternana,0.7321428571428571,
fm_2358,eafc_5937,Stephan Ambrosius,1998-12-18,S. Ambrosius,1998-12-18,GER,Ghana,KSC,Hamburger SV,0.7352941176470588,
fm_6743,eafc_9348,Daniele Casiraghi,1993-03-10,D. Casiraghi,1993-03-10,ITA,Italy,Südtirol,Südtirol,0.7352941176470588,
fm_15010,eafc_9087,Mario Suárez,1987-02-24,Marco Suárez,2004-02-07,ESP,Spain,Vallecano,Real Oviedo,0.7375,
fm_12110,eafc_7880,Vontae Daley-Campbell,2001-04-02,V. Daley-Campbell,2001-04-04,ENG,England,Cardiff,Cardiff City,0.738095238095238,
fm_17933,eafc_8448,Rúben Alves,2003-09-07,Rubén Alves,1994-09-07,POR,Spain,VIZ,Racing Santander,0.7386363636363635,
fm_6766,eafc_7172,Enrico Delprato,1999-11-10,E. Delprato,1999-11-10,ITA,Italy,Parma,Parma,0.75,
fm_6309,eafc_3014,Andrea Barberis,1993-12-11,A. Barberis,1993-12-11,ITA,Italy,Brianza,Pisa,0.75,
fm_5193,eafc_8327,Louis Patris,2001-06-07,L. Patris,2001-06-07,BEL,Belgium,OHL,Anderlecht,0.75,
fm_15598,eafc_3130,Mory Diaw,1993-06-22,M. Diaw,1993-06-22,SEN,Senegal,Clermont,Clermont,0.75,
fm_16359,eafc_9729,Gaby Jean,2000-02-19,G. Jean,2000-02-19,FRA,France,FC Annecy,Annecy,0.75,
fm_2606,eafc_5187,Hannes Delcroix,1999-02-28,H. Delcroix,1999-02-28,BEL,Belgium,RSC Anderlecht,Burnley,0.75,
fm_3051,eafc_8216,Yonas Malede,1999-11-14,Y. Malede,1999-11-14,ISR,Israel,KV Mechelen,Mechelen,0.75,
fm_14674,eafc_5659,Amine Gouiri,2000-02-16,A. Gouiri,2000-02-16,FRA,France,Rennes,Rennes,0.75,
fm_9493,eafc_8041,Endri Çekiçi,1996-11-23,E. Çekiçi,1996-11-23,ALB,Albania,Konyaspor,Pendikspor,0.75,
fm_3861,eafc_5027,Simon Olsson,1997-09-14,S. Olsson,1997-09-14,SWE,Sweden,sc Heerenveen,SC Heerenveen,0.75,
fm_16995,eafc_3685,Sergio Santos,2001-01-03,Sergio Santos,1994-09-04,ESP,Brazil,Mirandés,Cincinnati,0.75,
fm_15362,eafc_6645,Anderson,1997-11-21,Anderson,1998-01-03,BRA,Brazil,VTSC,Austria Lustenau,0.75,
fm_16408,eafc_3631,Steve Shamal,1996-02-22,S. Shamal,1996-02-22,FRA,France,FC Annecy,Annecy,0.75,
fm_3238,eafc_4724,Niklas Landgraf,1996-03-01,N. Landgraf,1996-03-01,GER,Germany,Hallescher FC,Hallescher FC,0.75,
fm_10185,eafc_7527,Morato,1992-09-01,Morato,2001-06-30,BRA,Brazil,Al-Khaleej (KSA),Benfica,0.75,
fm_16306,eafc_6324,Steeve Beusnard,1992-06-27,S. Beusnard,1992-06-27,FRA,France,Pau FC,Pau,0.75,
fm_10564,eafc_11431,Wang Peng,1997-11-16,Wang Peng,1993-01-24,CHN,China PR,GZ City,Cangzhou Mighty Lions,0.75,
fm_2328,eafc_6618,Felix Nmecha,2000-10-10,F. Nmecha,2000-10-10,GER,Germany,VfL Wolfsburg,Borussia Dortmund,0.75,
fm_11628,eafc_1074,Jack Cork,1989-06-25,J. Cork,1989-06-25,ENG,England,Burnley,Burnley,0.75,
fm_17140,eafc_10422,Ivane Chegra,2004-03-03,I. Chegra,2004-03-03,FRA,Algeria,AC Ajaccio,Ajaccio,0.75,
fm_10038,eafc_1232,Odion Ighalo,1989-06-16,O. Ighalo,1989-06-16,NGA,Nigeria,Al-Hilal (KSA),Al Wahda,0.75,
fm_1169,eafc_2977,Kevin Molino,1990-06-17,K. Molino,1990-06-17,TRI,Trinidad and Tobago,Columbus,Columbus Crew,0.75,
fm_10855,eafc_11705,Wang Hao,2001-11-20,Wang Hao,2002-06-01,CHN,China PR,CD Rongcheng,Qingdao Hainiu,0.75,
fm_1196,eafc_4610,Samuel Grandsir,1996-08-14,S. Grandsir,1996-08-14,FRA,France,LA Galaxy,Le Havre,0.75,
fm_2056,eafc_1982,Virgil Misidjan,1993-07-24,V. Misidjan,1993-07-24,NED,Netherlands,FC Twente,Al Tai,0.75,
fm_10034,eafc_3913,Matheus Pereira,1996-05-05,Matheus Pereira,1998-02-25,BRA,Brazil,Al-Hilal (KSA),SD Eibar,0.75,
fm_11280,eafc_5719,Luis Díaz,1997-01-13,L. Díaz,1997-01-13,COL,Colombia,Liverpool,Liverpool,0.75,
fm_4609,eafc_8372,Ismaël Kandouss,1997-11-12,I. Kandouss,1997-11-12,FRA,Morocco,Union SG,Gent,0.75,
fm_11815,eafc_7349,Elliot Anderson,2002-11-06,E. Anderson,2002-11-06,SCO,Scotland,Newcastle,Newcastle United,0.75,
fm_4000,eafc_3381,Damon Mirani,1996-05-13,D. Mirani,1996-05-13,NED,Netherlands,FC Volendam,FC Volendam,0.75,
fm_2580,eafc_1942,Kevin Müller,1991-03-15,K. Müller,1991-03-15,GER,Germany,Heidenheim,Heidenheim,0.75,
fm_6843,eafc_9332,Bruno Amione,2002-01-03,B. Amione,2002-01-03,ARG,Argentina,Sampdoria,Hellas Verona,0.75,
fm_9673,eafc_4620,Samba Camara,1992-11-14,S. Camara,1992-11-14,MLI,Mali,Sivasspor,Sivasspor,0.75,
fm_14294,eafc_6674,Víctor Ruiz,1989-01-25,Víctor Ruiz,1993-11-02,ESP,Spain,Real Hispalis,Al Fayha,0.75,
fm_6211,eafc_1321,Giacomo Bonaventura,1989-08-22,G. Bonaventura,1989-08-22,ITA,Italy,Fiorentina,Fiorentina,0.7631578947368421,
fm_3751,eafc_6895,Marcel Hoffmeier,1999-07-15,M. Hoffmeier,1999-07-15,GER,Germany,Paderborn,Paderborn,0.765625,
fm_6099,eafc_5277,Merih Demiral,1998-03-05,M. Demiral,1998-03-05,TUR,Turkey,Atalanta,Al Ahli Jeddah,0.7692307692307692,
fm_15785,eafc_7270,Toni Datkovic,1993-11-06,T. Datković,1993-11-06,CRO,Croatia,Cartagena,Albacete,0.7692307692307692,
fm_15711,eafc_6521,Ilija Vukotić,1999-01-07,I. Vukotić,1999-01-07,MNE,Montenegro,BVT,Boavista,0.7692307692307692,
fm_6859,eafc_1800,Kévin Vinetot,1988-06-14,K. Vinetot,1988-06-14,FRA,France,Südtirol,Südtirol,0.7692307692307692,
fm_1884,eafc_2588,Janik Haberer,1994-04-02,J. Haberer,1994-04-02,GER,Germany,Union Berlin,FC Union Berlin,0.7692307692307692,
fm_6711,eafc_6480,Luis Binks,2001-09-02,L. Binks,2001-09-02,ENG,England,Como,Coventry City,0.7749999999999999,
fm_11735,eafc_1969,Bobby Decordova-Reid,1993-02-02,B. De Cordova-Reid,1993-02-02,JAM,Jamaica,Fulham,Fulham,0.7749999999999999,
fm_16204,eafc_5178,Alex Dobre,1998-08-30,A. Dobre,1998-08-30,ROU,Romania,Dijon FCO,Famalicão,0.7749999999999999,
fm_9743,eafc_1902,Ziya Erdal,1988-01-05,Z. Erdal,1988-01-05,TUR,Turkey,Sivasspor,Sivasspor,0.7749999999999999,
fm_12078,eafc_4492,Ebou Adams,1996-01-15,E. Adams,1996-01-15,GAM,Gambia,Cardiff,Cardiff City,0.7749999999999999,
fm_11546,eafc_4580,Rasmus Kristensen,1997-07-11,R. Kristensen,1997-07-11,DEN,Denmark,Leeds,Roma,0.7794117647058822,
fm_7177,eafc_6032,Adrian Benedyczak,2000-11-24,A. Benedyczak,2000-11-24,POL,Poland,Parma,Parma,0.7794117647058822,
fm_1485,eafc_9790,Nick Markanich,1999-12-26,A. Markanich,1999-12-26,USA,United States,Cincinnati,Saint Louis City,0.7857142857142857,
fm_1137,eafc_6366,Diego Palacios,1999-07-12,D. Palacios,1999-07-12,ECU,Ecuador,LAFC,Los Angeles FC,0.7857142857142857,
fm_13053,eafc_8828,Dylan Williams,2003-09-13,D. Williams,2003-09-13,ENG,England,Chelsea,Chelsea,0.7857142857142857,
fm_9509,eafc_6095,Majid Hosseini,1996-06-20,M. Hosseini,1996-06-20,IRN,Iran,Kayserispor,Kayserispor,0.7857142857142857,
fm_1424,eafc_3048,Jimmy Medranda,1994-02-07,J. Medranda,1994-02-07,COL,Colombia,Seattle,Columbus Crew,0.7857142857142857,
fm_2042,eafc_6234,Filip Benković,1997-07-13,F. Benković,1997-07-13,CRO,Croatia,Braunschweig,Trabzonspor,0.7857142857142857,
fm_16097,eafc_6035,Yanis Begraoui,2001-07-04,Y. Begraoui,2001-07-04,FRA,France,Toulouse FC,Toulouse,0.7857142857142857,
fm_14782,eafc_4998,Darko Brašanac,1992-02-12,D. Brašanac,1992-02-12,SRB,Serbia,Atlético Pamplona,Osasuna,0.7857142857142857,
fm_2862,eafc_7174,Jamie Leweling,2001-02-26,J. Leweling,2001-02-26,GER,Germany,Union Berlin,VfB Stuttgart,0.7857142857142857,
fm_7072,eafc_8946,Simone Canestrelli,2000-09-11,S. Canestrelli,2000-09-11,ITA,Italy,Pisa,Pisa,0.7916666666666666,
fm_14136,eafc_1296,Robert Lewandowski,1988-08-21,R. Lewandowski,1988-08-21,POL,Poland,Barcelona,FC Barcelona,0.7916666666666666,
fm_3771,eafc_8578,Arne Schulz,2003-03-23,A. Schulz,2003-03-23,GER,Germany,Arminia Bielefeld,Paderborn,0.7954545454545454,
fm_12342,eafc_2045,Matt Ingram,1993-12-18,M. Ingram,1993-12-18,ENG,England,Hull,Hull City,0.7954545454545454,
fm_3534,eafc_4785,Nico Rieble,1995-08-22,N. Rieble,1995-08-22,GER,Germany,SV Wehen Wiesbaden,Wehen Wiesbaden,0.7954545454545454,
fm_2570,eafc_5253,Aron Dønnum,1998-04-20,A. Dønnum,1998-04-20,NOR,Norway,Standard,Toulouse,0.7954545454545454,
fm_2397,eafc_8153,Yorbe Vertessen,2001-01-08,Y. Vertessen,2001-01-08,BEL,Belgium,PSV,PSV,0.8,
fm_6610,eafc_2211,Mario Sampirisi,1992-10-31,M. Sampirisi,1992-10-31,ITA,Italy,Frosinone,Reggiana,0.8,
fm_2097,eafc_3178,Miloš Veljković,1995-09-26,M. Veljković,1995-09-26,SRB,Serbia,SV Werder,Werder Bremen,0.8,
fm_3712,eafc_8844,Jonas Oehmichen,2004-03-03,J. Oehmichen,2004-03-03,GER,Germany,Dynamo Dresden,Dynamo Dresden,0.8,
fm_16332,eafc_9408,Iván Gil,2000-11-30,Iván Gil,2000-01-18,ESP,Spain,F.C. Andorra,FC Andorra,0.8,
fm_9606,eafc_10118,Marlon,1997-05-20,Marlon,1997-09-15,BRA,Brazil,Ankaragücü,Gil Vicente,0.8,
fm_4595,eafc_9310,Julian Eitschberger,2004-03-05,J. Eitschberger,2004-03-05,GER,Germany,Hertha Berlin,Hallescher FC,0.8026315789473685,
fm_9899,eafc_9894,Berkan Küpelikılınç,2003-01-14,B. Küpelikılınç,2003-01-14,GER,Germany,Gaziantep FK,Gaziantep F.K.,0.8026315789473685,
fm_6933,eafc_4804,Emil Bohinen,1999-03-12,E. Bohinen,1999-03-12,NOR,Norway,Salernitana,Salernitana,0.8125,
fm_3277,eafc_1705,Boné Uaferro,1992-01-04,B. Uaferro,1992-01-04,MOZ,Germany,1. FC Saarbrücken,Saarbrücken,0.8125,
fm_2208,eafc_4617,Hugo Cuypers,1997-02-07,H. Cuypers,1997-02-07,BEL,Belgium,AA Gent,Gent,0.8125,
fm_2002,eafc_1251,Roman Neustädter,1988-02-18,R. Neustädter,1988-02-18,RUS,Russia,Westerlo,Westerlo,0.8125,
fm_11713,eafc_1540,Adam Forshaw,1991-10-08,A. Forshaw,1991-10-08,ENG,England,Leeds,Norwich City,0.8125,
fm_16067,eafc_5576,Malik Tchokounté,1988-09-11,M. Tchokounté,1988-09-11,FRA,France,Nîmes,Laval,0.8125,
fm_16651,eafc_7961,Andy Pembélé,2000-07-04,A. Pembélé,2000-07-04,FRA,France,Rodez AF,Paris,0.8125,
fm_6168,eafc_3414,Adam Marušić,1992-10-17,A. Marušić,1992-10-17,MNE,Montenegro,Lazio,Lazio,0.8125,
fm_2694,eafc_8026,Mees Hilgers,2001-05-13,M. Hilgers,2001-05-13,NED,Netherlands,FC Twente,FC Twente,0.8125,
fm_3420,eafc_4642,Gino Fechner,1997-09-05,G. Fechner,1997-09-05,GER,Germany,SV Wehen Wiesbaden,Wehen Wiesbaden,0.8125,
fm_14356,eafc_4602,Robin Le Normand,1996-11-11,R. Le Normand,1996-11-11,FRA,Spain,Real San Sebastián,Real Sociedad,0.8125,
fm_3878,eafc_5490,Lars Bünning,1998-02-27,L. Bünning,1998-02-27,GER,Germany,Kaiserslautern,Dynamo Dresden,0.8125,
fm_2632,eafc_3081,Paweł Bochniewicz,1996-01-30,P. Bochniewicz,1996-01-30,POL,Poland,sc Heerenveen,SC Heerenveen,0.8235294117647058,
fm_11318,eafc_3179,Donny van de Beek,1997-04-18,D. van de Beek,1997-04-18,NED,Netherlands,Man UFC,Manchester United,0.8235294117647058,
fm_2020,eafc_3249,Lukas Klostermann,1996-06-03,L. Klostermann,1996-06-03,GER,Germany,RB Leipzig,RB Leipzig,0.8235294117647058,
fm_6157,eafc_3074,Hans Hateboer,1994-01-09,H. Hateboer,1994-01-09,NED,Netherlands,Atalanta,Atalanta,0.8269230769230769,
fm_3478,eafc_9992,Iman Griffith,2001-12-02,I. Griffith,2001-12-02,NED,Netherlands,AZ,Fortuna Sittard,0.8269230769230769,
fm_1878,eafc_5060,Jiří Pavlenka,1992-04-14,J. Pavlenka,1992-04-14,CZE,Czech Republic,SV Werder,Werder Bremen,0.8269230769230769,
fm_1708,eafc_9123,Will Richmond,2000-04-06,W. Richmond,2000-04-06,USA,United States,San Jose,San Jose Earthquakes,0.8269230769230769,
fm_1744,eafc_9152,Niko Tsakiris,2005-06-19,N. Tsakiris,2005-06-19,USA,United States,San Jose,San Jose Earthquakes,0.8269230769230769,
fm_14372,eafc_3184,Uroš Đurđević,1994-03-02,U. Đurđević,1994-03-02,MNE,Montenegro,S. Gijón,Sporting Gijón,0.8269230769230769,
fm_3445,eafc_4560,Finn Stokkers,1996-04-18,F. Stokkers,1996-04-18,NED,Netherlands,Go Ahead Eagles,Go Ahead Eagles,0.8269230769230769,
fm_11351,eafc_5036,Yves Bissouma,1996-08-30,Y. Bissouma,1996-08-30,MLI,Mali,Tottenham,Tottenham Hotspur,0.8269230769230769,
fm_3095,eafc_3526,Julian Günther-Schmidt,1994-09-13,J. Günther-Schmidt,1994-09-13,GER,Germany,1. FC Saarbrücken,Saarbrücken,0.8295454545454546,
fm_7178,eafc_10002,Duccio Degli Innocenti,2003-04-28,D. Degli Innocenti,2003-04-28,ITA,Italy,Empoli,Lecco,0.8295454545454546,
fm_6422,eafc_5378,Žan Majer,1992-07-25,Ž. Majer,1992-07-25,SVN,Slovenia,Reggina,Cremonese,0.8333333333333334,
fm_15330,eafc_4776,Yan Eteki,1997-08-26,Y. Eteki,1997-08-26,CMR,Cameroon,Casa Pia,Alcorcón,0.8333333333333334,
fm_5475,eafc_10992,Leo Sahin,2005-10-30,L. Sahin,2005-10-30,FRA,France,1. FC Saarbrücken,Saarbrücken,0.8333333333333334,
fm_1217,eafc_3208,Ben Sweat,1991-09-04,B. Sweat,1991-09-04,USA,United States,Sporting KC,New England,0.8333333333333334,
fm_11474,eafc_5535,Saša Kalajdžić,1997-07-07,S. Kalajdžić,1997-07-07,AUT,Austria,Wolves,Wolverhampton Wanderers,0.8392857142857143,
fm_9763,eafc_4915,Utku Yuvakuran,1997-11-02,U. Yuvakuran,1997-11-02,TUR,Turkey,Beşiktaş,Beşiktaş,0.8392857142857143,
fm_2315,eafc_1383,Tony Jantschke,1990-04-07,T. Jantschke,1990-04-07,GER,Germany,Borussia M'gladbach,Borussia Mönchengladbach,0.8392857142857143,
fm_3140,eafc_3974,Nico Antonitsch,1991-09-30,N. Antonitsch,1991-09-30,AUT,Austria,FC Ingolstadt 04,Elversberg,0.8500000000000001,
fm_14883,eafc_3394,Paul Bernardoni,1997-04-18,P. Bernardoni,1997-04-18,FRA,France,Angers SCO,Konyaspor,0.8500000000000001,
fm_1535,eafc_6695,Sam Junqua,1996-11-09,S. Junqua,1996-11-09,USA,United States,Houston,Dallas,0.8500000000000001,
fm_14967,eafc_5012,Yan Valery,1999-02-22,Y. Valery,1999-02-22,TUN,Tunisia,Angers SCO,Angers SCO,0.8500000000000001,
fm_2450,eafc_8155,Peer Koopmeiners,2000-05-04,P. Koopmeiners,2000-05-04,NED,Netherlands,AZ,Almere City,0.859375,
fm_3069,eafc_8545,Fynn Lakenmacher,2000-05-10,F. Lakenmacher,2000-05-10,GER,Germany,1860 München,1860 München,0.859375,
fm_16057,eafc_7133,Hugo Vandermersch,1999-05-05,H. Vandermersch,1999-05-05,FRA,France,SM Caen,Elversberg,0.8676470588235294,
fm_14498,eafc_7023,David Carmo,1999-07-17,David Carmo,1999-07-19,POR,Portugal,FC Porto,Porto,0.875,
fm_3714,eafc_5315,Leo Weinkauf,1996-07-07,L. Weinkauf,1996-07-07,GER,Germany,Hannover,Hannover 96,0.875,
fm_14677,eafc_3814,Jeff Reine-Adélaïde,1998-01-17,J. Reine-Adélaïde,1998-01-17,FRA,France,OL,RWDM,0.881578947368421,
fm_3583,eafc_7055,Ted Tattermusch,2001-05-08,T. Tattermusch,2001-05-08,GER,Germany,Borussia Dortmund II,Borussia Dortmund II,0.9,
fm_15902,eafc_6576,Álvaro Vallés,1997-07-25,Álvaro Valles,1997-07-25,ESP,Spain,Las Palmas,Las Palmas,0.9423076923076923,
fm_11425,eafc_3674,Hwang Hee-Chan,1996-01-26,Hwang Hee Chan,1996-01-26,KOR,Korea Republic,Wolves,Wolverhampton Wanderers,0.9464285714285714,
